lead_id,source,industry,company_size,website_visits,pages_viewed,demo_requested,email_opens,days_since_signup,sales_touchpoints,converted
1,Outbound,Finance,Mid-Market,4,11,0,3,31,1,1
2,Organic,Manufacturing,SMB,8,7,0,3,51,1,0
3,Webinar,Healthcare,SMB,1,2,0,3,4,3,0
4,Organic,Retail,Mid-Market,7,5,0,1,48,2,0
5,Referral,SaaS,Mid-Market,4,6,0,4,27,2,0
6,Organic,Finance,SMB,3,8,1,4,48,1,0
7,Referral,Manufacturing,Mid-Market,6,7,0,1,28,1,0
8,Webinar,Manufacturing,SMB,4,4,1,0,38,1,0
9,Paid Search,Finance,Enterprise,3,6,0,2,42,3,1
10,Outbound,Retail,Mid-Market,5,5,0,2,3,1,0
11,Webinar,Healthcare,SMB,4,7,0,7,56,1,0
12,Paid Search,Retail,SMB,5,4,0,4,56,2,1
13,Referral,Finance,SMB,6,6,0,3,25,0,1
14,Webinar,SaaS,SMB,2,8,0,5,37,2,1
15,Webinar,Retail,Mid-Market,3,8,0,1,46,3,0
16,Outbound,Manufacturing,SMB,3,8,0,6,40,2,0
17,Organic,Retail,Mid-Market,3,6,0,4,10,2,0
18,Webinar,Healthcare,Mid-Market,6,7,1,5,35,1,1
19,Organic,SaaS,Mid-Market,3,3,0,2,18,0,0
20,Outbound,Finance,SMB,1,10,0,1,51,2,0
21,Organic,Retail,Mid-Market,4,7,1,1,59,4,1
22,Outbound,Manufacturing,SMB,4,8,0,2,37,0,0
23,Paid Search,Retail,Mid-Market,3,10,0,3,59,2,1
24,Outbound,Retail,Mid-Market,4,6,0,4,50,0,1
25,Referral,SaaS,Enterprise,5,8,1,3,42,2,1
26,Paid Search,Manufacturing,Mid-Market,1,8,0,1,22,4,1
27,Paid Search,SaaS,Mid-Market,5,7,0,3,59,4,1
28,Referral,Healthcare,SMB,2,7,0,2,56,2,0
29,Paid Search,Manufacturing,Mid-Market,4,5,0,2,44,1,1
30,Referral,SaaS,SMB,4,7,0,3,54,1,0
31,Organic,SaaS,Mid-Market,5,9,0,2,7,2,0
32,Organic,Healthcare,Mid-Market,5,6,0,2,13,5,0
33,Outbound,SaaS,SMB,3,6,0,8,31,0,0
34,Referral,Retail,Mid-Market,5,8,0,6,57,0,1
35,Paid Search,Healthcare,Mid-Market,4,4,0,2,60,0,0
36,Organic,Healthcare,Enterprise,6,2,0,2,52,0,0
37,Organic,SaaS,Mid-Market,4,6,0,2,17,3,0
38,Organic,Finance,Enterprise,3,2,0,1,6,2,0
39,Paid Search,SaaS,Mid-Market,6,2,0,4,9,0,1
40,Referral,Retail,Mid-Market,8,5,0,2,30,1,1
41,Webinar,Healthcare,Mid-Market,6,5,0,4,19,0,0
42,Webinar,Retail,Enterprise,2,6,1,3,20,1,0
43,Paid Search,Manufacturing,Enterprise,6,4,1,3,36,2,0
44,Organic,Finance,Mid-Market,2,3,0,3,44,2,0
45,Paid Search,Manufacturing,Enterprise,1,7,0,3,27,0,0
46,Paid Search,Finance,Mid-Market,2,4,0,6,9,2,0
47,Referral,Healthcare,SMB,9,7,0,2,7,2,0
48,Paid Search,SaaS,Enterprise,2,6,0,3,19,1,1
49,Referral,Manufacturing,Mid-Market,6,8,0,4,16,1,0
50,Organic,Retail,Enterprise,6,10,0,3,49,3,0
51,Organic,Manufacturing,SMB,4,6,1,3,28,3,1
52,Webinar,SaaS,Mid-Market,4,2,0,3,46,4,0
53,Outbound,Healthcare,SMB,3,7,0,1,6,2,1
54,Webinar,Manufacturing,SMB,2,6,0,5,31,0,0
55,Webinar,Retail,SMB,4,5,0,3,10,1,0
56,Webinar,Finance,Enterprise,6,9,0,2,54,0,0
57,Paid Search,Finance,SMB,4,6,0,7,14,0,0
58,Webinar,Finance,SMB,8,1,0,2,32,2,1
59,Referral,SaaS,Enterprise,4,8,0,8,29,0,0
60,Paid Search,Manufacturing,SMB,2,4,0,3,37,2,0
61,Paid Search,Retail,Mid-Market,2,3,0,2,56,1,0
62,Outbound,Retail,Enterprise,3,6,0,2,48,0,1
63,Organic,Manufacturing,Mid-Market,2,6,0,3,42,3,1
64,Webinar,SaaS,Mid-Market,1,6,0,2,45,1,1
65,Outbound,SaaS,Enterprise,1,6,0,4,16,1,1
66,Paid Search,Retail,SMB,2,4,0,1,20,3,0
67,Webinar,Finance,Mid-Market,5,8,0,5,51,2,0
68,Paid Search,SaaS,SMB,5,8,0,5,7,5,0
69,Referral,Retail,Enterprise,2,6,1,2,20,0,0
70,Referral,Manufacturing,Mid-Market,3,5,0,5,20,1,0
71,Organic,SaaS,Enterprise,5,9,1,4,37,0,1
72,Paid Search,SaaS,SMB,7,4,0,2,9,0,1
73,Paid Search,Manufacturing,Enterprise,4,11,0,3,28,2,0
74,Paid Search,Finance,Enterprise,2,10,0,5,8,4,0
75,Referral,Manufacturing,Mid-Market,5,3,0,5,60,2,0
76,Referral,Manufacturing,Enterprise,3,7,0,3,18,0,1
77,Referral,SaaS,SMB,3,8,1,0,46,3,1
78,Paid Search,SaaS,Mid-Market,6,8,0,7,22,3,0
79,Referral,Manufacturing,Enterprise,5,8,0,3,33,4,0
80,Paid Search,Retail,SMB,5,4,0,6,11,0,0
81,Organic,Finance,Mid-Market,3,4,1,4,18,3,0
82,Paid Search,SaaS,SMB,6,7,0,3,16,4,1
83,Referral,Healthcare,SMB,5,3,0,4,30,1,0
84,Organic,Manufacturing,Mid-Market,6,5,0,2,17,2,0
85,Referral,SaaS,Enterprise,4,6,0,1,3,2,0
86,Paid Search,SaaS,SMB,2,9,0,1,44,5,1
87,Organic,Healthcare,SMB,6,5,0,5,40,3,1
88,Paid Search,Finance,Mid-Market,4,3,0,1,33,3,0
89,Paid Search,Retail,Mid-Market,1,10,0,1,15,3,1
90,Organic,Healthcare,SMB,2,7,0,2,17,2,0
91,Webinar,Healthcare,SMB,1,6,0,3,41,3,0
92,Webinar,Retail,Enterprise,3,8,0,5,46,3,0
93,Organic,Manufacturing,SMB,4,8,0,2,3,0,0
94,Referral,SaaS,Mid-Market,9,4,0,5,20,1,1
95,Organic,SaaS,Enterprise,4,7,0,4,11,4,0
96,Paid Search,Retail,SMB,5,6,0,5,19,3,1
97,Webinar,Manufacturing,SMB,7,2,0,4,46,3,0
98,Referral,SaaS,Mid-Market,2,3,0,3,50,0,0
99,Organic,Manufacturing,Mid-Market,6,6,0,6,9,1,0
100,Organic,Healthcare,Mid-Market,2,4,0,2,35,3,0
101,Paid Search,SaaS,SMB,4,5,0,3,54,2,0
102,Outbound,SaaS,Mid-Market,3,6,0,2,2,0,0
103,Organic,Healthcare,Enterprise,4,7,0,2,41,3,1
104,Paid Search,Retail,SMB,5,8,0,5,32,4,0
105,Organic,Retail,SMB,4,10,1,2,53,1,0
106,Webinar,Healthcare,SMB,5,3,0,1,27,2,0
107,Paid Search,Healthcare,Mid-Market,6,7,0,3,51,0,0
108,Paid Search,Manufacturing,Mid-Market,2,4,1,3,6,3,1
109,Paid Search,SaaS,Mid-Market,4,7,0,4,2,1,1
110,Webinar,Manufacturing,Enterprise,2,8,1,3,18,4,1
111,Paid Search,Healthcare,SMB,2,7,0,1,47,1,0
112,Organic,Finance,SMB,7,6,0,1,27,1,0
113,Webinar,Retail,Mid-Market,8,6,0,0,55,1,1
114,Paid Search,Healthcare,Mid-Market,10,2,0,5,60,2,0
115,Organic,Healthcare,Mid-Market,5,4,0,2,18,4,0
116,Organic,Healthcare,Mid-Market,4,6,0,4,46,1,1
117,Referral,SaaS,SMB,4,4,0,1,21,3,1
118,Outbound,Healthcare,Enterprise,4,4,0,2,2,2,0
119,Paid Search,Retail,Mid-Market,4,4,1,5,24,1,1
120,Paid Search,Finance,Mid-Market,5,7,0,5,11,2,0
121,Referral,Retail,Mid-Market,4,7,0,3,26,2,0
122,Outbound,Manufacturing,SMB,5,9,0,3,4,1,0
123,Outbound,Manufacturing,SMB,7,4,0,4,1,3,0
124,Paid Search,Manufacturing,Enterprise,3,3,0,3,41,0,0
125,Paid Search,Healthcare,SMB,6,8,0,4,44,2,0
126,Paid Search,SaaS,Mid-Market,5,6,0,1,7,2,0
127,Organic,SaaS,SMB,3,5,0,2,12,2,0
128,Webinar,Healthcare,Mid-Market,5,8,1,4,4,2,1
129,Outbound,Finance,Mid-Market,3,9,0,4,3,4,1
130,Paid Search,Manufacturing,Enterprise,3,4,1,5,35,2,1
131,Webinar,Manufacturing,SMB,3,5,0,2,55,4,0
132,Webinar,Healthcare,Enterprise,4,5,0,2,38,4,0
133,Paid Search,Retail,SMB,5,5,1,1,24,0,0
134,Outbound,Retail,SMB,7,4,0,3,55,3,0
135,Outbound,Retail,Enterprise,4,12,0,3,46,3,0
136,Outbound,Manufacturing,SMB,6,7,1,3,5,3,1
137,Paid Search,SaaS,SMB,4,4,0,2,13,2,1
138,Organic,Finance,SMB,1,10,0,2,10,4,0
139,Webinar,Retail,SMB,3,5,1,3,14,1,0
140,Outbound,Retail,SMB,4,6,0,3,47,3,0
141,Referral,Healthcare,Mid-Market,4,10,0,2,58,3,1
142,Paid Search,Retail,Mid-Market,4,2,0,2,30,1,0
143,Outbound,Retail,Enterprise,3,4,0,5,34,2,1
144,Outbound,Retail,SMB,4,2,0,3,13,0,0
145,Paid Search,Finance,Mid-Market,5,4,1,0,40,4,0
146,Outbound,Manufacturing,Mid-Market,4,3,1,3,7,1,1
147,Paid Search,Retail,Mid-Market,4,4,0,1,58,0,0
148,Organic,SaaS,Mid-Market,4,12,0,3,21,3,1
149,Organic,Finance,Enterprise,0,6,0,2,28,1,0
150,Paid Search,Finance,Mid-Market,6,5,0,2,56,1,0
151,Paid Search,Retail,SMB,4,4,1,1,35,4,0
152,Organic,Finance,SMB,5,6,0,3,48,3,0
153,Organic,Healthcare,SMB,3,4,0,1,35,2,0
154,Webinar,Finance,Mid-Market,10,4,0,4,43,0,0
155,Organic,Retail,Mid-Market,5,4,1,8,19,1,1
156,Organic,Retail,SMB,6,7,0,2,9,2,0
157,Outbound,Manufacturing,Mid-Market,3,6,0,4,9,3,0
158,Organic,Healthcare,SMB,10,8,0,6,37,2,1
159,Paid Search,Retail,SMB,5,9,0,3,47,2,0
160,Organic,Retail,Enterprise,7,10,0,2,51,3,1
161,Referral,Retail,SMB,4,3,0,1,22,4,0
162,Organic,Healthcare,SMB,3,8,0,1,10,3,0
163,Webinar,Manufacturing,Mid-Market,3,4,0,3,31,0,0
164,Organic,SaaS,SMB,3,4,0,3,15,2,0
165,Outbound,SaaS,Mid-Market,1,10,0,2,45,2,0
166,Referral,Retail,SMB,5,7,0,0,7,3,0
167,Paid Search,Manufacturing,SMB,5,6,0,1,18,0,0
168,Paid Search,Healthcare,Mid-Market,6,3,0,4,20,2,0
169,Paid Search,Retail,SMB,4,5,0,3,7,3,0
170,Paid Search,Healthcare,SMB,2,10,0,4,32,2,0
171,Outbound,SaaS,Enterprise,5,7,0,1,28,1,0
172,Paid Search,Retail,Enterprise,6,5,0,3,59,2,1
173,Paid Search,Manufacturing,Enterprise,5,9,0,3,54,1,0
174,Webinar,Manufacturing,Enterprise,6,5,0,4,13,0,0
175,Organic,SaaS,SMB,7,4,0,1,26,1,0
176,Organic,Manufacturing,Mid-Market,1,5,0,2,12,0,0
177,Outbound,SaaS,SMB,1,4,0,2,17,3,0
178,Referral,Healthcare,Mid-Market,2,5,0,2,33,3,0
179,Paid Search,Retail,Enterprise,5,9,0,3,36,3,1
180,Outbound,SaaS,SMB,3,3,1,2,52,3,0
181,Referral,Finance,SMB,6,6,0,3,39,1,1
182,Paid Search,Finance,Mid-Market,2,3,0,2,28,1,0
183,Organic,SaaS,SMB,2,4,1,4,53,2,0
184,Referral,SaaS,SMB,3,6,1,2,3,3,1
185,Paid Search,Finance,SMB,8,8,0,2,47,4,0
186,Referral,Finance,Mid-Market,4,7,0,1,34,1,0
187,Paid Search,Finance,Enterprise,4,5,0,3,11,1,0
188,Referral,Retail,SMB,4,7,0,3,31,1,1
189,Paid Search,SaaS,Mid-Market,3,5,1,1,3,2,1
190,Paid Search,Retail,Mid-Market,3,6,0,3,23,1,0
191,Organic,Retail,SMB,6,7,0,2,19,4,1
192,Organic,Finance,Mid-Market,4,4,0,4,20,4,1
193,Paid Search,Finance,SMB,1,6,0,2,46,3,0
194,Outbound,Retail,Enterprise,4,13,0,1,18,0,0
195,Referral,SaaS,SMB,5,9,0,3,28,1,1
196,Organic,SaaS,SMB,4,8,0,0,56,1,0
197,Referral,Finance,SMB,11,8,0,1,36,3,0
198,Paid Search,SaaS,SMB,6,6,0,1,59,1,0
199,Organic,Finance,SMB,2,6,0,8,34,2,0
200,Paid Search,SaaS,SMB,4,8,0,2,14,2,0
201,Organic,Finance,Mid-Market,8,9,1,3,46,0,0
202,Webinar,Healthcare,Mid-Market,4,4,0,3,15,1,0
203,Webinar,Retail,SMB,6,6,0,0,46,1,0
204,Paid Search,Retail,SMB,7,4,0,4,58,0,1
205,Webinar,Manufacturing,SMB,3,7,0,2,43,2,0
206,Paid Search,Healthcare,SMB,4,8,0,5,20,0,0
207,Outbound,Finance,Enterprise,2,10,0,5,6,1,1
208,Webinar,Healthcare,Mid-Market,3,7,0,6,60,3,0
209,Paid Search,Finance,Mid-Market,1,2,0,5,50,1,0
210,Paid Search,SaaS,SMB,4,6,0,6,22,5,1
211,Paid Search,Retail,Enterprise,3,13,0,5,6,2,0
212,Referral,SaaS,Enterprise,3,6,0,2,46,2,0
213,Organic,Retail,Mid-Market,4,6,0,1,33,2,0
214,Organic,Retail,SMB,4,6,1,0,7,2,1
215,Paid Search,Finance,SMB,6,7,0,0,18,0,0
216,Referral,Retail,Mid-Market,3,9,0,4,55,3,0
217,Organic,Finance,Enterprise,3,8,1,2,10,2,1
218,Outbound,Finance,Enterprise,9,8,0,3,42,1,0
219,Organic,Manufacturing,Enterprise,7,5,1,1,25,1,0
220,Webinar,Healthcare,Enterprise,7,3,0,6,25,0,0
221,Organic,Healthcare,SMB,3,4,0,5,58,2,0
222,Referral,Manufacturing,Enterprise,6,8,1,5,32,3,1
223,Organic,Retail,SMB,0,2,0,3,30,1,1
224,Referral,Manufacturing,SMB,2,12,0,4,46,3,1
225,Organic,Finance,Mid-Market,1,3,0,2,14,1,0
226,Referral,Healthcare,Mid-Market,5,7,0,1,54,2,0
227,Organic,Healthcare,SMB,5,2,0,9,43,1,0
228,Referral,Finance,Mid-Market,4,8,0,3,5,3,1
229,Organic,SaaS,Enterprise,3,6,0,4,23,3,0
230,Outbound,SaaS,SMB,4,3,0,4,8,9,1
231,Referral,Healthcare,SMB,4,6,0,4,46,1,0
232,Paid Search,Finance,Enterprise,2,5,0,3,31,2,0
233,Organic,Manufacturing,SMB,4,4,0,4,43,4,1
234,Paid Search,SaaS,Mid-Market,2,11,0,1,21,0,1
235,Outbound,Manufacturing,SMB,2,5,1,5,12,0,0
236,Paid Search,Finance,Enterprise,5,11,1,4,26,1,1
237,Outbound,SaaS,SMB,3,3,0,1,41,2,0
238,Organic,Healthcare,Enterprise,1,10,0,4,20,5,1
239,Paid Search,Healthcare,Enterprise,9,7,0,5,50,1,0
240,Outbound,Finance,Mid-Market,3,7,0,3,21,0,1
241,Paid Search,SaaS,Mid-Market,1,7,0,2,36,1,1
242,Organic,SaaS,Enterprise,3,9,0,4,46,2,1
243,Webinar,Healthcare,Enterprise,5,9,0,2,51,2,0
244,Webinar,Manufacturing,Enterprise,2,5,0,5,19,0,0
245,Organic,SaaS,SMB,4,6,0,4,54,2,0
246,Referral,Finance,SMB,5,6,0,2,36,0,0
247,Outbound,Finance,Mid-Market,5,4,0,1,53,1,0
248,Paid Search,Manufacturing,SMB,7,10,0,3,40,3,0
249,Organic,SaaS,SMB,1,7,0,5,9,2,0
250,Outbound,Retail,Mid-Market,5,8,0,4,33,2,0
251,Paid Search,Retail,Enterprise,6,12,0,0,32,0,0
252,Referral,SaaS,SMB,5,9,0,2,16,4,0
253,Webinar,Finance,SMB,6,4,0,5,28,1,1
254,Organic,SaaS,SMB,7,3,0,1,53,2,0
255,Organic,Manufacturing,SMB,4,6,0,2,44,1,0
256,Webinar,Retail,Enterprise,4,7,1,4,4,1,1
257,Webinar,SaaS,Mid-Market,4,7,0,2,32,1,0
258,Paid Search,Finance,Mid-Market,2,7,0,0,22,0,0
259,Referral,SaaS,Mid-Market,2,5,0,5,54,1,1
260,Outbound,Healthcare,Mid-Market,7,6,1,1,43,3,0
261,Referral,Retail,Mid-Market,6,6,0,5,28,3,1
262,Outbound,Manufacturing,Enterprise,5,6,0,3,55,2,1
263,Webinar,SaaS,Mid-Market,2,10,0,1,12,2,0
264,Referral,Retail,SMB,1,10,0,5,12,2,0
265,Paid Search,Finance,Enterprise,2,4,0,2,49,1,0
266,Paid Search,Finance,SMB,4,5,0,2,26,2,1
267,Paid Search,SaaS,Mid-Market,4,10,0,1,7,2,0
268,Paid Search,Retail,Mid-Market,2,7,0,3,54,2,0
269,Referral,Healthcare,SMB,3,3,0,2,54,3,0
270,Organic,Healthcare,SMB,1,3,0,0,54,2,1
271,Organic,Healthcare,Enterprise,3,5,0,3,9,4,1
272,Referral,SaaS,Mid-Market,3,3,1,4,11,0,0
273,Referral,Healthcare,Mid-Market,2,7,1,3,23,1,1
274,Paid Search,SaaS,Mid-Market,6,3,1,2,37,1,0
275,Organic,SaaS,SMB,6,7,0,3,23,0,0
276,Organic,Retail,SMB,4,13,0,3,7,3,0
277,Outbound,SaaS,Enterprise,2,6,0,4,25,1,0
278,Paid Search,Manufacturing,SMB,1,3,0,4,43,1,0
279,Organic,Retail,SMB,1,8,1,1,58,2,0
280,Organic,Manufacturing,Enterprise,3,6,0,4,12,4,1
281,Webinar,Healthcare,Mid-Market,4,7,1,4,49,1,1
282,Organic,Manufacturing,Mid-Market,7,6,0,6,54,1,0
283,Paid Search,Retail,SMB,10,10,0,2,52,4,0
284,Paid Search,Finance,Mid-Market,2,9,1,1,5,1,1
285,Referral,SaaS,Mid-Market,5,9,0,3,44,0,0
286,Outbound,SaaS,SMB,3,7,0,3,49,2,1
287,Referral,Healthcare,Mid-Market,4,7,0,2,14,2,0
288,Organic,Retail,Enterprise,4,7,0,0,56,2,1
289,Webinar,Healthcare,Enterprise,3,4,0,3,13,2,0
290,Webinar,Finance,SMB,2,6,0,0,26,5,0
291,Webinar,SaaS,Mid-Market,2,3,0,4,38,2,0
292,Organic,Retail,SMB,10,4,0,8,1,4,1
293,Outbound,Manufacturing,SMB,3,7,0,0,43,1,0
294,Referral,Manufacturing,Enterprise,5,10,0,3,52,2,1
295,Referral,Manufacturing,SMB,6,4,0,1,50,1,0
296,Referral,SaaS,SMB,2,6,1,3,38,0,1
297,Referral,Finance,SMB,7,8,0,1,17,4,1
298,Paid Search,SaaS,Mid-Market,2,5,0,2,30,0,0
299,Organic,Healthcare,Mid-Market,4,9,0,2,24,1,0
300,Referral,Finance,Mid-Market,3,6,0,4,30,1,0
301,Referral,Manufacturing,Mid-Market,5,4,1,4,50,4,1
302,Referral,Healthcare,SMB,7,8,0,1,39,3,0
303,Paid Search,Finance,SMB,4,2,0,2,18,1,0
304,Paid Search,Finance,SMB,7,4,0,4,38,1,1
305,Webinar,Manufacturing,SMB,3,8,1,2,21,2,1
306,Referral,Healthcare,SMB,5,6,0,0,7,0,0
307,Outbound,Manufacturing,Mid-Market,4,5,1,3,59,1,1
308,Paid Search,SaaS,Mid-Market,5,2,1,4,42,0,1
309,Referral,SaaS,SMB,4,12,0,1,15,2,1
310,Paid Search,Finance,SMB,7,5,0,1,47,2,0
311,Referral,SaaS,Mid-Market,3,8,0,3,16,3,1
312,Organic,Finance,SMB,4,13,1,5,44,1,1
313,Referral,Manufacturing,SMB,2,8,0,6,12,3,0
314,Webinar,Healthcare,SMB,1,4,1,3,53,3,0
315,Webinar,Finance,Enterprise,6,5,0,3,8,1,0
316,Referral,Finance,Mid-Market,3,7,1,0,25,0,0
317,Paid Search,Healthcare,SMB,8,5,0,4,52,2,0
318,Organic,Healthcare,SMB,3,8,0,2,14,5,0
319,Paid Search,Finance,SMB,7,5,1,7,36,4,1
320,Organic,SaaS,SMB,4,10,0,3,21,0,0
321,Webinar,Manufacturing,SMB,4,7,0,6,9,1,0
322,Outbound,Manufacturing,Enterprise,6,8,1,4,48,2,0
323,Paid Search,Healthcare,SMB,3,9,0,2,36,3,1
324,Organic,SaaS,Mid-Market,2,3,0,2,54,1,0
325,Referral,Retail,Enterprise,6,12,0,3,40,3,1
326,Paid Search,Manufacturing,Enterprise,3,13,1,3,32,1,0
327,Outbound,SaaS,Enterprise,0,6,1,4,46,0,1
328,Webinar,SaaS,Enterprise,7,9,0,4,60,2,1
329,Organic,Healthcare,Mid-Market,2,3,0,1,19,0,0
330,Referral,Healthcare,Enterprise,4,6,0,7,7,0,1
331,Paid Search,SaaS,Mid-Market,2,7,0,4,38,3,0
332,Webinar,Finance,Mid-Market,5,6,0,3,45,2,0
333,Referral,Retail,SMB,5,5,0,1,14,3,1
334,Organic,Healthcare,SMB,2,2,0,5,13,1,0
335,Paid Search,SaaS,SMB,7,5,0,3,1,7,1
336,Outbound,Finance,SMB,3,12,0,1,1,3,1
337,Referral,SaaS,SMB,6,6,0,0,2,0,1
338,Paid Search,Finance,Mid-Market,4,5,0,1,6,2,0
339,Organic,SaaS,SMB,1,9,0,4,49,1,0
340,Webinar,Finance,Mid-Market,4,5,0,2,53,6,0
341,Organic,Healthcare,Mid-Market,5,4,0,4,60,3,0
342,Referral,Manufacturing,SMB,4,8,0,1,49,1,1
343,Outbound,Healthcare,Mid-Market,1,3,0,5,41,2,0
344,Webinar,Healthcare,SMB,4,6,0,1,55,1,0
345,Organic,SaaS,SMB,3,9,0,5,43,1,1
346,Paid Search,Finance,Enterprise,5,10,0,6,47,2,1
347,Outbound,Retail,SMB,2,4,0,5,16,0,0
348,Paid Search,Finance,SMB,6,5,0,4,8,4,0
349,Referral,Healthcare,Mid-Market,4,11,0,4,30,3,1
350,Outbound,Finance,Mid-Market,7,9,1,2,55,4,1
351,Paid Search,Retail,Enterprise,6,8,0,2,17,2,0
352,Organic,Healthcare,Mid-Market,4,5,0,6,9,2,0
353,Webinar,Retail,SMB,3,6,0,2,56,0,0
354,Outbound,SaaS,Enterprise,6,8,0,2,37,2,0
355,Paid Search,SaaS,Enterprise,6,7,0,2,35,0,0
356,Referral,Manufacturing,SMB,4,7,0,3,39,0,1
357,Webinar,Manufacturing,SMB,6,4,0,1,45,0,0
358,Organic,Healthcare,Mid-Market,7,4,0,3,10,0,1
359,Referral,Healthcare,Enterprise,8,5,0,7,55,0,0
360,Paid Search,Retail,SMB,5,8,0,3,18,1,1
361,Referral,SaaS,SMB,3,4,0,0,57,5,0
362,Webinar,Finance,Mid-Market,7,5,0,5,42,1,0
363,Organic,Retail,SMB,5,7,0,1,57,1,0
364,Organic,Healthcare,Mid-Market,3,5,1,1,53,2,0
365,Referral,Healthcare,SMB,4,4,1,3,55,1,0
366,Outbound,Retail,SMB,5,5,1,3,8,2,0
367,Organic,Retail,SMB,0,6,0,4,19,0,0
368,Outbound,Healthcare,Mid-Market,6,4,0,4,11,1,0
369,Outbound,Retail,SMB,5,4,0,3,46,2,0
370,Webinar,Retail,Mid-Market,3,2,0,2,22,5,0
371,Referral,Manufacturing,Enterprise,6,8,0,4,56,0,1
372,Referral,Manufacturing,SMB,5,9,0,7,45,2,0
373,Referral,Manufacturing,Mid-Market,2,7,0,4,19,3,1
374,Webinar,Manufacturing,Mid-Market,2,7,0,4,60,1,0
375,Organic,Healthcare,Enterprise,6,2,0,3,30,1,0
376,Webinar,Manufacturing,SMB,3,4,1,4,52,1,1
377,Organic,Finance,Mid-Market,4,6,1,3,58,1,1
378,Referral,Finance,SMB,5,7,0,1,36,2,0
379,Paid Search,Manufacturing,SMB,3,5,0,0,2,2,0
380,Referral,Retail,SMB,5,2,0,3,46,1,0
381,Paid Search,Retail,Enterprise,1,4,0,4,14,3,0
382,Organic,Healthcare,Mid-Market,3,7,0,7,12,3,0
383,Referral,Manufacturing,Enterprise,4,6,0,0,28,2,0
384,Paid Search,SaaS,Enterprise,3,5,1,7,14,1,0
385,Referral,Finance,Enterprise,5,10,0,2,44,2,0
386,Paid Search,Healthcare,SMB,5,3,0,2,36,1,0
387,Referral,SaaS,SMB,5,5,0,2,57,4,1
388,Webinar,SaaS,Mid-Market,4,3,0,2,10,1,1
389,Organic,Healthcare,Enterprise,0,9,0,5,56,3,1
390,Referral,Healthcare,Mid-Market,2,6,0,2,14,4,1
391,Outbound,Manufacturing,Mid-Market,7,3,0,4,46,2,0
392,Outbound,Retail,Mid-Market,4,6,0,1,3,3,0
393,Organic,Manufacturing,SMB,2,8,0,3,59,1,0
394,Paid Search,Healthcare,Mid-Market,6,6,0,5,23,3,0
395,Webinar,Healthcare,SMB,2,5,0,3,45,1,0
396,Paid Search,Retail,Mid-Market,5,6,0,5,10,1,0
397,Webinar,Healthcare,SMB,4,3,0,2,27,0,0
398,Organic,Finance,Mid-Market,1,6,0,3,20,1,0
399,Paid Search,Manufacturing,Enterprise,3,5,0,4,8,3,0
400,Organic,SaaS,Mid-Market,9,4,0,2,33,2,1
401,Webinar,SaaS,SMB,2,5,0,0,5,2,1
402,Organic,Finance,Enterprise,7,7,0,4,2,2,1
403,Organic,SaaS,Mid-Market,3,4,0,2,29,0,0
404,Referral,Manufacturing,SMB,5,4,1,1,30,2,1
405,Organic,Retail,Mid-Market,7,6,0,1,51,2,0
406,Paid Search,SaaS,SMB,5,4,0,6,50,4,1
407,Referral,Finance,Mid-Market,3,2,0,3,52,3,0
408,Organic,Retail,Mid-Market,4,6,0,6,25,3,1
409,Webinar,Healthcare,Mid-Market,4,6,0,3,12,0,0
410,Webinar,Retail,SMB,1,12,0,0,47,1,0
411,Organic,Finance,SMB,3,10,0,5,33,2,0
412,Webinar,Healthcare,SMB,5,6,0,3,39,2,0
413,Referral,Finance,Mid-Market,2,2,0,7,34,2,0
414,Referral,Healthcare,SMB,2,5,0,1,48,2,0
415,Outbound,Healthcare,Mid-Market,7,7,0,3,45,1,0
416,Organic,Retail,SMB,3,9,0,2,7,1,0
417,Paid Search,SaaS,Mid-Market,4,8,0,2,60,0,0
418,Webinar,Manufacturing,Enterprise,5,3,1,1,36,1,0
419,Outbound,Manufacturing,Mid-Market,7,3,0,3,18,3,0
420,Paid Search,Healthcare,SMB,2,5,1,2,21,0,0
421,Referral,Retail,SMB,4,6,0,3,47,2,0
422,Paid Search,Finance,SMB,3,8,0,7,5,3,1
423,Paid Search,SaaS,Mid-Market,1,5,0,0,29,0,0
424,Referral,SaaS,Enterprise,5,8,0,9,5,1,1
425,Webinar,Healthcare,Enterprise,3,3,0,4,55,2,1
426,Referral,Manufacturing,Enterprise,5,3,0,0,16,2,0
427,Paid Search,Healthcare,SMB,2,9,0,1,24,4,0
428,Paid Search,Finance,Mid-Market,4,10,0,2,34,2,1
429,Webinar,Retail,Mid-Market,3,9,0,1,18,2,0
430,Organic,Finance,Enterprise,3,2,0,3,51,2,0
431,Organic,Finance,Enterprise,5,10,0,2,12,2,0
432,Paid Search,SaaS,Enterprise,6,7,0,2,29,2,0
433,Organic,SaaS,Mid-Market,2,5,0,6,15,3,0
434,Outbound,SaaS,Mid-Market,5,4,0,5,44,3,0
435,Outbound,SaaS,SMB,9,5,0,7,6,2,1
436,Referral,Manufacturing,SMB,3,1,0,2,58,1,1
437,Referral,SaaS,Enterprise,1,1,0,2,22,2,0
438,Referral,Healthcare,Enterprise,1,6,1,1,13,4,1
439,Organic,Manufacturing,Mid-Market,1,6,1,4,10,5,0
440,Paid Search,SaaS,SMB,7,10,0,3,38,2,1
441,Paid Search,Manufacturing,SMB,4,4,1,1,18,1,0
442,Organic,Healthcare,Enterprise,4,4,0,2,59,7,1
443,Outbound,Finance,Mid-Market,8,6,0,2,52,1,0
444,Paid Search,Healthcare,Mid-Market,4,6,1,6,4,2,1
445,Paid Search,Healthcare,Mid-Market,2,4,0,1,13,3,1
446,Organic,Finance,SMB,1,7,0,0,20,4,0
447,Paid Search,SaaS,SMB,2,5,1,1,50,1,1
448,Outbound,Finance,SMB,4,7,0,2,22,3,1
449,Paid Search,Finance,SMB,2,7,1,4,26,1,1
450,Referral,Finance,Mid-Market,3,4,1,6,60,1,0
451,Outbound,Manufacturing,SMB,1,4,0,2,26,4,0
452,Referral,SaaS,SMB,5,5,0,2,8,1,0
453,Webinar,SaaS,Mid-Market,2,4,0,3,25,4,0
454,Paid Search,SaaS,SMB,6,6,0,4,51,7,1
455,Webinar,Retail,Mid-Market,4,8,0,4,9,0,1
456,Organic,Finance,SMB,3,4,0,5,11,1,0
457,Webinar,Manufacturing,Mid-Market,1,9,0,1,33,3,0
458,Organic,Healthcare,Mid-Market,4,8,0,1,19,3,1
459,Paid Search,Finance,Mid-Market,5,8,0,1,37,2,1
460,Outbound,Manufacturing,Mid-Market,6,8,0,1,52,2,0
461,Webinar,Healthcare,Enterprise,5,2,0,1,38,5,1
462,Referral,Finance,Mid-Market,2,3,1,3,5,4,1
463,Paid Search,Healthcare,Enterprise,7,3,0,3,51,2,1
464,Paid Search,Finance,Mid-Market,3,13,0,3,28,3,0
465,Referral,SaaS,Enterprise,1,5,0,9,24,1,0
466,Paid Search,Manufacturing,SMB,4,7,0,2,24,2,0
467,Referral,Manufacturing,SMB,5,5,0,4,39,2,1
468,Webinar,Healthcare,Mid-Market,1,6,0,2,4,2,0
469,Organic,Healthcare,SMB,3,6,0,4,17,1,0
470,Referral,Retail,Mid-Market,6,8,0,4,2,2,0
471,Outbound,SaaS,SMB,6,6,0,0,55,0,0
472,Paid Search,Retail,SMB,7,9,0,3,56,0,0
473,Webinar,Finance,Mid-Market,0,9,0,3,1,2,0
474,Organic,Retail,SMB,1,3,0,5,13,3,1
475,Paid Search,Retail,SMB,1,1,1,4,46,5,1
476,Outbound,Retail,SMB,6,8,0,6,12,3,0
477,Referral,Healthcare,SMB,0,4,0,3,49,2,0
478,Outbound,SaaS,Mid-Market,5,6,0,4,18,1,0
479,Referral,Retail,SMB,3,6,0,1,17,3,0
480,Organic,Retail,SMB,3,11,0,1,33,1,0
481,Organic,SaaS,Enterprise,3,5,0,2,30,2,0
482,Outbound,Finance,SMB,3,6,0,5,29,1,0
483,Organic,SaaS,Mid-Market,3,4,0,6,8,2,1
484,Webinar,Retail,Enterprise,5,4,1,2,44,2,1
485,Referral,SaaS,SMB,2,5,0,0,1,2,0
486,Outbound,SaaS,SMB,5,6,0,4,39,0,0
487,Outbound,SaaS,Mid-Market,4,4,0,4,57,4,1
488,Paid Search,Finance,SMB,5,5,1,2,57,5,1
489,Organic,Finance,Enterprise,6,1,0,4,6,0,1
490,Webinar,Healthcare,SMB,4,3,1,9,42,0,0
491,Paid Search,Finance,Mid-Market,5,5,0,2,59,1,1
492,Organic,Healthcare,SMB,2,4,0,5,37,2,0
493,Outbound,Manufacturing,SMB,4,5,0,3,14,1,0
494,Referral,Retail,SMB,5,9,0,4,11,0,1
495,Webinar,Manufacturing,SMB,2,5,0,4,25,3,0
496,Organic,Healthcare,Mid-Market,9,8,0,5,14,1,1
497,Paid Search,Retail,Mid-Market,3,7,1,2,8,4,1
498,Webinar,SaaS,Enterprise,3,5,0,4,42,2,1
499,Outbound,Manufacturing,SMB,1,6,0,3,49,3,0
500,Paid Search,Healthcare,Enterprise,3,5,0,0,36,1,0
501,Paid Search,Retail,Mid-Market,2,6,1,3,3,3,1
502,Webinar,Manufacturing,Mid-Market,5,6,0,2,51,2,1
503,Organic,SaaS,SMB,6,11,0,5,39,3,1
504,Organic,Manufacturing,SMB,6,6,0,3,42,2,1
505,Webinar,Finance,Mid-Market,3,5,0,1,55,4,1
506,Outbound,Manufacturing,Mid-Market,3,8,0,2,28,1,0
507,Webinar,Finance,Mid-Market,4,6,0,3,24,4,0
508,Organic,Healthcare,Mid-Market,4,5,0,1,7,1,0
509,Paid Search,Retail,SMB,3,11,0,3,17,1,0
510,Outbound,Finance,Enterprise,4,3,0,2,58,3,1
511,Referral,SaaS,SMB,8,7,1,5,22,1,1
512,Organic,Finance,Mid-Market,6,8,0,3,15,2,0
513,Webinar,Manufacturing,Mid-Market,9,8,0,5,7,0,0
514,Organic,Finance,SMB,5,6,1,0,59,0,0
515,Organic,Finance,Mid-Market,1,4,0,0,47,1,0
516,Organic,Manufacturing,Enterprise,2,5,0,2,7,2,0
517,Outbound,SaaS,SMB,2,9,0,3,46,4,1
518,Organic,Healthcare,Enterprise,0,5,0,7,24,4,0
519,Paid Search,Finance,SMB,3,4,0,4,46,1,0
520,Referral,Finance,Enterprise,1,3,0,3,26,2,0
521,Organic,SaaS,SMB,7,7,0,4,25,3,0
522,Webinar,Healthcare,SMB,2,6,0,5,31,2,0
523,Organic,SaaS,SMB,4,6,0,4,28,1,0
524,Outbound,Healthcare,SMB,5,4,0,2,18,2,0
525,Paid Search,Finance,SMB,3,5,0,6,32,3,0
526,Referral,Healthcare,SMB,5,4,1,7,16,1,1
527,Referral,Healthcare,Mid-Market,3,6,0,1,37,0,0
528,Organic,Retail,SMB,8,7,0,4,8,2,0
529,Organic,Retail,SMB,5,5,0,1,52,3,0
530,Webinar,Manufacturing,SMB,3,7,0,3,8,2,1
531,Paid Search,Finance,SMB,6,7,0,0,16,5,1
532,Paid Search,Finance,SMB,3,9,0,2,7,1,0
533,Paid Search,SaaS,SMB,4,2,0,2,19,4,0
534,Outbound,Healthcare,SMB,5,3,0,6,21,1,1
535,Organic,Manufacturing,SMB,9,6,0,3,31,0,0
536,Paid Search,Manufacturing,SMB,4,5,1,3,49,0,1
537,Outbound,Finance,Mid-Market,2,4,0,1,8,2,0
538,Organic,Manufacturing,SMB,1,4,0,3,39,0,0
539,Paid Search,Healthcare,SMB,6,12,0,3,22,0,0
540,Referral,Finance,SMB,1,5,0,1,58,2,0
541,Paid Search,Finance,SMB,3,4,0,5,9,2,0
542,Outbound,Healthcare,Mid-Market,3,5,1,2,13,1,0
543,Organic,Finance,Mid-Market,2,6,0,1,36,2,0
544,Organic,Retail,Mid-Market,6,9,0,4,29,2,0
545,Organic,Manufacturing,Mid-Market,0,11,0,8,36,0,1
546,Paid Search,Healthcare,Enterprise,6,3,1,3,14,3,1
547,Organic,Finance,SMB,4,5,0,2,7,2,0
548,Paid Search,Manufacturing,SMB,6,8,0,3,28,2,1
549,Outbound,Retail,Mid-Market,4,6,1,3,39,1,0
550,Organic,SaaS,Enterprise,6,9,0,6,29,4,1
551,Paid Search,SaaS,Mid-Market,4,2,0,1,51,1,1
552,Outbound,Finance,Mid-Market,5,1,1,3,36,2,1
553,Referral,Retail,SMB,3,9,0,4,10,3,0
554,Outbound,Finance,Enterprise,3,5,0,4,40,4,0
555,Outbound,Finance,SMB,10,9,0,2,13,2,0
556,Paid Search,Healthcare,SMB,4,4,0,3,3,2,1
557,Webinar,Healthcare,SMB,6,10,0,1,14,3,1
558,Referral,SaaS,Enterprise,4,7,0,2,13,3,1
559,Organic,Healthcare,SMB,4,6,0,3,19,1,0
560,Webinar,Manufacturing,SMB,5,3,0,2,31,1,0
561,Organic,SaaS,Mid-Market,3,4,0,0,56,1,0
562,Organic,SaaS,Enterprise,4,7,0,5,9,2,0
563,Paid Search,SaaS,SMB,5,1,0,1,27,0,0
564,Referral,SaaS,SMB,5,3,0,3,10,2,1
565,Organic,Healthcare,Enterprise,4,9,0,4,12,3,0
566,Paid Search,Manufacturing,Mid-Market,4,3,0,2,56,1,0
567,Webinar,Finance,Mid-Market,6,7,0,4,6,3,0
568,Referral,Finance,SMB,4,5,0,2,7,0,0
569,Referral,Finance,SMB,8,8,0,3,18,0,0
570,Outbound,Finance,Mid-Market,2,4,0,5,60,1,0
571,Paid Search,Retail,Mid-Market,0,5,0,1,13,1,0
572,Organic,Healthcare,Mid-Market,2,10,0,5,25,0,0
573,Paid Search,Finance,Mid-Market,3,4,0,1,33,0,0
574,Paid Search,Healthcare,Enterprise,5,3,0,3,12,3,0
575,Webinar,Manufacturing,SMB,3,3,0,4,38,1,0
576,Webinar,Healthcare,Mid-Market,2,4,0,1,2,0,0
577,Referral,Retail,Enterprise,6,3,0,3,55,6,1
578,Organic,Manufacturing,Mid-Market,5,7,0,3,3,1,0
579,Paid Search,Healthcare,SMB,7,3,1,2,48,4,0
580,Outbound,Finance,SMB,6,7,0,4,45,4,1
581,Paid Search,Finance,Mid-Market,6,5,0,5,36,1,0
582,Outbound,Healthcare,SMB,3,2,0,4,41,2,0
583,Outbound,Healthcare,SMB,8,4,0,1,9,3,0
584,Organic,SaaS,Mid-Market,4,4,0,4,5,5,1
585,Outbound,Retail,Mid-Market,5,6,0,2,45,2,1
586,Organic,Manufacturing,Mid-Market,4,4,1,1,2,1,0
587,Paid Search,Finance,Mid-Market,4,9,0,6,28,1,1
588,Paid Search,Manufacturing,Enterprise,2,5,0,2,37,2,1
589,Outbound,Finance,Enterprise,2,5,0,5,9,6,0
590,Paid Search,Healthcare,Enterprise,6,5,0,4,22,3,0
591,Paid Search,Retail,Enterprise,2,2,0,3,7,1,0
592,Outbound,Retail,Enterprise,5,4,0,6,48,0,1
593,Organic,Manufacturing,Enterprise,5,2,0,2,6,3,0
594,Paid Search,Manufacturing,Mid-Market,4,11,0,4,33,2,0
595,Paid Search,Finance,Mid-Market,4,3,0,6,59,4,0
596,Organic,SaaS,SMB,2,9,1,2,51,1,0
597,Referral,Healthcare,SMB,4,9,0,2,26,2,1
598,Organic,SaaS,SMB,2,3,0,1,59,1,0
599,Paid Search,Healthcare,SMB,7,7,0,2,12,1,0
600,Webinar,Manufacturing,SMB,0,4,0,4,45,3,0
601,Paid Search,Finance,SMB,4,4,1,3,17,3,0
602,Paid Search,Retail,SMB,3,4,0,0,1,1,0
603,Paid Search,SaaS,Mid-Market,3,5,1,0,46,2,0
604,Organic,Retail,SMB,0,6,1,2,3,2,0
605,Webinar,Healthcare,Mid-Market,4,3,0,6,29,2,0
606,Referral,Retail,Mid-Market,4,3,0,4,40,0,0
607,Organic,Finance,SMB,2,10,0,4,2,4,0
608,Organic,Finance,SMB,4,6,0,3,54,2,0
609,Paid Search,Retail,Mid-Market,5,5,1,3,59,1,1
610,Paid Search,SaaS,SMB,7,4,1,1,37,2,1
611,Referral,Retail,Mid-Market,2,9,0,2,45,2,0
612,Paid Search,Retail,SMB,8,2,0,4,57,2,0
613,Paid Search,Retail,SMB,4,3,1,2,49,3,1
614,Referral,Healthcare,SMB,3,5,1,3,2,2,1
615,Referral,Healthcare,Mid-Market,3,6,0,5,33,1,0
616,Paid Search,Retail,Mid-Market,4,6,0,4,16,0,1
617,Outbound,Manufacturing,Enterprise,6,7,1,3,31,2,1
618,Referral,Manufacturing,SMB,3,1,0,4,52,3,0
619,Webinar,SaaS,Mid-Market,2,4,1,1,49,5,1
620,Outbound,Retail,SMB,4,7,0,1,22,2,1
621,Referral,Finance,Enterprise,1,5,0,4,46,4,0
622,Webinar,SaaS,SMB,4,7,0,4,31,2,0
623,Referral,Healthcare,Mid-Market,1,6,0,2,17,3,0
624,Referral,Finance,Mid-Market,2,6,0,2,6,2,1
625,Paid Search,Healthcare,Enterprise,4,5,0,1,54,6,1
626,Paid Search,SaaS,Enterprise,5,7,0,3,28,2,0
627,Paid Search,SaaS,Mid-Market,1,9,0,1,57,2,1
628,Paid Search,SaaS,SMB,3,6,0,5,58,4,0
629,Paid Search,Healthcare,Mid-Market,3,10,0,2,43,3,1
630,Referral,Retail,Enterprise,9,4,0,7,55,1,0
631,Organic,Healthcare,Mid-Market,1,3,0,0,39,4,0
632,Paid Search,Finance,Mid-Market,2,3,0,7,15,0,0
633,Referral,SaaS,SMB,4,7,0,4,45,4,0
634,Organic,Healthcare,SMB,3,5,0,6,56,2,0
635,Organic,Healthcare,SMB,4,3,1,3,42,1,0
636,Referral,Healthcare,SMB,3,4,0,2,43,2,0
637,Organic,SaaS,SMB,2,7,0,1,39,5,0
638,Outbound,Manufacturing,SMB,5,6,0,4,11,0,0
639,Organic,Finance,Mid-Market,1,4,0,2,43,5,0
640,Organic,Finance,SMB,4,7,0,0,4,1,0
641,Referral,SaaS,Mid-Market,1,8,0,4,58,3,0
642,Referral,SaaS,Enterprise,4,9,0,7,19,1,0
643,Organic,Manufacturing,Enterprise,3,6,0,2,8,3,0
644,Paid Search,Manufacturing,Mid-Market,2,8,0,4,60,0,1
645,Referral,Healthcare,Enterprise,3,3,0,3,58,1,0
646,Paid Search,SaaS,SMB,2,11,0,1,38,0,0
647,Webinar,Finance,Mid-Market,7,12,1,4,48,1,0
648,Organic,Retail,Mid-Market,6,4,0,3,17,0,0
649,Outbound,Manufacturing,Enterprise,3,6,0,3,38,2,1
650,Organic,Manufacturing,SMB,3,6,0,5,13,0,0
651,Outbound,Retail,Mid-Market,4,7,0,1,15,1,0
652,Referral,SaaS,Mid-Market,3,5,0,1,18,3,1
653,Referral,Healthcare,Enterprise,4,9,0,4,2,0,1
654,Paid Search,Retail,SMB,6,12,1,0,46,1,0
655,Organic,Retail,SMB,6,6,1,6,3,2,1
656,Referral,SaaS,Mid-Market,4,1,0,2,10,0,0
657,Outbound,Healthcare,Enterprise,4,8,1,1,37,2,1
658,Referral,Finance,Enterprise,3,7,0,1,31,5,1
659,Webinar,Retail,SMB,3,5,0,2,46,1,0
660,Paid Search,Finance,Mid-Market,4,5,0,3,37,1,0
661,Webinar,Healthcare,Enterprise,5,8,0,0,46,2,0
662,Outbound,SaaS,Mid-Market,6,6,0,3,38,0,0
663,Paid Search,SaaS,Enterprise,2,4,0,2,4,2,0
664,Referral,Healthcare,Mid-Market,4,7,1,5,11,0,0
665,Paid Search,SaaS,Enterprise,3,8,0,3,42,5,1
666,Paid Search,Manufacturing,Mid-Market,3,6,0,6,42,1,0
667,Organic,Finance,SMB,4,6,0,1,45,3,0
668,Organic,Healthcare,SMB,4,6,0,4,27,0,0
669,Webinar,Finance,SMB,5,10,0,3,22,2,0
670,Organic,Finance,SMB,7,8,0,2,17,1,1
671,Webinar,SaaS,Mid-Market,8,6,0,4,55,3,1
672,Referral,Retail,SMB,0,6,0,5,5,1,0
673,Webinar,Healthcare,SMB,3,3,0,0,20,3,0
674,Paid Search,Retail,SMB,2,10,0,2,49,2,1
675,Webinar,Retail,Mid-Market,3,10,0,3,16,1,0
676,Referral,Manufacturing,SMB,4,4,0,4,54,2,0
677,Referral,Healthcare,SMB,4,8,0,2,20,2,0
678,Referral,Healthcare,Mid-Market,3,1,0,5,47,3,1
679,Referral,Finance,Mid-Market,5,6,1,4,44,1,1
680,Webinar,Manufacturing,SMB,2,10,0,2,8,0,0
681,Outbound,Healthcare,Enterprise,2,11,0,4,33,3,0
682,Referral,Retail,Mid-Market,3,6,0,6,14,1,0
683,Referral,Manufacturing,Mid-Market,5,5,0,3,26,3,1
684,Referral,Healthcare,Enterprise,3,5,1,5,22,1,0
685,Referral,Finance,Mid-Market,5,5,0,3,21,1,0
686,Outbound,Manufacturing,SMB,5,8,0,3,21,3,1
687,Organic,Healthcare,Mid-Market,1,9,0,3,51,1,0
688,Webinar,SaaS,Mid-Market,1,8,0,3,7,1,0
689,Organic,Healthcare,SMB,4,10,0,1,60,0,0
690,Outbound,SaaS,Mid-Market,5,5,0,3,18,1,0
691,Webinar,SaaS,Mid-Market,6,7,0,6,2,2,0
692,Referral,Retail,Mid-Market,4,4,0,1,14,6,1
693,Outbound,Finance,Enterprise,3,6,0,0,37,1,0
694,Referral,SaaS,Mid-Market,6,2,0,7,38,3,0
695,Organic,Manufacturing,SMB,3,5,0,4,40,2,0
696,Paid Search,Finance,SMB,4,6,0,7,34,1,1
697,Outbound,Manufacturing,Enterprise,5,7,1,4,53,1,0
698,Organic,Healthcare,Mid-Market,5,7,0,6,35,4,0
699,Organic,SaaS,Enterprise,3,8,0,3,50,2,0
700,Outbound,Healthcare,SMB,4,8,0,2,35,2,0
701,Organic,SaaS,SMB,5,7,0,2,29,1,0
702,Organic,Finance,Enterprise,7,4,1,6,15,4,1
703,Organic,Finance,Mid-Market,5,9,0,2,51,0,1
704,Outbound,Finance,Enterprise,4,5,0,2,25,2,1
705,Organic,Manufacturing,SMB,3,8,1,3,48,2,1
706,Webinar,Manufacturing,Mid-Market,3,3,0,1,38,2,0
707,Webinar,Manufacturing,Mid-Market,7,9,0,0,44,2,1
708,Paid Search,Retail,SMB,5,6,0,2,30,1,0
709,Paid Search,Retail,SMB,6,3,0,3,35,1,0
710,Outbound,Healthcare,Mid-Market,6,5,0,3,44,3,0
711,Organic,Retail,SMB,2,7,0,2,15,3,1
712,Organic,SaaS,Mid-Market,7,6,0,2,50,4,0
713,Organic,Finance,SMB,4,3,0,1,28,4,0
714,Referral,Retail,Mid-Market,8,6,1,1,25,1,1
715,Paid Search,SaaS,Mid-Market,4,7,0,3,2,2,0
716,Outbound,Manufacturing,SMB,3,5,0,4,29,1,1
717,Webinar,SaaS,Mid-Market,2,7,0,3,48,4,1
718,Paid Search,SaaS,SMB,1,5,0,5,8,0,0
719,Outbound,Retail,Enterprise,7,6,0,1,16,6,1
720,Referral,Healthcare,SMB,2,13,0,4,38,0,0
721,Paid Search,Finance,Mid-Market,6,4,0,2,60,2,0
722,Paid Search,SaaS,Enterprise,6,6,0,2,48,1,0
723,Paid Search,Finance,Mid-Market,2,3,1,4,5,2,1
724,Referral,Retail,SMB,4,6,0,9,9,2,0
725,Outbound,Retail,Enterprise,1,8,0,1,20,1,0
726,Outbound,Finance,Mid-Market,4,7,0,5,17,1,0
727,Referral,Finance,Enterprise,5,3,0,4,26,1,0
728,Paid Search,Healthcare,SMB,6,7,0,1,2,1,1
729,Paid Search,Retail,Mid-Market,6,10,0,3,10,3,1
730,Outbound,Finance,SMB,3,10,0,3,14,1,0
731,Webinar,Manufacturing,Mid-Market,5,4,0,5,31,1,0
732,Paid Search,SaaS,Enterprise,4,3,0,5,38,0,1
733,Paid Search,Manufacturing,Mid-Market,8,6,0,4,51,4,1
734,Paid Search,Retail,SMB,4,4,1,4,57,1,1
735,Outbound,SaaS,Mid-Market,3,6,0,3,53,1,0
736,Referral,SaaS,Enterprise,4,7,0,4,59,0,0
737,Paid Search,SaaS,Enterprise,4,6,0,4,21,3,1
738,Paid Search,Healthcare,Mid-Market,3,6,0,1,14,1,0
739,Referral,SaaS,Enterprise,5,7,1,4,37,2,1
740,Organic,Manufacturing,Enterprise,2,7,0,1,39,2,1
741,Outbound,Manufacturing,SMB,3,4,0,4,10,1,1
742,Referral,Finance,Mid-Market,5,7,0,3,51,0,1
743,Paid Search,SaaS,Enterprise,5,7,1,2,17,3,1
744,Webinar,SaaS,SMB,5,3,0,6,31,4,0
745,Outbound,Manufacturing,Mid-Market,4,2,0,4,41,3,1
746,Organic,Healthcare,Enterprise,5,6,0,4,32,2,0
747,Organic,SaaS,Mid-Market,1,5,0,6,12,3,1
748,Outbound,Retail,SMB,11,4,0,3,19,2,1
749,Outbound,Manufacturing,Mid-Market,5,3,0,2,44,5,1
750,Webinar,Manufacturing,SMB,1,7,0,1,26,3,0
751,Paid Search,Finance,SMB,2,8,1,4,57,1,1
752,Paid Search,Finance,Enterprise,4,8,0,3,2,1,0
753,Outbound,Retail,SMB,4,7,0,2,31,2,0
754,Organic,Healthcare,SMB,4,6,0,5,28,5,0
755,Outbound,SaaS,Mid-Market,7,8,1,2,39,2,0
756,Organic,Healthcare,SMB,6,10,0,3,4,1,0
757,Outbound,Retail,Mid-Market,3,5,0,1,19,0,1
758,Outbound,Manufacturing,Enterprise,4,1,0,5,48,6,0
759,Organic,SaaS,SMB,3,4,0,3,20,2,0
760,Outbound,SaaS,SMB,2,9,0,5,43,2,0
761,Webinar,SaaS,Enterprise,6,7,1,4,10,2,1
762,Outbound,Finance,SMB,2,7,0,1,37,4,0
763,Outbound,Manufacturing,SMB,3,2,0,5,46,3,0
764,Outbound,Finance,Enterprise,6,6,1,5,19,2,1
765,Paid Search,Finance,Enterprise,4,6,0,5,14,2,0
766,Paid Search,Manufacturing,SMB,5,6,0,5,1,2,1
767,Paid Search,Manufacturing,Enterprise,6,3,0,4,14,2,0
768,Organic,Retail,Enterprise,3,5,1,3,47,1,0
769,Paid Search,Retail,SMB,5,5,0,1,57,1,1
770,Organic,Healthcare,Enterprise,5,9,0,5,34,1,0
771,Paid Search,Finance,Mid-Market,3,4,0,7,58,5,1
772,Webinar,Manufacturing,Mid-Market,5,8,0,3,9,3,0
773,Organic,Manufacturing,Mid-Market,2,7,0,4,44,0,1
774,Organic,SaaS,Mid-Market,4,9,0,10,36,6,0
775,Outbound,Retail,SMB,6,11,0,2,45,2,0
776,Referral,Manufacturing,Mid-Market,6,6,0,2,3,1,1
777,Webinar,Retail,Mid-Market,0,3,0,2,58,1,0
778,Paid Search,Manufacturing,Enterprise,4,2,0,7,49,2,0
779,Webinar,Retail,Enterprise,5,4,0,3,56,3,1
780,Organic,Manufacturing,SMB,1,2,0,2,59,1,1
781,Outbound,Retail,Enterprise,4,6,0,1,16,0,0
782,Webinar,SaaS,SMB,5,7,0,4,39,2,1
783,Organic,Retail,SMB,4,1,0,2,59,1,0
784,Referral,SaaS,SMB,4,6,0,1,2,1,1
785,Organic,Manufacturing,SMB,2,4,0,1,9,1,0
786,Paid Search,Finance,SMB,7,7,0,1,46,2,0
787,Webinar,Manufacturing,Mid-Market,3,4,0,5,22,3,0
788,Referral,Retail,SMB,3,5,0,1,9,6,1
789,Referral,Healthcare,Mid-Market,11,6,0,5,40,1,1
790,Webinar,Finance,SMB,3,3,0,6,37,0,0
791,Webinar,Manufacturing,SMB,7,4,0,2,50,1,0
792,Paid Search,Healthcare,Enterprise,2,11,0,9,43,1,0
793,Referral,Finance,SMB,6,8,1,3,27,3,1
794,Outbound,Manufacturing,Mid-Market,2,9,0,3,49,2,1
795,Referral,Healthcare,SMB,7,5,1,7,41,1,1
796,Outbound,Healthcare,SMB,4,7,0,3,5,1,0
797,Outbound,Retail,Mid-Market,3,6,0,4,20,0,1
798,Paid Search,SaaS,SMB,4,5,0,1,55,3,0
799,Paid Search,Healthcare,SMB,1,5,0,2,40,1,0
800,Outbound,SaaS,Mid-Market,2,8,0,1,51,5,1
801,Organic,Retail,Mid-Market,0,5,0,5,2,3,1
802,Webinar,Healthcare,SMB,5,1,0,7,48,3,1
803,Referral,Manufacturing,SMB,3,7,0,2,36,3,0
804,Organic,Finance,Mid-Market,7,8,0,2,38,1,1
805,Organic,Finance,Mid-Market,1,5,0,3,49,3,0
806,Paid Search,Finance,Mid-Market,6,8,1,5,8,5,0
807,Organic,SaaS,Enterprise,7,7,0,2,48,4,0
808,Webinar,Manufacturing,Mid-Market,3,6,0,2,51,1,1
809,Outbound,Manufacturing,SMB,1,8,0,3,59,4,0
810,Referral,Manufacturing,Enterprise,1,6,1,2,56,2,0
811,Paid Search,Finance,SMB,4,5,0,3,24,3,0
812,Paid Search,Finance,Mid-Market,3,9,0,0,22,3,0
813,Referral,Manufacturing,SMB,4,7,0,2,36,2,0
814,Referral,Retail,Mid-Market,3,5,0,3,59,2,0
815,Paid Search,Finance,SMB,2,6,0,4,35,1,0
816,Organic,Finance,SMB,6,5,0,3,53,0,0
817,Referral,Finance,Mid-Market,9,8,1,5,43,1,1
818,Referral,Manufacturing,SMB,5,2,0,3,22,3,0
819,Webinar,Finance,Mid-Market,3,7,0,2,47,2,0
820,Organic,Healthcare,Enterprise,8,7,0,1,5,3,1
821,Outbound,Retail,SMB,6,9,0,7,26,3,1
822,Paid Search,Retail,Mid-Market,1,2,0,1,13,2,0
823,Paid Search,SaaS,SMB,7,4,0,2,20,0,0
824,Paid Search,Finance,Enterprise,5,7,0,1,21,4,0
825,Organic,Retail,SMB,4,5,0,1,30,1,0
826,Outbound,Finance,Mid-Market,5,3,0,5,11,5,0
827,Paid Search,Finance,SMB,5,4,0,2,49,0,1
828,Webinar,Finance,Enterprise,5,5,0,3,11,6,1
829,Paid Search,Finance,SMB,5,7,0,3,26,0,0
830,Referral,SaaS,Mid-Market,4,6,0,3,24,1,1
831,Organic,Retail,Enterprise,2,5,1,3,39,3,1
832,Paid Search,SaaS,SMB,5,8,0,5,17,1,1
833,Webinar,Healthcare,Enterprise,5,10,0,0,40,2,1
834,Outbound,Retail,SMB,8,11,0,3,15,2,1
835,Paid Search,Finance,Mid-Market,4,2,0,3,58,1,0
836,Webinar,Finance,SMB,9,9,0,2,55,2,0
837,Webinar,SaaS,Mid-Market,4,9,0,3,13,2,1
838,Webinar,Manufacturing,Mid-Market,2,7,0,4,2,4,1
839,Webinar,Healthcare,Mid-Market,3,9,0,2,7,1,1
840,Paid Search,Manufacturing,Enterprise,5,5,0,1,33,2,1
841,Webinar,Finance,Mid-Market,4,6,0,3,53,3,1
842,Organic,SaaS,SMB,2,4,0,3,16,3,1
843,Webinar,Retail,SMB,3,7,1,4,5,1,0
844,Webinar,SaaS,SMB,5,10,0,4,21,6,1
845,Paid Search,Retail,Mid-Market,7,6,0,4,52,3,0
846,Paid Search,Healthcare,Enterprise,4,3,0,1,17,1,1
847,Referral,SaaS,SMB,5,5,0,3,19,0,0
848,Paid Search,Healthcare,Enterprise,5,8,0,1,55,3,1
849,Paid Search,Finance,Mid-Market,4,7,0,3,12,2,0
850,Webinar,Finance,SMB,5,9,0,1,55,2,1
851,Organic,Healthcare,SMB,4,8,0,1,22,0,0
852,Organic,Retail,Enterprise,2,4,1,7,52,0,0
853,Organic,SaaS,SMB,4,5,0,4,11,1,0
854,Webinar,Finance,SMB,5,7,0,1,44,1,1
855,Outbound,SaaS,SMB,2,5,0,2,10,1,0
856,Referral,Retail,Mid-Market,1,9,0,4,44,3,0
857,Outbound,Finance,Mid-Market,3,5,0,3,32,5,1
858,Paid Search,Retail,Mid-Market,3,6,1,1,18,0,1
859,Paid Search,Healthcare,Mid-Market,6,5,0,6,60,2,1
860,Webinar,Retail,Enterprise,6,7,0,5,10,2,0
861,Organic,SaaS,Mid-Market,8,7,0,2,6,2,0
862,Outbound,Retail,Mid-Market,5,4,0,2,36,3,0
863,Organic,SaaS,SMB,4,5,0,1,54,4,0
864,Webinar,SaaS,SMB,1,8,0,2,10,1,0
865,Organic,Finance,Enterprise,3,7,0,3,52,1,0
866,Paid Search,Retail,SMB,9,6,0,8,5,3,1
867,Referral,Finance,Enterprise,4,7,0,3,18,2,0
868,Organic,SaaS,SMB,1,6,0,4,19,1,0
869,Referral,Manufacturing,Mid-Market,3,5,0,2,29,2,0
870,Organic,Finance,SMB,5,10,1,4,1,3,1
871,Referral,Retail,Enterprise,4,3,0,7,6,0,1
872,Referral,SaaS,Mid-Market,5,6,1,4,44,3,1
873,Organic,SaaS,Mid-Market,5,6,0,1,8,2,0
874,Paid Search,Retail,SMB,5,7,0,3,23,0,0
875,Paid Search,Retail,Mid-Market,2,5,0,1,31,2,0
876,Paid Search,Finance,SMB,1,4,0,5,3,3,1
877,Organic,SaaS,Enterprise,4,4,1,2,31,1,0
878,Paid Search,SaaS,SMB,4,6,0,1,28,2,1
879,Paid Search,Retail,SMB,4,8,1,3,30,2,1
880,Outbound,Manufacturing,Enterprise,3,7,0,5,12,1,0
881,Organic,Healthcare,SMB,9,5,0,2,54,2,0
882,Referral,Finance,SMB,5,8,0,2,42,0,0
883,Referral,SaaS,SMB,2,6,0,2,17,2,1
884,Outbound,Finance,SMB,6,4,0,1,3,0,1
885,Referral,Healthcare,Enterprise,1,4,0,3,4,1,0
886,Referral,Retail,SMB,5,9,0,5,41,4,0
887,Organic,SaaS,Enterprise,7,4,0,1,20,1,0
888,Outbound,Finance,SMB,4,6,1,2,32,2,0
889,Paid Search,Healthcare,SMB,1,6,0,3,6,4,1
890,Organic,Retail,SMB,10,1,1,1,8,1,0
891,Organic,SaaS,SMB,4,3,0,2,19,1,0
892,Organic,Manufacturing,Mid-Market,4,4,1,7,43,1,1
893,Organic,Retail,SMB,4,3,0,5,48,1,1
894,Paid Search,Manufacturing,SMB,4,3,0,1,55,4,0
895,Paid Search,Finance,SMB,2,9,0,2,7,1,0
896,Organic,Healthcare,Enterprise,2,6,0,3,39,2,0
897,Referral,Retail,Mid-Market,1,8,0,2,50,1,0
898,Organic,Manufacturing,Mid-Market,3,4,1,6,38,0,1
899,Webinar,Retail,SMB,3,6,1,3,56,2,0
900,Outbound,SaaS,Enterprise,5,4,0,4,40,3,0
901,Organic,Healthcare,Mid-Market,3,8,0,4,24,3,0
902,Organic,Finance,SMB,7,8,1,4,11,5,1
903,Organic,SaaS,Mid-Market,5,6,0,7,2,2,0
904,Paid Search,Manufacturing,Mid-Market,3,2,0,1,2,3,0
905,Organic,SaaS,Mid-Market,5,8,0,6,1,1,0
906,Organic,Retail,SMB,4,7,0,7,7,2,1
907,Organic,Retail,SMB,4,12,0,3,47,2,0
908,Paid Search,Healthcare,Mid-Market,2,7,0,3,60,5,0
909,Outbound,Manufacturing,Enterprise,5,4,0,3,51,2,0
910,Referral,Manufacturing,Enterprise,6,7,0,1,42,4,0
911,Outbound,Finance,Mid-Market,3,7,1,1,18,2,0
912,Organic,Retail,SMB,0,4,0,3,4,3,0
913,Paid Search,Finance,Enterprise,5,3,0,1,47,3,0
914,Organic,Manufacturing,Mid-Market,3,7,1,2,59,3,1
915,Organic,SaaS,Mid-Market,4,8,0,2,45,0,1
916,Referral,Retail,Mid-Market,4,9,0,3,37,1,1
917,Paid Search,SaaS,SMB,4,5,0,8,52,2,1
918,Referral,SaaS,Mid-Market,3,7,0,2,56,3,0
919,Referral,Finance,SMB,2,10,0,3,53,5,1
920,Outbound,Finance,Enterprise,3,5,0,5,14,2,1
921,Webinar,Healthcare,SMB,3,5,1,4,6,2,0
922,Paid Search,Finance,Mid-Market,6,3,0,2,44,3,0
923,Organic,Manufacturing,SMB,5,8,0,6,43,2,0
924,Referral,Finance,Enterprise,3,8,0,4,8,0,1
925,Organic,Healthcare,SMB,4,7,0,5,45,2,0
926,Outbound,Healthcare,SMB,3,6,0,4,5,1,0
927,Referral,Manufacturing,SMB,6,7,0,4,31,1,1
928,Paid Search,Manufacturing,SMB,2,8,0,10,25,1,0
929,Organic,Finance,Enterprise,1,6,0,4,14,3,0
930,Organic,Manufacturing,SMB,2,6,0,5,27,3,0
931,Webinar,SaaS,SMB,3,3,0,1,46,1,0
932,Webinar,Healthcare,Mid-Market,3,6,1,3,14,4,1
933,Organic,SaaS,SMB,2,9,0,4,33,0,0
934,Referral,Manufacturing,SMB,3,2,0,3,42,3,0
935,Organic,Healthcare,SMB,0,4,0,1,25,0,0
936,Outbound,SaaS,SMB,4,9,0,4,10,3,0
937,Paid Search,Finance,Mid-Market,2,5,1,1,45,3,0
938,Organic,Manufacturing,Mid-Market,3,7,0,2,9,1,0
939,Organic,Retail,SMB,8,8,1,3,52,1,0
940,Organic,Retail,SMB,2,8,0,3,57,4,0
941,Referral,Healthcare,SMB,3,5,0,2,5,3,1
942,Outbound,Retail,Enterprise,6,8,0,4,29,2,1
943,Referral,SaaS,Mid-Market,5,9,0,1,12,0,0
944,Referral,Retail,SMB,2,5,0,3,53,3,0
945,Organic,Retail,Mid-Market,4,10,0,0,4,2,0
946,Outbound,SaaS,Mid-Market,7,3,0,3,8,1,1
947,Paid Search,Manufacturing,SMB,2,6,0,1,21,1,0
948,Outbound,Manufacturing,Enterprise,3,3,0,2,24,3,0
949,Outbound,Healthcare,SMB,2,7,0,0,28,0,0
950,Paid Search,Manufacturing,SMB,4,5,0,1,35,3,1
951,Paid Search,Finance,Mid-Market,4,4,0,2,30,0,0
952,Referral,SaaS,SMB,7,3,0,1,7,0,0
953,Paid Search,SaaS,Mid-Market,4,6,0,2,50,1,1
954,Outbound,SaaS,SMB,2,7,0,3,31,1,0
955,Outbound,Manufacturing,Mid-Market,6,11,0,2,41,0,0
956,Paid Search,Healthcare,Mid-Market,4,9,0,4,18,5,1
957,Webinar,Healthcare,SMB,3,7,0,5,5,0,0
958,Organic,Finance,Mid-Market,2,11,0,1,9,2,0
959,Organic,Manufacturing,SMB,7,4,0,3,45,1,0
960,Organic,Retail,SMB,2,7,1,4,37,1,1
961,Organic,SaaS,Enterprise,3,0,0,6,50,4,1
962,Webinar,Manufacturing,SMB,3,2,0,3,14,2,0
963,Referral,Retail,Enterprise,2,8,0,4,33,0,1
964,Paid Search,Finance,SMB,3,5,0,3,56,0,0
965,Paid Search,Healthcare,SMB,3,1,0,2,6,1,0
966,Paid Search,SaaS,Mid-Market,3,6,0,3,23,1,0
967,Paid Search,Finance,Mid-Market,6,6,0,3,45,0,0
968,Webinar,Healthcare,SMB,8,5,0,5,56,2,0
969,Paid Search,Retail,SMB,4,4,0,3,12,2,0
970,Organic,Finance,SMB,7,6,1,1,38,4,0
971,Referral,Manufacturing,SMB,4,6,0,3,12,1,0
972,Webinar,SaaS,SMB,3,5,0,4,16,2,0
973,Outbound,Healthcare,SMB,3,3,0,4,49,2,1
974,Outbound,Finance,Mid-Market,2,6,0,3,55,3,0
975,Webinar,Retail,Mid-Market,4,7,0,4,34,2,1
976,Organic,Finance,SMB,2,7,0,6,21,1,1
977,Referral,Finance,SMB,5,6,0,0,30,0,0
978,Organic,Finance,Mid-Market,3,6,0,1,53,0,0
979,Outbound,Retail,Enterprise,4,4,0,5,50,3,1
980,Referral,Healthcare,SMB,6,8,0,4,41,2,1
981,Paid Search,SaaS,SMB,2,4,0,2,34,3,0
982,Organic,Manufacturing,Mid-Market,4,9,0,4,23,1,1
983,Referral,Retail,SMB,5,3,0,0,13,2,0
984,Paid Search,Finance,Mid-Market,7,8,1,3,39,3,1
985,Organic,SaaS,SMB,4,3,0,3,20,1,0
986,Referral,Manufacturing,Enterprise,4,5,0,2,12,5,0
987,Paid Search,Finance,SMB,4,7,0,0,51,2,0
988,Organic,Manufacturing,SMB,3,9,0,5,19,1,0
989,Paid Search,Manufacturing,SMB,4,5,0,1,39,2,0
990,Outbound,Retail,SMB,3,2,0,2,49,4,0
991,Paid Search,Manufacturing,SMB,1,3,0,3,30,4,0
992,Paid Search,Retail,SMB,5,3,0,3,56,0,0
993,Organic,Manufacturing,Enterprise,7,5,0,5,41,1,1
994,Organic,Retail,SMB,2,4,0,1,37,4,0
995,Paid Search,Healthcare,Enterprise,4,5,0,4,56,3,0
996,Organic,Manufacturing,SMB,7,12,0,2,48,2,1
997,Webinar,Manufacturing,SMB,4,6,0,4,31,2,0
998,Paid Search,Manufacturing,SMB,8,9,0,3,37,2,1
999,Organic,SaaS,Mid-Market,5,3,0,4,40,1,1
1000,Paid Search,Healthcare,Enterprise,5,9,0,1,36,1,0
1001,Paid Search,Retail,Mid-Market,7,6,1,1,47,0,1
1002,Outbound,Retail,Enterprise,2,8,0,3,50,4,1
1003,Paid Search,Retail,SMB,2,5,0,3,49,0,0
1004,Webinar,Finance,SMB,1,6,0,2,46,3,1
1005,Paid Search,Healthcare,Mid-Market,3,5,0,4,10,2,1
1006,Webinar,Retail,SMB,5,13,0,4,30,3,0
1007,Organic,SaaS,SMB,3,8,0,4,43,4,0
1008,Paid Search,Finance,Mid-Market,3,8,0,2,10,2,1
1009,Webinar,Finance,Mid-Market,2,7,0,4,47,3,1
1010,Paid Search,SaaS,Mid-Market,2,6,0,2,13,2,0
1011,Organic,Healthcare,SMB,5,4,0,4,20,0,0
1012,Webinar,SaaS,Mid-Market,3,5,0,3,2,1,0
1013,Paid Search,Finance,Mid-Market,1,1,1,4,57,1,1
1014,Organic,Healthcare,SMB,6,4,0,1,56,4,1
1015,Paid Search,Healthcare,Mid-Market,5,5,0,1,46,2,1
1016,Referral,Finance,Mid-Market,4,8,0,2,20,2,1
1017,Paid Search,Manufacturing,Enterprise,5,3,0,3,6,2,0
1018,Paid Search,Healthcare,SMB,4,3,0,6,31,1,1
1019,Paid Search,Retail,SMB,4,7,0,6,12,1,1
1020,Webinar,Finance,Enterprise,5,3,1,2,16,3,0
1021,Paid Search,Healthcare,SMB,1,4,0,6,37,1,0
1022,Webinar,Manufacturing,SMB,4,5,0,1,36,1,0
1023,Webinar,SaaS,SMB,4,6,0,4,10,1,0
1024,Organic,Retail,Mid-Market,6,4,1,1,9,0,0
1025,Outbound,Healthcare,SMB,6,2,1,4,47,1,0
1026,Organic,Manufacturing,Mid-Market,4,7,1,5,24,1,1
1027,Paid Search,Healthcare,Mid-Market,3,14,1,6,50,2,1
1028,Webinar,Manufacturing,SMB,3,6,0,3,29,1,1
1029,Webinar,SaaS,SMB,5,2,0,2,17,1,1
1030,Organic,Finance,SMB,1,5,0,2,21,4,0
1031,Referral,Healthcare,Mid-Market,4,2,1,2,26,3,1
1032,Paid Search,SaaS,Mid-Market,1,5,0,1,39,1,0
1033,Outbound,Retail,Enterprise,2,7,0,4,7,0,0
1034,Paid Search,SaaS,SMB,4,7,0,1,29,3,0
1035,Webinar,Healthcare,Enterprise,3,4,0,5,26,1,0
1036,Paid Search,Finance,SMB,2,7,1,7,35,1,1
1037,Organic,Retail,Mid-Market,3,8,0,0,19,3,0
1038,Referral,Retail,Mid-Market,1,3,1,5,1,0,1
1039,Webinar,Retail,Mid-Market,8,10,0,5,8,1,1
1040,Paid Search,Retail,SMB,8,3,1,2,17,1,1
1041,Webinar,Healthcare,SMB,4,3,0,4,40,2,0
1042,Outbound,SaaS,SMB,7,5,0,3,44,1,0
1043,Outbound,Healthcare,SMB,4,6,1,2,46,5,1
1044,Webinar,Retail,Mid-Market,6,6,0,1,27,0,1
1045,Paid Search,Manufacturing,Mid-Market,4,1,1,1,52,3,1
1046,Organic,Retail,SMB,3,4,0,7,20,0,0
1047,Paid Search,Retail,Mid-Market,3,3,0,5,14,3,0
1048,Organic,SaaS,Mid-Market,3,6,0,1,3,1,1
1049,Organic,Manufacturing,SMB,2,3,0,4,50,1,0
1050,Webinar,SaaS,SMB,5,10,0,4,58,2,0
1051,Referral,Retail,Mid-Market,2,4,0,2,45,3,0
1052,Paid Search,Finance,SMB,5,4,0,4,35,2,1
1053,Paid Search,Retail,Enterprise,2,8,0,6,43,0,0
1054,Paid Search,SaaS,Mid-Market,2,8,0,2,14,2,1
1055,Paid Search,Retail,SMB,9,7,0,5,13,0,1
1056,Organic,Retail,SMB,1,7,0,5,3,1,1
1057,Webinar,Healthcare,SMB,0,6,0,6,31,0,0
1058,Organic,Manufacturing,SMB,5,6,0,2,52,5,1
1059,Organic,Manufacturing,SMB,6,4,0,2,53,0,0
1060,Webinar,Retail,Enterprise,4,4,0,3,8,2,0
1061,Organic,Healthcare,SMB,8,6,0,4,60,0,0
1062,Organic,Healthcare,SMB,9,12,0,4,50,6,1
1063,Paid Search,SaaS,Mid-Market,1,2,0,2,8,2,0
1064,Outbound,Manufacturing,Enterprise,4,6,1,4,32,1,0
1065,Outbound,Retail,SMB,3,6,0,2,27,3,0
1066,Paid Search,Manufacturing,Enterprise,2,1,0,4,40,4,0
1067,Outbound,Finance,Mid-Market,10,5,0,1,18,1,1
1068,Paid Search,Healthcare,SMB,0,5,0,0,52,3,1
1069,Webinar,Retail,SMB,4,9,0,2,26,0,0
1070,Outbound,Retail,SMB,4,10,0,1,43,1,0
1071,Referral,Manufacturing,SMB,3,5,1,4,22,2,1
1072,Organic,Retail,Enterprise,5,9,0,4,46,1,0
1073,Paid Search,SaaS,Mid-Market,4,1,0,5,23,3,0
1074,Organic,Retail,Mid-Market,8,7,0,7,29,0,0
1075,Outbound,Retail,SMB,6,6,0,3,59,3,1
1076,Referral,SaaS,Mid-Market,6,7,0,3,57,1,0
1077,Webinar,Finance,Mid-Market,2,5,1,5,55,2,0
1078,Referral,Finance,Mid-Market,5,6,0,2,53,2,0
1079,Outbound,Healthcare,Enterprise,2,5,0,2,17,1,0
1080,Outbound,SaaS,Enterprise,1,2,0,6,31,4,0
1081,Paid Search,Manufacturing,Enterprise,3,5,0,2,35,0,0
1082,Organic,Manufacturing,Enterprise,5,6,0,4,50,0,0
1083,Outbound,Manufacturing,Enterprise,0,8,1,3,34,0,0
1084,Referral,Retail,SMB,0,7,0,2,37,2,0
1085,Webinar,SaaS,Enterprise,6,5,0,4,34,1,0
1086,Outbound,SaaS,Enterprise,4,6,0,2,31,0,1
1087,Paid Search,Healthcare,SMB,4,10,0,3,49,2,1
1088,Organic,Finance,Mid-Market,4,10,1,2,50,1,1
1089,Paid Search,SaaS,Enterprise,3,9,1,2,40,2,1
1090,Organic,Manufacturing,Enterprise,1,5,1,3,30,3,1
1091,Referral,Retail,SMB,3,5,0,5,38,0,1
1092,Webinar,Healthcare,SMB,3,7,0,7,36,3,1
1093,Referral,SaaS,Mid-Market,3,8,1,2,49,2,1
1094,Paid Search,Manufacturing,Mid-Market,5,7,0,0,51,3,0
1095,Outbound,Retail,SMB,7,5,1,0,18,1,1
1096,Paid Search,Healthcare,SMB,4,4,0,2,4,1,0
1097,Organic,Healthcare,SMB,2,4,0,3,42,4,0
1098,Webinar,SaaS,Enterprise,3,4,1,4,40,2,1
1099,Organic,Finance,SMB,5,4,0,3,54,1,1
1100,Outbound,Finance,Mid-Market,4,6,0,1,27,3,0
1101,Organic,Manufacturing,SMB,6,5,0,2,10,1,0
1102,Referral,Healthcare,Mid-Market,5,2,1,1,13,4,1
1103,Referral,SaaS,Enterprise,4,7,1,5,6,1,1
1104,Outbound,Healthcare,SMB,4,4,1,3,46,2,1
1105,Referral,Retail,SMB,8,6,1,3,38,5,1
1106,Webinar,Manufacturing,Mid-Market,6,5,0,1,21,3,0
1107,Organic,Healthcare,SMB,4,6,0,2,15,3,0
1108,Referral,Manufacturing,Enterprise,1,3,0,3,42,1,1
1109,Paid Search,Healthcare,SMB,2,7,0,3,41,1,0
1110,Paid Search,Healthcare,SMB,0,7,0,3,12,2,0
1111,Outbound,Healthcare,SMB,2,10,0,1,59,0,1
1112,Paid Search,Retail,SMB,4,5,1,5,2,4,1
1113,Webinar,Manufacturing,SMB,3,4,0,1,2,4,1
1114,Referral,Healthcare,Mid-Market,8,7,0,5,45,1,1
1115,Outbound,Manufacturing,SMB,4,7,0,5,25,0,0
1116,Outbound,Finance,Enterprise,5,6,0,4,49,0,0
1117,Referral,Finance,SMB,7,8,0,2,54,1,0
1118,Outbound,Finance,Mid-Market,5,6,0,1,28,1,0
1119,Organic,Retail,Mid-Market,5,5,0,1,41,1,1
1120,Outbound,SaaS,SMB,1,10,0,7,41,1,0
1121,Organic,Finance,SMB,4,13,0,2,43,1,0
1122,Outbound,Healthcare,Mid-Market,1,7,0,3,51,1,0
1123,Paid Search,Retail,Mid-Market,3,2,0,0,25,7,0
1124,Outbound,Healthcare,SMB,4,5,0,3,12,6,0
1125,Outbound,SaaS,SMB,2,6,0,5,51,2,1
1126,Webinar,Healthcare,Mid-Market,2,4,0,3,27,1,0
1127,Webinar,Finance,Enterprise,1,5,1,2,19,0,1
1128,Referral,Healthcare,Mid-Market,2,10,1,0,31,2,0
1129,Paid Search,Finance,SMB,0,7,0,3,46,0,1
1130,Paid Search,Retail,Mid-Market,5,7,0,4,32,2,1
1131,Paid Search,SaaS,Enterprise,3,1,0,2,5,3,0
1132,Paid Search,Healthcare,Enterprise,4,4,0,2,56,1,1
1133,Paid Search,Healthcare,Enterprise,1,10,0,3,46,4,0
1134,Organic,SaaS,SMB,2,3,0,5,32,3,0
1135,Outbound,Retail,SMB,4,8,0,1,31,2,0
1136,Paid Search,Manufacturing,SMB,5,7,0,4,60,3,0
1137,Paid Search,Retail,SMB,4,6,0,1,53,1,1
1138,Organic,Retail,Mid-Market,1,6,0,2,21,1,0
1139,Organic,Manufacturing,Mid-Market,4,5,0,2,5,4,0
1140,Paid Search,Healthcare,SMB,1,3,0,2,30,2,0
1141,Referral,Manufacturing,SMB,2,6,0,2,60,2,0
1142,Organic,Retail,Mid-Market,3,6,1,8,47,0,1
1143,Outbound,SaaS,Enterprise,1,7,0,3,36,3,0
1144,Paid Search,Finance,Enterprise,3,2,0,5,36,0,1
1145,Paid Search,Healthcare,SMB,7,4,1,1,30,2,1
1146,Paid Search,SaaS,SMB,2,7,0,2,49,3,0
1147,Referral,SaaS,SMB,5,4,0,4,30,0,1
1148,Referral,Manufacturing,Mid-Market,0,7,0,3,46,3,1
1149,Organic,Healthcare,SMB,2,4,0,2,7,3,0
1150,Organic,Finance,Mid-Market,5,7,0,4,50,1,0
1151,Referral,Healthcare,Enterprise,6,11,0,1,46,2,1
1152,Webinar,SaaS,SMB,1,7,0,5,22,1,0
1153,Organic,Manufacturing,SMB,3,8,0,2,4,0,0
1154,Organic,Manufacturing,Mid-Market,1,4,1,4,43,2,0
1155,Paid Search,Retail,SMB,5,4,0,2,46,1,0
1156,Organic,Finance,Enterprise,4,5,1,1,4,0,1
1157,Referral,Finance,Mid-Market,4,9,0,4,50,2,1
1158,Webinar,Finance,Mid-Market,2,7,0,1,22,3,0
1159,Paid Search,Finance,Enterprise,1,7,1,4,37,4,1
1160,Paid Search,Healthcare,Enterprise,3,6,0,3,45,2,0
1161,Organic,Manufacturing,SMB,4,7,0,6,35,3,1
1162,Paid Search,SaaS,Mid-Market,4,6,0,2,18,0,0
1163,Outbound,Manufacturing,Mid-Market,5,4,0,0,16,1,0
1164,Webinar,Retail,SMB,8,6,1,1,10,2,0
1165,Outbound,Healthcare,SMB,4,7,1,3,46,1,1
1166,Webinar,Finance,SMB,5,4,0,4,30,2,0
1167,Outbound,Retail,Mid-Market,6,10,0,4,8,1,1
1168,Referral,Retail,SMB,5,4,0,2,6,1,1
1169,Webinar,Manufacturing,Enterprise,10,10,0,9,51,0,1
1170,Referral,Finance,Mid-Market,4,7,1,4,5,1,1
1171,Organic,Manufacturing,SMB,1,11,1,1,48,2,1
1172,Organic,Retail,Enterprise,2,11,1,6,19,1,1
1173,Webinar,Manufacturing,SMB,4,8,0,2,2,2,0
1174,Organic,Manufacturing,SMB,6,7,0,3,37,5,1
1175,Referral,Finance,Enterprise,4,8,0,3,45,0,0
1176,Outbound,Healthcare,SMB,4,8,0,3,53,2,0
1177,Paid Search,Healthcare,Mid-Market,3,5,1,3,52,2,1
1178,Outbound,Healthcare,SMB,6,6,1,0,27,6,1
1179,Outbound,Retail,SMB,3,7,0,5,51,1,0
1180,Organic,SaaS,SMB,3,10,0,2,35,2,1
1181,Paid Search,Healthcare,Mid-Market,4,4,0,2,59,3,0
1182,Webinar,Finance,SMB,7,8,0,0,17,1,1
1183,Paid Search,Finance,SMB,5,11,0,6,34,2,0
1184,Organic,Finance,Mid-Market,2,4,0,2,18,4,0
1185,Organic,Finance,Mid-Market,5,7,0,5,13,2,0
1186,Referral,Healthcare,Mid-Market,2,5,0,5,59,0,0
1187,Organic,Finance,SMB,5,6,0,3,26,0,1
1188,Outbound,Manufacturing,Mid-Market,4,9,0,5,21,3,1
1189,Paid Search,Manufacturing,Mid-Market,4,1,0,5,15,0,0
1190,Organic,Healthcare,SMB,3,7,0,5,54,1,1
1191,Referral,Healthcare,Enterprise,3,4,0,2,57,1,1
1192,Organic,Retail,Enterprise,6,7,0,2,46,0,1
1193,Outbound,Finance,Mid-Market,3,2,0,3,7,2,1
1194,Organic,Retail,SMB,3,8,0,4,48,3,0
1195,Webinar,Retail,Mid-Market,5,8,0,5,11,1,0
1196,Organic,SaaS,Mid-Market,4,6,0,3,42,2,0
1197,Outbound,Retail,Mid-Market,3,2,0,5,59,1,0
1198,Organic,Retail,Mid-Market,4,10,0,0,48,2,0
1199,Outbound,Manufacturing,Mid-Market,4,1,0,3,48,3,0
1200,Outbound,SaaS,Enterprise,5,7,1,1,21,2,0
1201,Organic,Finance,SMB,4,5,1,2,31,1,0
1202,Paid Search,Retail,Mid-Market,4,7,0,3,39,5,1
1203,Outbound,Retail,SMB,6,9,0,3,42,4,0
1204,Webinar,Finance,Mid-Market,0,8,0,3,6,3,1
1205,Paid Search,Retail,Mid-Market,4,2,1,5,14,4,1
1206,Organic,SaaS,Mid-Market,4,6,1,5,35,0,1
1207,Organic,Retail,Mid-Market,3,12,0,1,20,1,0
1208,Webinar,Healthcare,SMB,6,9,0,3,58,1,0
1209,Paid Search,SaaS,SMB,7,6,0,3,50,3,0
1210,Paid Search,Manufacturing,SMB,1,7,0,5,28,1,0
1211,Paid Search,Retail,SMB,3,7,0,3,47,4,0
1212,Webinar,Retail,SMB,4,5,0,4,38,1,0
1213,Paid Search,Retail,SMB,5,6,0,6,14,3,1
1214,Organic,SaaS,SMB,5,7,0,1,35,1,1
1215,Referral,Retail,Mid-Market,0,9,0,2,17,1,0
1216,Organic,Retail,SMB,4,8,0,3,25,4,1
1217,Paid Search,Manufacturing,SMB,7,9,1,3,22,2,1
1218,Organic,Manufacturing,SMB,5,6,0,3,2,1,0
1219,Paid Search,Retail,Mid-Market,6,7,0,1,11,1,0
1220,Referral,Manufacturing,Enterprise,5,5,0,4,34,1,0
1221,Webinar,Retail,SMB,5,4,0,2,13,3,0
1222,Outbound,Manufacturing,SMB,3,7,1,4,11,1,1
1223,Organic,Retail,SMB,4,6,0,5,45,3,1
1224,Paid Search,Healthcare,SMB,8,8,0,3,35,3,0
1225,Outbound,Healthcare,SMB,2,3,0,1,2,2,1
1226,Webinar,Manufacturing,Enterprise,5,4,0,4,38,4,0
1227,Outbound,SaaS,Mid-Market,1,3,0,4,26,0,0
1228,Paid Search,Manufacturing,SMB,1,3,0,4,33,1,0
1229,Paid Search,Manufacturing,SMB,2,9,0,4,12,4,1
1230,Paid Search,Healthcare,SMB,3,9,0,1,53,3,0
1231,Organic,Manufacturing,SMB,2,11,0,1,15,0,0
1232,Webinar,Finance,SMB,4,7,0,2,58,0,0
1233,Outbound,Finance,SMB,1,7,0,2,20,2,0
1234,Outbound,Manufacturing,Enterprise,0,9,0,6,9,1,0
1235,Webinar,Manufacturing,SMB,4,2,0,1,58,2,1
1236,Organic,Retail,SMB,4,6,0,4,50,1,0
1237,Outbound,Retail,Enterprise,2,4,0,2,19,1,0
1238,Referral,SaaS,SMB,3,6,1,3,56,0,1
1239,Paid Search,Healthcare,Mid-Market,3,3,0,2,21,3,0
1240,Paid Search,Finance,Mid-Market,1,2,0,3,36,3,1
1241,Organic,Finance,Mid-Market,4,6,0,2,24,0,1
1242,Paid Search,Manufacturing,Enterprise,11,9,0,6,5,1,0
1243,Referral,Finance,Mid-Market,4,3,0,1,54,0,0
1244,Outbound,SaaS,SMB,5,7,0,6,49,1,1
1245,Webinar,SaaS,Enterprise,4,6,0,2,42,0,0
1246,Paid Search,Retail,SMB,5,4,0,4,16,3,0
1247,Paid Search,SaaS,Mid-Market,3,7,0,5,5,0,0
1248,Outbound,SaaS,Mid-Market,4,5,0,0,17,3,0
1249,Outbound,Retail,Enterprise,4,6,1,4,18,2,1
1250,Organic,Finance,Mid-Market,4,10,0,3,26,2,1
1251,Outbound,Healthcare,SMB,2,2,0,1,44,1,0
1252,Webinar,Finance,SMB,1,5,0,1,33,1,1
1253,Paid Search,Retail,Mid-Market,7,6,0,4,30,1,0
1254,Organic,Healthcare,SMB,1,9,0,2,9,1,0
1255,Organic,SaaS,Mid-Market,7,7,0,5,56,2,1
1256,Paid Search,Retail,Enterprise,3,5,0,2,48,1,0
1257,Referral,SaaS,Mid-Market,4,8,0,1,39,2,0
1258,Referral,Finance,Mid-Market,5,7,0,5,10,2,0
1259,Outbound,Finance,SMB,5,12,0,2,57,2,0
1260,Organic,Retail,SMB,8,6,0,1,46,2,0
1261,Paid Search,Finance,Enterprise,4,2,0,1,6,3,0
1262,Paid Search,Healthcare,SMB,5,9,0,5,33,2,1
1263,Referral,Manufacturing,Mid-Market,2,3,1,5,58,2,0
1264,Outbound,Finance,SMB,2,4,0,4,19,1,0
1265,Webinar,Finance,Mid-Market,4,8,0,4,15,2,0
1266,Organic,Finance,Mid-Market,7,8,0,1,34,2,0
1267,Paid Search,Finance,SMB,4,6,0,5,59,3,0
1268,Organic,Healthcare,Enterprise,7,7,0,3,40,2,0
1269,Organic,Retail,SMB,2,2,1,2,6,0,1
1270,Organic,Healthcare,SMB,4,11,0,6,39,2,0
1271,Paid Search,Retail,Enterprise,4,2,0,3,52,3,0
1272,Outbound,Healthcare,Mid-Market,1,5,0,0,31,1,0
1273,Webinar,SaaS,SMB,5,2,0,5,12,0,0
1274,Organic,Retail,Mid-Market,8,4,0,3,8,4,1
1275,Paid Search,SaaS,Mid-Market,7,6,0,3,47,0,0
1276,Organic,SaaS,Mid-Market,3,10,0,1,7,2,1
1277,Organic,Healthcare,Mid-Market,3,7,0,4,18,4,1
1278,Organic,Healthcare,SMB,3,9,1,4,23,2,1
1279,Referral,Healthcare,SMB,2,9,1,3,34,2,0
1280,Outbound,Healthcare,Enterprise,3,7,0,2,55,2,1
1281,Paid Search,Manufacturing,SMB,3,3,0,3,3,3,1
1282,Organic,Healthcare,SMB,3,5,0,4,35,1,0
1283,Organic,Finance,SMB,1,5,0,3,31,3,0
1284,Outbound,Retail,SMB,4,5,0,4,42,4,0
1285,Referral,Manufacturing,Mid-Market,3,1,0,0,31,3,0
1286,Webinar,Finance,Mid-Market,4,8,0,5,5,2,0
1287,Referral,Retail,Enterprise,4,6,0,2,30,0,0
1288,Referral,Healthcare,Mid-Market,2,5,0,1,48,4,0
1289,Outbound,Manufacturing,Mid-Market,4,3,0,3,12,4,1
1290,Organic,Finance,SMB,7,11,0,3,41,0,0
1291,Outbound,Manufacturing,Mid-Market,8,4,1,4,8,5,1
1292,Paid Search,Finance,Mid-Market,3,5,0,3,57,1,0
1293,Paid Search,Retail,Mid-Market,1,3,0,1,22,4,1
1294,Organic,Manufacturing,SMB,3,5,1,3,2,5,1
1295,Outbound,SaaS,SMB,1,5,0,2,4,2,0
1296,Paid Search,SaaS,Enterprise,8,9,0,3,45,3,1
1297,Webinar,Finance,Mid-Market,3,3,0,3,57,3,0
1298,Webinar,Healthcare,Enterprise,4,6,0,2,4,0,0
1299,Organic,Retail,Enterprise,5,6,0,5,49,2,0
1300,Paid Search,Retail,Enterprise,6,12,0,3,1,1,1
1301,Paid Search,Healthcare,Mid-Market,5,2,0,4,57,4,0
1302,Outbound,Finance,Mid-Market,3,8,1,6,17,5,1
1303,Webinar,Retail,SMB,1,7,0,8,14,1,0
1304,Paid Search,Retail,SMB,3,4,1,5,59,4,0
1305,Paid Search,Retail,Mid-Market,11,7,1,5,43,0,1
1306,Webinar,Retail,Mid-Market,3,10,0,4,37,3,0
1307,Referral,Healthcare,Mid-Market,4,3,0,5,53,1,0
1308,Webinar,Healthcare,Mid-Market,4,11,0,3,26,2,1
1309,Webinar,Manufacturing,Mid-Market,4,5,0,1,21,3,0
1310,Referral,Finance,SMB,1,5,0,8,55,2,0
1311,Paid Search,SaaS,Mid-Market,4,7,0,3,23,4,0
1312,Organic,Healthcare,Mid-Market,4,3,0,6,10,1,1
1313,Outbound,Retail,SMB,3,6,0,3,22,2,0
1314,Referral,Finance,SMB,4,7,0,5,10,1,0
1315,Paid Search,SaaS,SMB,6,3,0,0,18,4,0
1316,Webinar,Finance,SMB,5,10,0,2,36,3,1
1317,Referral,Retail,Mid-Market,6,7,0,4,54,1,0
1318,Paid Search,Healthcare,SMB,6,6,0,4,50,2,1
1319,Webinar,SaaS,Mid-Market,6,5,0,3,26,0,0
1320,Organic,Retail,Enterprise,7,3,0,4,55,2,1
1321,Paid Search,Retail,Mid-Market,4,5,0,2,5,2,1
1322,Paid Search,SaaS,Mid-Market,6,4,1,7,17,1,0
1323,Paid Search,Retail,Mid-Market,4,6,0,2,31,0,0
1324,Referral,Retail,SMB,3,7,0,5,50,2,1
1325,Paid Search,Healthcare,Enterprise,6,5,0,3,49,3,0
1326,Webinar,Healthcare,Mid-Market,6,9,0,4,33,3,1
1327,Outbound,Manufacturing,SMB,7,7,0,7,22,1,1
1328,Outbound,Finance,SMB,5,7,0,5,18,3,1
1329,Organic,Finance,Mid-Market,3,2,0,4,22,1,0
1330,Paid Search,Retail,Mid-Market,5,6,0,2,38,3,1
1331,Outbound,Retail,Mid-Market,4,6,0,1,26,4,0
1332,Webinar,Finance,SMB,4,9,0,0,31,4,1
1333,Paid Search,Manufacturing,Enterprise,2,8,0,3,43,1,0
1334,Paid Search,Healthcare,Enterprise,4,8,0,1,41,1,0
1335,Outbound,Finance,Mid-Market,3,6,0,6,59,4,0
1336,Referral,Finance,Mid-Market,3,7,0,4,5,0,0
1337,Organic,Manufacturing,Mid-Market,5,3,0,1,60,2,0
1338,Outbound,Retail,SMB,5,4,0,2,8,2,0
1339,Organic,SaaS,Mid-Market,5,2,0,5,5,2,1
1340,Referral,Finance,Mid-Market,5,8,0,1,6,3,0
1341,Referral,Retail,Mid-Market,4,3,0,4,4,4,1
1342,Webinar,Retail,SMB,3,4,0,4,54,2,1
1343,Organic,Manufacturing,Enterprise,4,4,1,1,23,2,0
1344,Webinar,Finance,Enterprise,3,7,0,5,23,6,0
1345,Outbound,Retail,SMB,5,9,0,2,25,1,0
1346,Paid Search,Healthcare,Enterprise,3,4,0,5,32,1,0
1347,Referral,Healthcare,Mid-Market,5,5,0,6,6,1,0
1348,Paid Search,Manufacturing,Enterprise,5,8,0,4,60,2,0
1349,Paid Search,Manufacturing,Mid-Market,5,5,0,4,49,0,0
1350,Referral,Manufacturing,SMB,3,2,0,2,9,1,0
1351,Organic,Healthcare,Mid-Market,4,6,0,4,21,2,1
1352,Organic,SaaS,SMB,3,6,0,2,25,1,0
1353,Outbound,Manufacturing,Enterprise,5,2,0,2,3,2,1
1354,Paid Search,Retail,Enterprise,5,5,0,8,7,2,0
1355,Webinar,Healthcare,Mid-Market,5,3,0,2,26,6,1
1356,Outbound,Healthcare,Enterprise,4,6,0,4,35,2,0
1357,Webinar,Manufacturing,Mid-Market,7,5,0,3,16,3,1
1358,Organic,Manufacturing,SMB,4,3,0,2,37,2,0
1359,Outbound,Retail,Mid-Market,2,2,0,2,5,1,0
1360,Webinar,Manufacturing,Mid-Market,4,7,0,6,38,2,0
1361,Outbound,Healthcare,SMB,4,3,0,0,13,1,0
1362,Webinar,Healthcare,SMB,2,7,0,3,21,0,0
1363,Referral,Finance,SMB,4,6,1,5,45,2,1
1364,Referral,Healthcare,SMB,9,8,0,3,17,3,1
1365,Outbound,Finance,Enterprise,8,4,0,4,22,0,0
1366,Paid Search,SaaS,Mid-Market,4,6,0,3,15,1,0
1367,Referral,Manufacturing,SMB,0,7,0,1,41,2,0
1368,Referral,Finance,Enterprise,6,6,1,2,14,1,0
1369,Webinar,Manufacturing,Mid-Market,5,8,0,5,18,3,1
1370,Paid Search,Finance,Mid-Market,4,9,1,5,22,0,0
1371,Webinar,SaaS,Mid-Market,7,0,0,4,26,0,1
1372,Organic,Retail,Mid-Market,2,2,0,3,55,1,0
1373,Referral,Retail,Mid-Market,3,3,0,2,23,4,1
1374,Outbound,Manufacturing,SMB,3,6,0,1,5,2,0
1375,Referral,Retail,Enterprise,3,5,0,5,10,0,0
1376,Outbound,Manufacturing,SMB,1,5,0,2,9,0,0
1377,Organic,Healthcare,SMB,4,7,0,0,38,1,0
1378,Paid Search,SaaS,Mid-Market,5,7,1,2,1,3,1
1379,Organic,Finance,Mid-Market,4,6,0,3,42,1,1
1380,Organic,Retail,Mid-Market,5,8,1,1,33,3,0
1381,Organic,Retail,Mid-Market,6,10,0,4,57,0,1
1382,Outbound,Healthcare,Mid-Market,5,5,0,4,23,4,0
1383,Outbound,Retail,SMB,7,4,0,2,38,4,1
1384,Paid Search,Finance,SMB,4,6,0,3,25,2,1
1385,Webinar,Manufacturing,SMB,8,6,0,3,38,0,1
1386,Outbound,Finance,Mid-Market,1,7,1,3,41,1,1
1387,Organic,Retail,Mid-Market,3,6,0,6,21,2,0
1388,Paid Search,Healthcare,Enterprise,3,8,0,2,44,3,0
1389,Outbound,Finance,SMB,3,4,0,7,31,1,0
1390,Organic,Manufacturing,SMB,4,7,0,4,60,1,0
1391,Paid Search,Retail,SMB,2,4,0,2,25,0,0
1392,Organic,Finance,SMB,4,5,0,1,13,1,0
1393,Referral,Finance,Mid-Market,3,11,0,2,26,0,0
1394,Outbound,Healthcare,Mid-Market,5,8,0,6,1,2,1
1395,Outbound,Healthcare,SMB,5,4,1,4,31,1,1
1396,Outbound,Retail,Mid-Market,9,6,1,0,56,0,1
1397,Webinar,Manufacturing,Mid-Market,6,3,1,1,56,2,1
1398,Referral,Manufacturing,Enterprise,2,5,0,3,8,4,0
1399,Referral,SaaS,Enterprise,6,3,0,2,5,1,0
1400,Organic,Finance,Mid-Market,7,8,0,1,51,2,0
1401,Paid Search,SaaS,SMB,3,6,0,6,14,1,0
1402,Webinar,Healthcare,SMB,2,4,0,2,38,1,0
1403,Referral,Finance,SMB,4,7,0,4,9,1,1
1404,Webinar,Healthcare,SMB,3,5,1,2,35,1,1
1405,Paid Search,Finance,SMB,5,10,1,3,15,0,1
1406,Referral,Manufacturing,Mid-Market,2,10,1,6,20,2,1
1407,Organic,Healthcare,SMB,1,13,1,5,1,0,1
1408,Organic,SaaS,Enterprise,9,9,0,3,51,1,1
1409,Organic,Finance,SMB,2,2,0,0,32,4,0
1410,Paid Search,SaaS,Mid-Market,3,6,0,4,42,2,0
1411,Paid Search,SaaS,SMB,4,5,0,3,38,3,0
1412,Outbound,Healthcare,Mid-Market,4,5,0,4,18,0,1
1413,Referral,SaaS,Mid-Market,4,4,0,4,38,5,1
1414,Paid Search,Retail,Enterprise,8,5,0,4,58,2,0
1415,Paid Search,Manufacturing,SMB,1,4,0,2,14,0,0
1416,Referral,Retail,Mid-Market,2,4,0,3,26,1,0
1417,Organic,Finance,SMB,4,7,1,2,25,6,1
1418,Paid Search,SaaS,Mid-Market,4,8,0,1,6,0,1
1419,Paid Search,Finance,Enterprise,6,10,0,4,5,1,1
1420,Outbound,Healthcare,Mid-Market,5,6,0,4,27,2,0
1421,Referral,Retail,Mid-Market,6,5,0,5,49,1,0
1422,Paid Search,Retail,Enterprise,4,6,0,2,14,0,1
1423,Paid Search,SaaS,SMB,3,4,1,0,54,2,1
1424,Referral,Retail,Enterprise,1,9,0,4,55,2,0
1425,Paid Search,Retail,Mid-Market,3,3,0,3,29,0,0
1426,Organic,SaaS,SMB,5,7,0,2,57,1,1
1427,Outbound,Manufacturing,Mid-Market,1,4,1,3,4,1,0
1428,Organic,Retail,Mid-Market,2,6,0,2,13,2,1
1429,Organic,Finance,Mid-Market,2,5,1,5,2,2,0
1430,Referral,Manufacturing,SMB,3,8,0,2,45,1,1
1431,Organic,Retail,Mid-Market,5,6,0,4,47,0,0
1432,Outbound,Retail,SMB,2,5,1,2,19,1,1
1433,Webinar,Retail,SMB,2,7,0,4,34,1,0
1434,Organic,Retail,SMB,4,3,0,2,9,0,0
1435,Organic,SaaS,SMB,5,5,0,5,26,1,1
1436,Organic,Retail,Mid-Market,3,9,0,5,3,3,0
1437,Webinar,Retail,Mid-Market,3,5,0,3,26,3,0
1438,Paid Search,Manufacturing,Enterprise,2,6,0,1,14,1,0
1439,Paid Search,Healthcare,Mid-Market,6,8,0,3,6,2,0
1440,Paid Search,Retail,SMB,5,6,0,4,47,4,0
1441,Webinar,Retail,SMB,4,1,0,1,56,1,0
1442,Paid Search,Retail,SMB,5,3,0,5,6,1,0
1443,Webinar,SaaS,Mid-Market,2,3,1,7,50,3,0
1444,Referral,SaaS,Mid-Market,1,5,1,1,34,2,1
1445,Organic,Finance,Mid-Market,7,6,0,5,4,3,1
1446,Webinar,Healthcare,Mid-Market,8,5,0,5,49,3,0
1447,Organic,Manufacturing,Mid-Market,5,6,0,2,17,1,0
1448,Paid Search,SaaS,Mid-Market,2,7,0,3,37,1,0
1449,Referral,Healthcare,SMB,1,7,0,6,32,2,1
1450,Organic,Healthcare,Enterprise,2,9,0,2,50,1,0
1451,Webinar,Finance,SMB,6,2,0,7,23,1,0
1452,Referral,Finance,Mid-Market,3,6,0,1,21,1,0
1453,Paid Search,Retail,Mid-Market,4,4,0,2,23,1,0
1454,Outbound,Healthcare,SMB,1,5,0,3,46,0,0
1455,Webinar,Retail,Mid-Market,4,7,0,6,29,0,0
1456,Outbound,Retail,SMB,6,4,0,5,39,1,0
1457,Outbound,Finance,SMB,5,7,1,11,53,3,1
1458,Referral,SaaS,Mid-Market,6,5,0,2,49,3,1
1459,Organic,SaaS,Mid-Market,4,1,0,4,26,4,0
1460,Organic,Healthcare,Mid-Market,2,7,0,3,30,1,0
1461,Organic,Healthcare,SMB,4,5,0,0,38,5,0
1462,Paid Search,SaaS,Mid-Market,2,6,0,2,43,3,0
1463,Outbound,Retail,Mid-Market,2,6,0,5,25,1,0
1464,Webinar,Retail,SMB,3,5,0,1,11,1,0
1465,Webinar,Manufacturing,Enterprise,5,5,0,3,25,1,0
1466,Referral,Finance,SMB,5,3,0,3,34,3,0
1467,Referral,Healthcare,SMB,3,7,0,4,57,3,0
1468,Referral,Healthcare,SMB,2,4,0,5,57,1,0
1469,Organic,SaaS,Mid-Market,3,5,0,4,55,2,0
1470,Paid Search,Manufacturing,SMB,5,3,0,1,18,3,1
1471,Organic,Finance,Mid-Market,6,3,0,4,43,0,0
1472,Outbound,Finance,Mid-Market,7,4,0,4,11,3,0
1473,Webinar,Manufacturing,Enterprise,1,8,0,3,42,0,0
1474,Organic,Manufacturing,SMB,5,7,0,0,26,1,0
1475,Referral,Manufacturing,Mid-Market,3,9,0,3,30,2,0
1476,Outbound,Manufacturing,Mid-Market,3,10,0,4,36,1,0
1477,Paid Search,Healthcare,Enterprise,6,4,0,2,18,0,0
1478,Webinar,Retail,Mid-Market,3,8,0,5,18,0,1
1479,Referral,Healthcare,Mid-Market,2,7,0,2,23,0,0
1480,Outbound,Healthcare,Mid-Market,2,4,0,3,18,1,0
1481,Paid Search,SaaS,Enterprise,2,5,0,4,30,2,0
1482,Outbound,Retail,Mid-Market,4,2,0,3,25,4,0
1483,Webinar,Retail,SMB,5,5,0,1,51,1,0
1484,Webinar,Manufacturing,Mid-Market,4,7,0,4,48,2,0
1485,Paid Search,Healthcare,Mid-Market,4,2,0,6,3,0,1
1486,Outbound,SaaS,Mid-Market,7,1,0,2,40,4,1
1487,Paid Search,SaaS,SMB,6,3,1,4,56,3,1
1488,Outbound,Healthcare,SMB,4,6,0,4,10,0,1
1489,Referral,SaaS,Enterprise,7,13,0,0,30,1,1
1490,Paid Search,Manufacturing,SMB,5,5,0,3,38,2,0
1491,Referral,Manufacturing,SMB,2,6,0,4,51,1,1
1492,Paid Search,SaaS,SMB,4,9,0,5,29,3,1
1493,Paid Search,Manufacturing,Mid-Market,3,5,0,1,24,3,0
1494,Paid Search,Manufacturing,SMB,4,5,1,1,10,2,0
1495,Organic,Retail,SMB,7,5,0,6,53,3,0
1496,Referral,Retail,SMB,3,7,0,1,33,3,0
1497,Organic,Healthcare,Enterprise,3,4,0,1,50,0,0
1498,Paid Search,Finance,Mid-Market,6,2,0,1,57,4,0
1499,Organic,SaaS,Mid-Market,2,11,1,1,32,2,1
1500,Paid Search,Retail,Enterprise,7,5,1,5,47,4,1
1501,Webinar,Retail,Mid-Market,4,7,0,4,6,4,1
1502,Paid Search,SaaS,SMB,5,8,0,2,3,0,0
1503,Webinar,Healthcare,SMB,3,5,0,4,47,3,0
1504,Referral,Finance,Enterprise,10,8,0,3,24,4,1
1505,Paid Search,SaaS,Enterprise,4,3,0,2,12,0,1
1506,Organic,SaaS,Mid-Market,5,5,1,0,1,0,0
1507,Paid Search,Manufacturing,Mid-Market,5,4,1,5,8,3,1
1508,Referral,SaaS,SMB,6,3,0,4,47,4,0
1509,Paid Search,Manufacturing,SMB,3,3,1,1,48,1,1
1510,Organic,Healthcare,Mid-Market,3,2,0,1,46,2,0
1511,Paid Search,SaaS,SMB,1,3,0,6,19,4,0
1512,Outbound,Manufacturing,Enterprise,2,6,0,6,9,2,0
1513,Paid Search,Retail,SMB,5,8,0,2,37,3,0
1514,Organic,Manufacturing,SMB,4,5,0,2,7,0,1
1515,Webinar,Manufacturing,Mid-Market,1,8,0,2,16,1,0
1516,Organic,Manufacturing,SMB,3,3,1,1,15,2,1
1517,Outbound,Manufacturing,SMB,5,5,0,1,29,1,0
1518,Paid Search,Manufacturing,SMB,1,5,0,7,15,3,0
1519,Webinar,SaaS,SMB,3,6,1,2,19,5,0
1520,Paid Search,SaaS,SMB,4,4,0,2,41,3,0
1521,Organic,Finance,Enterprise,2,6,1,1,51,4,0
1522,Outbound,Manufacturing,Enterprise,4,2,0,5,13,2,0
1523,Referral,Retail,SMB,4,7,1,5,16,1,1
1524,Webinar,Retail,SMB,3,7,0,2,51,2,0
1525,Webinar,Manufacturing,SMB,2,8,0,3,12,6,1
1526,Organic,SaaS,SMB,4,6,0,2,51,0,1
1527,Referral,Finance,Enterprise,6,3,0,2,17,4,0
1528,Referral,Retail,Mid-Market,3,4,0,3,34,0,0
1529,Paid Search,Manufacturing,SMB,4,5,0,4,14,0,0
1530,Referral,Finance,Mid-Market,0,3,0,4,17,1,0
1531,Referral,Healthcare,SMB,4,7,0,1,22,3,0
1532,Paid Search,Manufacturing,SMB,3,5,1,3,53,2,0
1533,Referral,Retail,Enterprise,3,6,0,5,6,1,0
1534,Outbound,Finance,Mid-Market,4,10,0,8,18,2,1
1535,Paid Search,Finance,Mid-Market,9,5,0,2,27,3,0
1536,Paid Search,Retail,SMB,7,7,0,2,58,1,0
1537,Organic,SaaS,SMB,1,8,1,2,60,2,1
1538,Paid Search,Retail,Mid-Market,6,8,0,2,20,0,0
1539,Organic,Retail,Enterprise,5,5,1,1,47,0,1
1540,Outbound,Manufacturing,SMB,6,11,1,4,22,6,0
1541,Webinar,Manufacturing,Mid-Market,5,4,0,2,47,2,1
1542,Organic,Retail,Mid-Market,8,10,0,3,4,2,0
1543,Webinar,Healthcare,SMB,2,2,1,3,47,1,0
1544,Referral,Retail,SMB,4,2,0,4,17,4,1
1545,Organic,Retail,Mid-Market,4,3,1,1,38,4,0
1546,Webinar,Healthcare,SMB,2,6,0,2,47,0,0
1547,Referral,SaaS,Mid-Market,8,6,1,5,24,1,1
1548,Referral,Finance,SMB,4,3,0,2,23,1,0
1549,Referral,Healthcare,Enterprise,3,6,0,4,35,2,1
1550,Organic,Healthcare,SMB,5,4,0,3,4,1,1
1551,Organic,Finance,SMB,1,0,0,2,19,3,0
1552,Organic,Healthcare,Mid-Market,6,9,0,4,55,3,1
1553,Organic,SaaS,Mid-Market,8,5,0,3,27,3,1
1554,Organic,Manufacturing,SMB,3,6,0,2,52,1,1
1555,Referral,Healthcare,Mid-Market,8,4,0,3,30,5,1
1556,Organic,Finance,Enterprise,4,10,0,2,8,2,0
1557,Paid Search,Finance,SMB,3,6,0,1,59,0,0
1558,Referral,SaaS,SMB,3,4,0,2,2,0,0
1559,Organic,Manufacturing,SMB,3,9,0,2,21,4,0
1560,Outbound,Manufacturing,SMB,4,4,0,3,60,3,1
1561,Webinar,Healthcare,Enterprise,3,8,0,0,37,1,1
1562,Paid Search,SaaS,Mid-Market,2,8,0,2,23,4,1
1563,Outbound,SaaS,SMB,4,2,0,2,22,1,0
1564,Referral,Healthcare,SMB,3,5,0,0,11,1,0
1565,Organic,Manufacturing,SMB,6,4,0,5,35,1,0
1566,Outbound,Healthcare,Enterprise,6,8,0,3,12,1,1
1567,Paid Search,Healthcare,Mid-Market,2,8,0,2,49,5,0
1568,Webinar,SaaS,Mid-Market,3,8,0,5,12,3,0
1569,Paid Search,Finance,Mid-Market,2,5,0,1,39,3,0
1570,Paid Search,Finance,SMB,4,12,0,2,15,1,0
1571,Organic,SaaS,SMB,4,5,0,3,58,1,0
1572,Paid Search,Retail,SMB,5,7,0,2,10,5,0
1573,Outbound,Finance,SMB,4,5,1,1,20,3,1
1574,Referral,Retail,SMB,7,3,0,5,41,1,0
1575,Webinar,Manufacturing,Mid-Market,5,9,0,2,48,2,0
1576,Organic,Manufacturing,Enterprise,2,9,0,4,24,3,0
1577,Referral,Retail,SMB,5,9,0,3,30,4,0
1578,Outbound,Healthcare,Enterprise,1,3,0,2,32,3,0
1579,Outbound,SaaS,SMB,4,6,0,2,42,2,0
1580,Referral,Healthcare,Mid-Market,5,10,1,2,44,2,1
1581,Paid Search,SaaS,SMB,4,6,0,5,59,1,0
1582,Webinar,Healthcare,SMB,2,9,0,1,60,1,0
1583,Organic,Finance,Enterprise,4,4,0,2,28,1,0
1584,Organic,Retail,Enterprise,3,8,0,3,11,1,0
1585,Referral,Finance,Mid-Market,1,5,0,3,3,4,0
1586,Organic,Retail,Mid-Market,2,7,0,4,51,2,0
1587,Organic,Healthcare,SMB,2,9,0,3,41,0,0
1588,Referral,Healthcare,SMB,2,5,1,1,47,1,1
1589,Paid Search,Healthcare,Mid-Market,7,7,0,2,13,1,1
1590,Referral,SaaS,SMB,6,9,0,1,60,2,0
1591,Outbound,Finance,Mid-Market,5,1,0,3,31,1,0
1592,Webinar,SaaS,SMB,6,5,0,2,36,4,0
1593,Outbound,Finance,Mid-Market,6,3,1,2,53,3,1
1594,Organic,Retail,Mid-Market,2,5,1,1,37,1,0
1595,Referral,Retail,Mid-Market,2,6,0,1,5,4,0
1596,Outbound,SaaS,SMB,7,4,0,4,10,1,0
1597,Paid Search,Finance,Mid-Market,3,9,1,4,23,4,1
1598,Referral,Manufacturing,Mid-Market,5,7,1,6,17,0,1
1599,Organic,Retail,SMB,3,4,0,1,47,2,1
1600,Paid Search,Manufacturing,SMB,0,8,0,3,41,1,0
1601,Organic,SaaS,SMB,6,11,0,3,9,1,0
1602,Organic,SaaS,SMB,3,8,0,1,24,4,0
1603,Outbound,Manufacturing,SMB,3,5,0,2,44,2,0
1604,Paid Search,Manufacturing,Mid-Market,4,4,0,2,1,2,0
1605,Referral,Retail,Enterprise,2,6,1,1,15,4,0
1606,Outbound,SaaS,SMB,6,9,0,3,29,3,1
1607,Paid Search,Healthcare,SMB,6,8,0,1,56,1,1
1608,Outbound,SaaS,Mid-Market,5,3,1,2,12,4,1
1609,Referral,Manufacturing,SMB,5,6,0,4,35,1,0
1610,Outbound,Finance,SMB,3,10,0,2,52,5,0
1611,Referral,Retail,SMB,3,4,0,1,17,0,0
1612,Referral,SaaS,SMB,3,5,0,3,47,1,0
1613,Organic,Manufacturing,Mid-Market,5,5,0,5,21,1,1
1614,Organic,Retail,Mid-Market,1,8,0,5,19,3,0
1615,Referral,Finance,Mid-Market,6,2,0,3,21,3,1
1616,Organic,Healthcare,Mid-Market,6,2,0,2,23,4,0
1617,Webinar,Finance,SMB,4,4,0,4,10,2,0
1618,Paid Search,SaaS,SMB,6,1,0,3,30,1,0
1619,Referral,Manufacturing,Mid-Market,5,5,0,4,26,3,1
1620,Webinar,SaaS,SMB,1,9,0,3,16,1,0
1621,Organic,Manufacturing,Mid-Market,5,10,1,3,59,1,0
1622,Referral,Finance,Mid-Market,2,9,0,4,40,1,1
1623,Paid Search,Retail,Mid-Market,3,5,0,1,4,1,0
1624,Paid Search,Manufacturing,Mid-Market,2,3,0,1,26,2,0
1625,Outbound,Manufacturing,SMB,1,6,0,2,31,2,0
1626,Referral,SaaS,SMB,2,5,0,2,56,2,0
1627,Organic,SaaS,SMB,2,2,0,2,13,0,0
1628,Organic,Retail,SMB,3,7,0,4,44,3,0
1629,Organic,Healthcare,SMB,8,5,0,1,5,4,0
1630,Paid Search,SaaS,SMB,9,1,0,4,43,3,0
1631,Referral,Retail,Mid-Market,2,6,0,2,46,6,1
1632,Organic,SaaS,Enterprise,10,8,0,3,1,2,1
1633,Paid Search,Healthcare,Enterprise,2,5,1,4,60,3,1
1634,Organic,Finance,SMB,2,3,1,5,3,1,1
1635,Referral,Healthcare,SMB,1,8,1,5,12,3,1
1636,Webinar,SaaS,Mid-Market,4,5,0,3,32,2,0
1637,Organic,Healthcare,SMB,4,10,0,1,55,2,0
1638,Paid Search,Finance,Mid-Market,2,2,1,2,32,1,0
1639,Organic,Manufacturing,Enterprise,7,8,0,6,43,5,0
1640,Webinar,Retail,Mid-Market,5,10,0,3,27,3,0
1641,Paid Search,Finance,SMB,3,11,0,4,5,2,0
1642,Webinar,SaaS,Enterprise,7,5,1,5,46,2,0
1643,Webinar,Finance,SMB,4,2,0,3,22,0,0
1644,Referral,Retail,SMB,5,4,0,4,40,1,1
1645,Outbound,Healthcare,Mid-Market,5,4,0,1,47,3,1
1646,Referral,SaaS,Mid-Market,2,8,0,4,28,0,0
1647,Paid Search,Finance,SMB,5,5,0,0,8,0,0
1648,Webinar,Retail,SMB,1,8,1,3,37,1,1
1649,Outbound,Finance,Mid-Market,6,8,0,5,58,3,1
1650,Paid Search,SaaS,SMB,4,7,0,6,3,2,0
1651,Outbound,Finance,Mid-Market,5,6,1,2,34,2,1
1652,Organic,Healthcare,SMB,8,8,0,2,11,2,1
1653,Paid Search,SaaS,SMB,6,4,0,2,44,2,0
1654,Organic,Retail,SMB,4,1,1,8,32,2,1
1655,Paid Search,Manufacturing,SMB,4,6,0,8,27,2,0
1656,Organic,Healthcare,SMB,4,6,0,5,16,3,0
1657,Referral,SaaS,Enterprise,4,6,0,3,56,2,1
1658,Outbound,SaaS,Mid-Market,3,7,0,0,28,3,0
1659,Referral,Healthcare,SMB,6,4,1,3,7,0,0
1660,Outbound,Retail,Mid-Market,4,1,0,5,42,0,1
1661,Paid Search,Healthcare,Mid-Market,4,7,0,3,19,3,0
1662,Organic,Manufacturing,Mid-Market,7,9,0,4,1,3,0
1663,Webinar,SaaS,Mid-Market,3,5,0,8,26,0,0
1664,Referral,SaaS,Mid-Market,1,4,1,5,49,4,0
1665,Outbound,Finance,SMB,0,9,0,4,47,0,0
1666,Referral,SaaS,SMB,4,6,1,2,58,3,1
1667,Referral,SaaS,SMB,7,4,0,3,8,0,0
1668,Webinar,Finance,SMB,6,12,0,7,15,1,0
1669,Organic,Manufacturing,SMB,5,9,1,3,3,4,1
1670,Outbound,Healthcare,Mid-Market,0,6,1,2,39,2,1
1671,Paid Search,Retail,SMB,6,7,0,2,58,2,0
1672,Organic,Manufacturing,SMB,1,8,0,2,12,1,0
1673,Webinar,Finance,Enterprise,2,5,0,1,34,0,1
1674,Paid Search,Retail,SMB,4,4,0,4,2,0,1
1675,Paid Search,Finance,Mid-Market,4,7,0,4,39,2,1
1676,Paid Search,Manufacturing,Enterprise,1,6,0,2,50,1,0
1677,Referral,Retail,SMB,2,11,0,0,3,5,0
1678,Referral,Retail,SMB,4,8,0,3,57,0,1
1679,Paid Search,Manufacturing,Enterprise,3,11,0,4,60,1,1
1680,Referral,SaaS,Mid-Market,1,7,1,3,56,2,1
1681,Referral,Retail,SMB,2,7,0,5,12,5,1
1682,Outbound,Manufacturing,Mid-Market,6,6,0,3,39,3,0
1683,Outbound,Finance,Enterprise,5,8,0,2,38,1,0
1684,Outbound,SaaS,SMB,2,7,1,0,4,3,0
1685,Organic,SaaS,Enterprise,6,5,1,0,28,0,1
1686,Referral,Healthcare,SMB,2,5,0,4,29,2,0
1687,Outbound,Healthcare,Mid-Market,7,3,0,1,56,1,0
1688,Referral,Healthcare,SMB,2,6,0,4,25,2,1
1689,Paid Search,Healthcare,SMB,3,1,1,3,42,1,0
1690,Outbound,Finance,Enterprise,2,9,0,2,16,2,0
1691,Paid Search,Finance,SMB,6,8,0,1,42,3,0
1692,Organic,Manufacturing,SMB,3,7,0,4,31,2,0
1693,Organic,Manufacturing,Mid-Market,6,10,0,4,59,2,1
1694,Outbound,Finance,Mid-Market,1,6,1,2,39,1,0
1695,Webinar,SaaS,SMB,2,11,1,4,39,4,0
1696,Outbound,Manufacturing,SMB,8,6,0,1,36,5,0
1697,Organic,Finance,SMB,6,5,0,2,52,3,0
1698,Webinar,Finance,SMB,1,6,0,3,39,3,0
1699,Organic,SaaS,Mid-Market,6,6,1,4,16,1,1
1700,Webinar,SaaS,Mid-Market,5,7,0,4,53,1,1
1701,Paid Search,SaaS,Enterprise,4,5,0,7,19,1,0
1702,Paid Search,Retail,SMB,3,2,0,2,4,2,0
1703,Outbound,Healthcare,Mid-Market,3,6,0,2,9,2,0
1704,Organic,Healthcare,Mid-Market,1,6,0,1,30,1,0
1705,Organic,Healthcare,Mid-Market,2,7,0,2,53,1,1
1706,Organic,Finance,Mid-Market,4,7,0,3,54,2,0
1707,Organic,Healthcare,Mid-Market,0,11,0,3,59,1,0
1708,Paid Search,Manufacturing,Mid-Market,3,5,0,7,9,2,1
1709,Paid Search,Finance,Enterprise,4,4,0,4,59,2,0
1710,Organic,Finance,SMB,2,4,0,0,60,1,0
1711,Webinar,Manufacturing,SMB,3,6,1,3,11,4,1
1712,Paid Search,Finance,Enterprise,2,11,0,3,52,0,0
1713,Organic,SaaS,SMB,1,6,0,3,8,1,0
1714,Paid Search,SaaS,SMB,3,4,0,5,16,1,0
1715,Paid Search,Manufacturing,Enterprise,4,8,0,3,41,2,1
1716,Outbound,Finance,SMB,5,5,0,1,58,3,0
1717,Referral,SaaS,Mid-Market,4,6,0,1,19,0,0
1718,Paid Search,Finance,SMB,4,3,1,1,45,2,1
1719,Organic,Healthcare,SMB,1,8,0,6,29,0,0
1720,Paid Search,SaaS,SMB,2,7,1,9,19,1,1
1721,Organic,SaaS,SMB,1,7,1,7,1,4,1
1722,Paid Search,Retail,Enterprise,5,8,1,5,33,1,0
1723,Webinar,SaaS,Enterprise,3,7,0,2,25,2,0
1724,Organic,SaaS,Enterprise,3,3,0,3,56,3,0
1725,Organic,Retail,Mid-Market,5,7,1,0,17,4,1
1726,Paid Search,Healthcare,SMB,5,7,0,3,20,2,1
1727,Organic,SaaS,SMB,3,3,1,1,60,5,0
1728,Referral,Healthcare,Mid-Market,5,4,0,3,5,3,0
1729,Organic,Healthcare,SMB,3,1,0,0,31,1,0
1730,Paid Search,Retail,Enterprise,5,3,0,2,16,3,0
1731,Webinar,Manufacturing,Enterprise,1,7,1,1,24,0,0
1732,Organic,Manufacturing,Mid-Market,2,6,0,5,6,1,1
1733,Webinar,Finance,Mid-Market,3,10,0,2,17,2,1
1734,Outbound,Retail,SMB,2,3,0,3,8,3,0
1735,Organic,Retail,Mid-Market,5,11,1,3,51,2,1
1736,Paid Search,Retail,SMB,3,3,0,3,10,0,0
1737,Webinar,Healthcare,Mid-Market,5,10,0,3,6,1,1
1738,Webinar,Retail,SMB,2,5,0,4,57,0,0
1739,Paid Search,Retail,Mid-Market,5,5,0,1,35,0,0
1740,Organic,Manufacturing,Enterprise,5,5,0,3,26,1,1
1741,Paid Search,SaaS,Mid-Market,6,6,1,2,43,2,1
1742,Webinar,Healthcare,Enterprise,1,7,0,0,38,3,0
1743,Webinar,Finance,Mid-Market,6,7,0,2,20,3,0
1744,Referral,Healthcare,SMB,5,11,0,7,60,3,1
1745,Organic,SaaS,Mid-Market,3,6,0,5,12,5,1
1746,Organic,Finance,SMB,5,6,0,1,47,2,1
1747,Referral,Manufacturing,Enterprise,1,6,0,1,38,0,0
1748,Outbound,Manufacturing,SMB,6,6,0,0,35,1,0
1749,Paid Search,Manufacturing,SMB,3,3,0,6,50,1,0
1750,Webinar,Retail,SMB,4,6,0,2,15,2,0
1751,Paid Search,Finance,SMB,3,8,0,2,4,1,0
1752,Organic,SaaS,SMB,5,5,0,3,43,1,0
1753,Organic,Finance,Mid-Market,5,5,0,3,1,2,0
1754,Paid Search,Manufacturing,Enterprise,1,4,1,4,10,2,1
1755,Referral,Retail,SMB,3,9,0,1,44,0,1
1756,Webinar,SaaS,SMB,1,5,0,3,36,2,0
1757,Organic,SaaS,Mid-Market,2,10,0,1,50,2,0
1758,Organic,Healthcare,SMB,5,3,0,3,10,2,0
1759,Referral,Healthcare,Mid-Market,4,5,0,2,21,0,0
1760,Paid Search,Retail,SMB,5,7,0,6,29,0,0
1761,Webinar,Finance,SMB,8,8,0,3,60,10,0
1762,Organic,Finance,SMB,4,6,0,2,48,1,1
1763,Outbound,Finance,Mid-Market,3,5,0,2,50,3,0
1764,Outbound,SaaS,SMB,6,6,0,5,46,4,0
1765,Paid Search,Retail,Mid-Market,3,9,0,4,41,1,0
1766,Webinar,SaaS,Mid-Market,5,8,1,2,9,2,1
1767,Webinar,Manufacturing,SMB,2,4,0,4,32,3,0
1768,Organic,Finance,Mid-Market,7,6,0,1,15,1,0
1769,Webinar,Finance,Enterprise,3,5,0,2,46,1,1
1770,Paid Search,Retail,Enterprise,1,4,0,2,9,0,0
1771,Paid Search,Finance,Mid-Market,4,11,0,0,24,0,1
1772,Webinar,Manufacturing,Mid-Market,3,4,0,3,4,4,0
1773,Outbound,Healthcare,SMB,4,6,0,4,17,5,1
1774,Paid Search,Retail,SMB,3,7,0,2,2,5,0
1775,Paid Search,Finance,Mid-Market,6,9,0,0,19,0,1
1776,Outbound,Manufacturing,Mid-Market,4,5,0,2,15,2,0
1777,Organic,Finance,Mid-Market,3,8,0,1,30,1,1
1778,Paid Search,SaaS,SMB,3,5,0,4,7,1,0
1779,Organic,Retail,SMB,4,1,0,3,57,1,0
1780,Webinar,SaaS,SMB,2,7,0,1,11,1,0
1781,Referral,SaaS,SMB,4,8,0,4,39,3,0
1782,Paid Search,Healthcare,SMB,2,8,0,1,14,1,1
1783,Referral,Finance,Enterprise,4,4,1,2,4,3,1
1784,Webinar,Finance,Enterprise,6,4,0,4,57,1,0
1785,Outbound,Retail,Mid-Market,3,6,0,3,1,1,0
1786,Paid Search,SaaS,SMB,4,7,0,2,13,5,0
1787,Webinar,Finance,Mid-Market,3,10,0,4,60,2,0
1788,Referral,Finance,Mid-Market,3,6,1,3,60,4,1
1789,Webinar,Finance,SMB,10,5,0,2,54,1,0
1790,Outbound,Retail,SMB,5,13,0,6,1,3,0
1791,Organic,Manufacturing,SMB,3,4,0,1,51,2,0
1792,Paid Search,Manufacturing,Mid-Market,4,8,0,3,19,2,1
1793,Outbound,Retail,Mid-Market,2,4,1,2,47,1,1
1794,Organic,Healthcare,SMB,2,3,0,7,35,1,0
1795,Referral,Finance,SMB,3,8,0,3,41,2,0
1796,Webinar,Healthcare,Mid-Market,2,1,1,0,31,3,0
1797,Webinar,Healthcare,SMB,9,9,0,7,7,3,1
1798,Paid Search,Retail,Enterprise,4,5,0,4,37,2,0
1799,Webinar,Retail,Mid-Market,3,8,0,3,17,2,1
1800,Paid Search,Manufacturing,Enterprise,3,5,0,1,13,2,0
1801,Referral,SaaS,SMB,2,4,0,3,59,1,0
1802,Webinar,SaaS,Mid-Market,5,4,0,3,55,1,0
1803,Organic,Healthcare,SMB,5,4,1,0,50,2,1
1804,Organic,Healthcare,SMB,3,4,0,2,46,3,0
1805,Organic,Manufacturing,Enterprise,2,8,0,5,41,2,0
1806,Referral,Finance,SMB,0,10,0,6,3,1,0
1807,Outbound,Retail,SMB,0,12,1,2,1,4,1
1808,Outbound,Retail,SMB,5,5,0,4,32,2,0
1809,Organic,Healthcare,SMB,6,6,0,3,54,0,0
1810,Webinar,Manufacturing,SMB,7,1,0,5,16,1,1
1811,Organic,Retail,SMB,1,5,0,0,58,3,0
1812,Organic,Manufacturing,SMB,3,4,0,2,49,2,0
1813,Outbound,Manufacturing,SMB,5,4,1,3,39,0,0
1814,Paid Search,Finance,Mid-Market,5,6,0,2,16,2,0
1815,Referral,Manufacturing,Mid-Market,3,8,0,4,53,5,1
1816,Organic,Finance,Mid-Market,2,6,0,4,15,1,0
1817,Outbound,SaaS,SMB,2,4,1,2,25,1,0
1818,Webinar,Retail,Mid-Market,3,5,0,6,15,3,0
1819,Referral,SaaS,SMB,3,9,0,1,23,1,0
1820,Outbound,SaaS,SMB,5,4,0,1,31,1,1
1821,Referral,Healthcare,Mid-Market,4,5,0,5,23,0,0
1822,Paid Search,Healthcare,SMB,5,3,0,4,45,1,0
1823,Paid Search,SaaS,Mid-Market,4,5,0,4,21,3,1
1824,Webinar,Manufacturing,Mid-Market,6,4,0,0,24,2,1
1825,Referral,Manufacturing,Mid-Market,6,3,1,5,30,1,0
1826,Organic,SaaS,SMB,5,6,0,4,44,2,0
1827,Organic,Healthcare,SMB,5,6,0,4,12,3,0
1828,Outbound,Healthcare,Mid-Market,5,11,1,2,33,2,1
1829,Paid Search,Finance,SMB,2,8,0,1,14,2,0
1830,Paid Search,Retail,Mid-Market,6,14,0,4,1,0,0
1831,Referral,Finance,Mid-Market,5,10,1,2,53,3,1
1832,Referral,Retail,Enterprise,3,12,0,3,15,0,1
1833,Paid Search,Healthcare,Enterprise,5,5,1,2,31,1,1
1834,Referral,SaaS,Mid-Market,2,4,0,3,54,2,0
1835,Webinar,Finance,Mid-Market,3,8,0,3,39,1,0
1836,Organic,Retail,Mid-Market,5,4,0,3,45,2,1
1837,Referral,Retail,Mid-Market,4,7,0,1,28,4,0
1838,Webinar,Manufacturing,SMB,7,4,0,1,58,0,0
1839,Referral,Healthcare,Mid-Market,5,6,0,4,28,0,0
1840,Outbound,Manufacturing,SMB,3,5,0,4,40,4,1
1841,Paid Search,SaaS,SMB,3,5,0,3,46,4,1
1842,Organic,Healthcare,Mid-Market,6,6,0,0,3,2,0
1843,Webinar,Retail,Mid-Market,5,9,0,2,34,2,0
1844,Organic,Manufacturing,Mid-Market,3,7,0,5,50,3,0
1845,Referral,Healthcare,Mid-Market,5,8,0,6,40,3,1
1846,Referral,Finance,SMB,3,8,0,4,19,1,1
1847,Organic,Finance,SMB,4,1,0,0,20,3,0
1848,Paid Search,Retail,Mid-Market,3,5,0,3,24,2,1
1849,Organic,Retail,SMB,2,2,0,2,9,2,1
1850,Paid Search,Manufacturing,Enterprise,4,7,1,5,4,3,0
1851,Outbound,Finance,Mid-Market,3,7,0,3,31,3,0
1852,Paid Search,Finance,Enterprise,3,2,0,4,46,2,0
1853,Organic,Manufacturing,Enterprise,1,5,0,6,3,0,0
1854,Organic,SaaS,SMB,12,8,0,3,60,5,1
1855,Paid Search,Finance,SMB,7,5,0,5,35,1,1
1856,Referral,SaaS,SMB,7,7,0,3,43,2,1
1857,Referral,SaaS,SMB,5,11,0,1,8,2,0
1858,Webinar,Finance,SMB,4,7,0,3,31,0,0
1859,Paid Search,SaaS,SMB,3,4,0,5,36,1,0
1860,Organic,Healthcare,Mid-Market,1,10,0,1,15,2,0
1861,Paid Search,Manufacturing,Enterprise,6,5,0,2,34,1,1
1862,Referral,Healthcare,Mid-Market,6,2,0,2,33,1,0
1863,Organic,Finance,Enterprise,4,7,0,3,14,1,1
1864,Outbound,Healthcare,Mid-Market,4,7,0,7,48,0,0
1865,Outbound,Manufacturing,Enterprise,2,12,0,8,29,1,1
1866,Outbound,Finance,Mid-Market,4,5,0,3,54,3,1
1867,Organic,Manufacturing,SMB,3,11,0,3,4,0,0
1868,Organic,Retail,SMB,6,1,0,1,15,1,0
1869,Organic,Retail,SMB,3,7,0,1,14,4,1
1870,Paid Search,Healthcare,Enterprise,4,4,1,4,27,1,0
1871,Organic,SaaS,Enterprise,4,6,0,2,28,2,0
1872,Webinar,SaaS,Enterprise,3,2,0,1,7,3,0
1873,Webinar,Retail,Mid-Market,3,16,0,6,42,1,1
1874,Organic,Healthcare,SMB,3,5,0,5,56,1,0
1875,Organic,Retail,SMB,4,4,0,3,29,0,1
1876,Paid Search,Retail,Enterprise,2,13,0,3,34,1,0
1877,Paid Search,Retail,Enterprise,7,7,0,2,28,3,0
1878,Referral,Finance,SMB,3,7,0,4,6,2,0
1879,Paid Search,Manufacturing,Mid-Market,5,10,1,8,9,1,1
1880,Paid Search,Finance,Enterprise,2,7,1,3,29,2,0
1881,Organic,Healthcare,SMB,3,10,1,2,30,3,1
1882,Outbound,Healthcare,SMB,5,11,0,5,22,0,1
1883,Paid Search,SaaS,SMB,4,6,0,9,44,0,1
1884,Paid Search,Finance,Mid-Market,8,7,0,3,3,0,0
1885,Organic,Retail,Mid-Market,6,6,0,1,59,3,0
1886,Organic,Healthcare,Mid-Market,4,10,0,3,48,0,1
1887,Outbound,SaaS,SMB,5,8,0,0,7,3,1
1888,Paid Search,Healthcare,Enterprise,3,8,0,4,42,2,0
1889,Paid Search,Manufacturing,Mid-Market,5,5,1,2,56,3,0
1890,Organic,Healthcare,SMB,2,8,0,3,57,2,0
1891,Webinar,Finance,SMB,4,6,0,4,9,2,1
1892,Organic,Retail,Enterprise,2,10,0,3,50,1,1
1893,Paid Search,Retail,Mid-Market,6,7,1,6,13,0,1
1894,Organic,Retail,SMB,3,10,1,1,49,0,1
1895,Paid Search,Retail,SMB,3,3,0,3,50,1,0
1896,Referral,Retail,SMB,4,0,0,5,40,3,0
1897,Referral,Healthcare,Mid-Market,4,3,0,1,17,1,0
1898,Outbound,Retail,Mid-Market,5,8,0,6,25,3,1
1899,Webinar,Manufacturing,SMB,4,0,0,3,6,4,0
1900,Paid Search,Healthcare,Enterprise,5,9,0,4,57,2,0
1901,Webinar,SaaS,Mid-Market,3,4,0,1,59,2,0
1902,Paid Search,Finance,Enterprise,3,11,0,1,30,3,0
1903,Referral,Manufacturing,Enterprise,5,6,0,3,29,6,0
1904,Referral,Finance,SMB,7,4,0,6,27,1,0
1905,Outbound,Manufacturing,SMB,4,6,0,1,31,2,0
1906,Organic,Healthcare,SMB,1,7,1,3,24,2,1
1907,Referral,Retail,Mid-Market,3,12,1,2,5,0,1
1908,Organic,Healthcare,Mid-Market,0,8,0,5,53,3,1
1909,Referral,Finance,SMB,4,7,0,0,3,1,0
1910,Webinar,Retail,SMB,0,3,0,3,4,3,1
1911,Organic,SaaS,Mid-Market,4,4,0,2,53,2,0
1912,Paid Search,Retail,SMB,2,7,0,6,39,1,0
1913,Outbound,Retail,Enterprise,7,9,0,3,52,4,1
1914,Paid Search,Finance,SMB,3,7,0,3,32,0,1
1915,Organic,Manufacturing,Mid-Market,2,6,0,1,40,2,0
1916,Organic,Healthcare,SMB,3,6,0,1,57,3,1
1917,Outbound,Retail,SMB,2,8,0,5,39,2,1
1918,Referral,Manufacturing,Mid-Market,3,6,1,5,7,2,1
1919,Paid Search,Manufacturing,Enterprise,3,5,0,1,8,2,0
1920,Referral,SaaS,Mid-Market,5,7,1,5,4,1,1
1921,Referral,SaaS,Enterprise,6,5,0,1,1,1,1
1922,Referral,Manufacturing,Mid-Market,3,4,0,0,55,1,0
1923,Webinar,Retail,Mid-Market,6,6,0,1,10,1,0
1924,Organic,Healthcare,Mid-Market,5,6,0,2,12,3,0
1925,Organic,SaaS,SMB,4,8,0,3,53,5,0
1926,Organic,Retail,Mid-Market,6,4,0,4,23,3,0
1927,Webinar,Finance,Enterprise,3,8,0,5,34,2,1
1928,Referral,Retail,SMB,2,3,0,5,37,2,0
1929,Organic,SaaS,SMB,3,10,0,1,20,3,0
1930,Paid Search,Finance,SMB,6,7,0,2,56,3,1
1931,Organic,Manufacturing,Mid-Market,4,6,0,3,41,1,0
1932,Organic,Retail,Mid-Market,5,6,0,2,4,1,0
1933,Paid Search,SaaS,Enterprise,4,5,0,3,8,0,0
1934,Webinar,SaaS,Enterprise,2,7,1,3,35,1,1
1935,Referral,Finance,Enterprise,5,5,0,2,21,1,0
1936,Referral,Retail,SMB,5,4,0,4,25,1,0
1937,Organic,Finance,Enterprise,2,9,1,6,4,1,1
1938,Organic,Finance,Mid-Market,5,11,0,2,39,2,1
1939,Referral,SaaS,Mid-Market,5,2,0,3,6,1,0
1940,Webinar,Healthcare,SMB,3,7,0,1,28,0,0
1941,Outbound,Manufacturing,Mid-Market,4,4,0,2,28,0,0
1942,Paid Search,Finance,Mid-Market,5,3,0,2,45,2,0
1943,Paid Search,Finance,SMB,3,8,0,1,1,2,1
1944,Referral,Finance,Mid-Market,3,5,0,2,30,4,1
1945,Referral,SaaS,Enterprise,5,7,1,3,2,1,1
1946,Outbound,SaaS,Mid-Market,6,5,0,5,29,1,1
1947,Organic,Retail,Enterprise,6,7,1,3,22,0,1
1948,Referral,Healthcare,SMB,6,2,0,4,47,3,1
1949,Organic,Healthcare,SMB,1,5,1,5,31,0,0
1950,Outbound,Healthcare,SMB,2,5,0,6,56,3,0
1951,Outbound,SaaS,Mid-Market,7,5,0,3,23,3,1
1952,Webinar,Finance,Enterprise,2,6,0,8,36,2,0
1953,Paid Search,SaaS,Enterprise,5,7,1,2,48,1,1
1954,Outbound,SaaS,Mid-Market,3,7,0,4,4,2,1
1955,Outbound,Finance,SMB,4,3,0,0,34,2,0
1956,Paid Search,Healthcare,SMB,5,3,0,2,27,3,0
1957,Organic,Manufacturing,SMB,2,6,0,4,56,1,0
1958,Organic,Retail,Mid-Market,4,4,0,2,45,3,0
1959,Referral,SaaS,SMB,7,6,0,2,34,5,1
1960,Webinar,Manufacturing,Mid-Market,6,3,0,0,20,1,0
1961,Paid Search,Retail,Mid-Market,3,8,0,7,31,1,0
1962,Organic,Retail,SMB,2,6,0,5,18,1,0
1963,Referral,SaaS,SMB,6,5,0,4,8,0,0
1964,Webinar,Retail,Mid-Market,5,7,0,2,21,2,0
1965,Referral,Retail,SMB,7,0,0,3,15,2,0
1966,Paid Search,SaaS,SMB,1,6,0,4,30,1,1
1967,Organic,Manufacturing,Enterprise,4,8,1,3,34,3,1
1968,Outbound,Manufacturing,Mid-Market,3,4,0,6,6,0,0
1969,Organic,SaaS,Enterprise,1,5,1,2,51,2,0
1970,Paid Search,Retail,SMB,3,5,0,1,25,3,0
1971,Webinar,Finance,SMB,3,5,0,3,30,2,0
1972,Organic,Finance,Mid-Market,3,4,0,5,1,3,0
1973,Paid Search,Healthcare,Mid-Market,6,7,0,6,25,2,0
1974,Paid Search,Manufacturing,Mid-Market,6,3,0,3,12,1,1
1975,Paid Search,Finance,Mid-Market,5,5,0,3,27,2,1
1976,Paid Search,Finance,SMB,4,4,0,2,37,3,1
1977,Referral,SaaS,SMB,3,4,0,2,21,2,1
1978,Organic,SaaS,SMB,5,6,0,1,11,6,1
1979,Organic,Manufacturing,Mid-Market,6,6,0,3,22,3,1
1980,Referral,SaaS,Mid-Market,0,6,0,3,29,1,0
1981,Webinar,Manufacturing,SMB,5,8,0,4,28,0,0
1982,Paid Search,SaaS,SMB,4,7,0,3,31,2,0
1983,Organic,Retail,SMB,1,3,1,2,21,4,1
1984,Outbound,Manufacturing,Mid-Market,5,5,0,2,27,1,0
1985,Organic,Manufacturing,Enterprise,2,4,0,2,17,1,0
1986,Paid Search,Healthcare,SMB,3,5,1,2,22,1,0
1987,Outbound,Retail,Mid-Market,7,5,1,2,4,3,1
1988,Paid Search,Healthcare,SMB,4,1,0,2,38,1,0
1989,Outbound,Retail,Enterprise,6,7,0,3,21,0,0
1990,Organic,SaaS,Enterprise,9,5,0,3,7,2,0
1991,Organic,Finance,SMB,4,2,0,5,51,3,0
1992,Referral,Manufacturing,Mid-Market,2,7,0,1,41,0,0
1993,Outbound,SaaS,Enterprise,5,5,1,5,34,2,0
1994,Webinar,Healthcare,SMB,3,6,0,2,23,3,1
1995,Referral,Healthcare,SMB,1,5,0,4,23,0,0
1996,Webinar,Retail,Mid-Market,5,3,0,5,28,2,0
1997,Outbound,Manufacturing,Enterprise,7,3,0,4,4,3,0
1998,Organic,Finance,Mid-Market,7,7,0,2,21,2,1
1999,Webinar,Manufacturing,SMB,3,3,1,3,49,2,0
2000,Paid Search,Retail,Enterprise,4,7,0,0,52,2,0
2001,Outbound,Finance,Mid-Market,6,8,0,2,60,1,1
2002,Organic,SaaS,SMB,3,3,1,3,11,1,0
2003,Webinar,Manufacturing,Mid-Market,3,5,0,2,27,0,0
2004,Referral,SaaS,Mid-Market,2,8,1,3,57,5,0
2005,Organic,Finance,Enterprise,3,5,0,3,21,3,0
2006,Outbound,Healthcare,Enterprise,0,6,0,6,41,2,1
2007,Paid Search,Retail,SMB,2,4,0,4,35,1,0
2008,Webinar,Manufacturing,SMB,3,7,0,7,24,0,1
2009,Organic,Retail,Mid-Market,4,4,0,2,55,1,0
2010,Organic,Finance,Enterprise,4,8,1,3,47,0,1
2011,Outbound,Healthcare,Mid-Market,10,4,0,2,3,1,0
2012,Referral,Manufacturing,SMB,3,3,1,2,1,1,1
2013,Outbound,Manufacturing,Mid-Market,6,4,1,1,51,4,1
2014,Webinar,Finance,SMB,2,5,0,0,27,3,1
2015,Referral,Healthcare,SMB,2,5,0,5,34,1,0
2016,Outbound,Manufacturing,SMB,4,6,0,4,25,4,0
2017,Paid Search,Finance,Mid-Market,7,5,0,2,24,3,1
2018,Webinar,SaaS,Enterprise,7,11,0,7,54,0,1
2019,Organic,Retail,SMB,4,3,0,3,59,1,0
2020,Organic,Retail,SMB,2,5,0,3,18,1,0
2021,Paid Search,Healthcare,Enterprise,0,6,0,2,40,2,0
2022,Paid Search,Finance,SMB,5,5,0,2,58,1,0
2023,Outbound,Manufacturing,SMB,3,4,0,3,52,3,1
2024,Paid Search,Finance,Mid-Market,4,8,0,3,3,2,1
2025,Webinar,Finance,Mid-Market,2,5,1,1,2,2,1
2026,Referral,SaaS,Enterprise,3,8,0,5,39,2,1
2027,Paid Search,SaaS,SMB,5,4,0,1,6,0,1
2028,Outbound,Finance,Mid-Market,4,7,1,2,8,1,1
2029,Paid Search,Finance,SMB,9,6,0,2,11,1,1
2030,Paid Search,Retail,SMB,3,7,0,7,28,1,0
2031,Referral,Retail,SMB,3,5,0,1,26,2,1
2032,Organic,Finance,Enterprise,4,10,0,0,13,4,1
2033,Organic,Finance,Enterprise,5,6,0,2,23,3,1
2034,Paid Search,Finance,SMB,5,3,0,2,42,0,0
2035,Referral,Manufacturing,SMB,7,8,0,3,13,0,1
2036,Organic,Retail,SMB,2,7,0,1,51,1,0
2037,Organic,SaaS,SMB,6,7,0,6,1,3,1
2038,Organic,Healthcare,Mid-Market,2,4,0,6,15,1,1
2039,Organic,Retail,Mid-Market,4,6,0,2,49,1,1
2040,Referral,Healthcare,Mid-Market,7,4,0,2,53,1,1
2041,Paid Search,Manufacturing,SMB,4,5,0,3,58,1,1
2042,Webinar,SaaS,Mid-Market,5,11,0,4,24,1,0
2043,Outbound,SaaS,SMB,3,4,0,2,32,2,0
2044,Organic,Retail,Mid-Market,3,6,0,2,55,2,0
2045,Organic,SaaS,Mid-Market,3,4,0,2,57,3,0
2046,Paid Search,Retail,SMB,2,4,0,3,26,1,0
2047,Outbound,Healthcare,SMB,2,8,0,3,19,0,0
2048,Organic,Retail,SMB,5,6,0,4,5,4,1
2049,Organic,Healthcare,SMB,3,7,0,3,36,2,1
2050,Referral,SaaS,Mid-Market,4,3,0,2,34,3,1
2051,Paid Search,Manufacturing,Mid-Market,2,6,0,4,31,3,1
2052,Paid Search,SaaS,Mid-Market,0,9,0,3,32,1,1
2053,Paid Search,Manufacturing,Enterprise,5,2,0,3,38,2,1
2054,Organic,SaaS,SMB,5,6,0,4,11,4,0
2055,Paid Search,Retail,SMB,4,7,1,4,35,5,1
2056,Outbound,Healthcare,Mid-Market,5,8,0,7,39,2,0
2057,Paid Search,Healthcare,Mid-Market,1,7,0,4,1,1,0
2058,Organic,SaaS,SMB,8,9,0,4,1,0,1
2059,Organic,SaaS,SMB,4,6,0,2,10,1,0
2060,Outbound,Retail,SMB,2,5,0,1,52,1,0
2061,Paid Search,Finance,SMB,1,3,0,2,47,1,0
2062,Paid Search,SaaS,SMB,5,7,0,2,22,3,0
2063,Paid Search,Retail,Enterprise,4,3,0,5,13,0,0
2064,Organic,Finance,SMB,3,4,0,1,33,2,0
2065,Paid Search,Finance,SMB,4,8,0,3,7,3,0
2066,Webinar,SaaS,SMB,4,8,0,1,50,1,1
2067,Webinar,Healthcare,Enterprise,4,5,0,1,48,3,0
2068,Referral,Healthcare,SMB,5,6,1,0,31,0,1
2069,Paid Search,Retail,SMB,6,1,0,4,20,1,0
2070,Referral,Retail,SMB,4,6,0,2,9,3,0
2071,Organic,Finance,SMB,4,5,0,3,53,3,1
2072,Organic,SaaS,Enterprise,2,4,0,4,15,1,0
2073,Organic,Manufacturing,Enterprise,5,4,0,3,14,3,0
2074,Organic,Healthcare,Mid-Market,2,3,0,4,21,3,0
2075,Referral,Healthcare,SMB,5,1,0,3,44,0,0
2076,Organic,Manufacturing,Enterprise,4,7,0,5,12,0,1
2077,Paid Search,Finance,SMB,3,6,0,2,59,0,0
2078,Organic,Manufacturing,Mid-Market,3,6,1,2,47,1,0
2079,Referral,Retail,Mid-Market,6,4,0,3,16,2,0
2080,Organic,Finance,Enterprise,3,1,1,1,23,1,1
2081,Referral,SaaS,SMB,3,5,0,4,16,1,0
2082,Outbound,Manufacturing,Mid-Market,4,6,0,2,44,1,0
2083,Outbound,SaaS,Enterprise,3,6,0,1,26,3,0
2084,Paid Search,SaaS,SMB,7,6,0,2,51,3,1
2085,Referral,Healthcare,Mid-Market,6,10,0,0,19,3,1
2086,Organic,SaaS,Mid-Market,4,3,0,2,46,3,0
2087,Webinar,Retail,Enterprise,4,3,0,2,32,3,0
2088,Organic,Healthcare,Mid-Market,0,7,0,5,57,1,0
2089,Paid Search,Healthcare,Enterprise,4,7,0,1,52,0,0
2090,Outbound,Healthcare,SMB,4,8,0,8,20,2,1
2091,Paid Search,Healthcare,Mid-Market,2,2,0,2,59,1,0
2092,Paid Search,SaaS,SMB,3,8,1,3,26,2,1
2093,Paid Search,SaaS,Enterprise,1,6,0,3,8,0,0
2094,Paid Search,Manufacturing,Mid-Market,6,9,0,3,10,3,1
2095,Organic,Retail,Enterprise,1,14,0,3,7,0,0
2096,Paid Search,Finance,SMB,4,7,0,4,8,2,0
2097,Outbound,Healthcare,SMB,8,7,0,1,29,0,0
2098,Outbound,SaaS,SMB,2,6,0,1,26,3,0
2099,Organic,Manufacturing,Enterprise,3,6,0,1,59,2,1
2100,Paid Search,Manufacturing,SMB,5,7,0,4,17,1,1
2101,Paid Search,Finance,Mid-Market,4,5,0,3,30,3,1
2102,Outbound,Manufacturing,Mid-Market,1,5,1,3,45,1,1
2103,Paid Search,Healthcare,Mid-Market,5,6,0,2,46,2,0
2104,Outbound,SaaS,SMB,4,1,0,2,56,3,0
2105,Paid Search,Finance,Mid-Market,1,8,0,3,17,0,0
2106,Outbound,Finance,SMB,0,6,0,3,51,3,1
2107,Outbound,Finance,Mid-Market,1,4,0,0,23,1,0
2108,Paid Search,Retail,SMB,0,4,0,1,9,2,0
2109,Paid Search,Finance,SMB,5,5,0,6,27,0,0
2110,Organic,Finance,Enterprise,5,5,0,3,18,1,0
2111,Organic,SaaS,SMB,6,6,0,1,11,2,0
2112,Organic,Retail,Enterprise,1,7,0,4,54,1,0
2113,Paid Search,Retail,SMB,5,1,0,3,44,4,0
2114,Paid Search,Retail,SMB,4,5,0,1,58,2,0
2115,Outbound,Manufacturing,Enterprise,3,4,0,1,58,3,0
2116,Organic,Healthcare,SMB,9,9,0,2,33,1,0
2117,Outbound,Healthcare,SMB,5,1,0,2,6,3,0
2118,Outbound,Retail,Mid-Market,4,8,0,1,27,1,0
2119,Organic,Manufacturing,Enterprise,2,2,1,3,3,0,1
2120,Referral,Finance,SMB,2,8,0,3,39,3,1
2121,Paid Search,SaaS,Mid-Market,3,6,0,4,50,1,0
2122,Organic,Retail,SMB,5,1,0,3,39,1,0
2123,Outbound,Retail,Enterprise,3,8,0,1,4,2,0
2124,Paid Search,Healthcare,Mid-Market,5,10,1,4,26,2,1
2125,Outbound,SaaS,Mid-Market,6,9,0,2,56,3,1
2126,Organic,Healthcare,SMB,5,7,0,2,45,1,1
2127,Webinar,Manufacturing,SMB,3,3,1,3,33,3,0
2128,Webinar,Finance,Mid-Market,2,6,0,6,48,1,1
2129,Organic,Finance,SMB,5,7,0,3,8,2,0
2130,Paid Search,Manufacturing,Mid-Market,9,6,0,1,58,0,0
2131,Organic,Healthcare,Mid-Market,5,5,0,3,52,1,1
2132,Webinar,Healthcare,SMB,2,4,1,3,20,2,0
2133,Paid Search,Manufacturing,Mid-Market,4,4,0,1,8,1,0
2134,Paid Search,Manufacturing,SMB,3,4,1,4,38,3,1
2135,Organic,Finance,SMB,6,3,1,4,55,2,1
2136,Webinar,Manufacturing,SMB,2,6,0,4,19,3,0
2137,Organic,Retail,Enterprise,3,7,0,5,57,2,1
2138,Paid Search,Manufacturing,SMB,3,5,0,1,20,0,0
2139,Outbound,Retail,Enterprise,5,4,0,1,60,1,0
2140,Organic,Retail,SMB,5,5,0,2,46,1,0
2141,Referral,Manufacturing,Enterprise,3,10,0,0,30,2,1
2142,Organic,Healthcare,Enterprise,5,9,0,2,56,1,1
2143,Organic,Manufacturing,Enterprise,2,4,0,5,25,2,1
2144,Organic,SaaS,Mid-Market,3,6,0,3,19,2,0
2145,Organic,SaaS,SMB,5,4,0,3,53,4,0
2146,Paid Search,Healthcare,SMB,3,8,0,3,22,2,0
2147,Referral,Retail,SMB,7,7,0,1,54,3,1
2148,Paid Search,Healthcare,Enterprise,2,5,0,1,44,1,0
2149,Outbound,SaaS,Mid-Market,4,7,0,1,40,2,0
2150,Referral,SaaS,Mid-Market,2,3,0,2,4,5,0
2151,Referral,SaaS,SMB,7,5,1,3,60,2,1
2152,Webinar,SaaS,SMB,4,5,0,5,34,3,0
2153,Organic,Finance,Mid-Market,5,5,0,2,15,2,1
2154,Referral,Healthcare,Mid-Market,5,7,1,7,38,3,1
2155,Organic,Healthcare,Enterprise,5,11,0,2,3,2,1
2156,Paid Search,Finance,SMB,6,7,0,3,38,4,1
2157,Paid Search,Retail,Mid-Market,2,3,1,3,22,2,1
2158,Outbound,Manufacturing,Mid-Market,2,4,0,5,30,1,0
2159,Webinar,Healthcare,SMB,0,8,0,2,54,3,0
2160,Organic,Finance,Mid-Market,3,3,0,3,15,0,0
2161,Outbound,SaaS,SMB,4,2,0,2,32,1,0
2162,Paid Search,Healthcare,SMB,3,4,0,1,11,0,0
2163,Webinar,Manufacturing,Mid-Market,4,6,0,3,43,0,0
2164,Outbound,Healthcare,Mid-Market,3,8,0,1,26,0,1
2165,Referral,SaaS,Mid-Market,4,1,1,3,8,3,1
2166,Paid Search,Manufacturing,SMB,2,7,1,6,34,0,1
2167,Paid Search,Manufacturing,Enterprise,2,3,0,3,3,3,1
2168,Outbound,Retail,Enterprise,2,4,0,5,5,1,0
2169,Webinar,Finance,Enterprise,5,12,0,2,1,1,0
2170,Referral,Finance,SMB,2,2,0,1,1,3,0
2171,Referral,Healthcare,Mid-Market,3,5,0,3,45,4,0
2172,Outbound,Healthcare,SMB,10,6,0,6,23,0,0
2173,Webinar,Retail,SMB,4,6,0,2,15,2,1
2174,Referral,Manufacturing,Mid-Market,3,3,0,1,52,1,1
2175,Paid Search,Healthcare,Mid-Market,4,5,1,3,38,4,1
2176,Paid Search,SaaS,Mid-Market,8,5,0,2,25,1,0
2177,Organic,Retail,Mid-Market,4,6,0,2,41,1,0
2178,Paid Search,SaaS,Enterprise,4,7,0,2,34,0,0
2179,Referral,Healthcare,Mid-Market,1,8,0,2,6,1,0
2180,Organic,Healthcare,Enterprise,4,7,0,4,26,6,1
2181,Webinar,Healthcare,Mid-Market,5,5,0,3,53,3,1
2182,Paid Search,Manufacturing,SMB,2,9,0,0,55,2,0
2183,Outbound,Finance,Mid-Market,4,9,0,3,35,1,0
2184,Referral,SaaS,SMB,5,5,1,3,6,4,1
2185,Referral,SaaS,SMB,7,3,0,2,50,2,0
2186,Referral,Retail,Mid-Market,2,8,0,3,3,0,0
2187,Referral,Finance,Enterprise,6,9,0,4,12,5,1
2188,Paid Search,SaaS,SMB,2,4,0,4,26,2,0
2189,Paid Search,Retail,Enterprise,1,6,0,3,27,2,1
2190,Webinar,Manufacturing,Enterprise,5,10,0,2,33,0,1
2191,Paid Search,Retail,SMB,7,7,0,5,51,3,1
2192,Paid Search,Finance,Mid-Market,6,8,0,2,26,0,0
2193,Webinar,Healthcare,SMB,6,5,0,3,37,1,1
2194,Paid Search,Healthcare,Mid-Market,2,2,0,5,3,0,0
2195,Organic,Retail,SMB,6,6,0,7,24,5,0
2196,Outbound,SaaS,SMB,3,4,0,4,25,1,1
2197,Outbound,SaaS,SMB,4,5,0,4,58,1,0
2198,Organic,Manufacturing,Enterprise,4,4,0,4,54,3,0
2199,Webinar,Manufacturing,Enterprise,3,7,0,7,11,0,1
2200,Webinar,Finance,SMB,7,8,0,5,23,1,0
2201,Organic,Finance,SMB,7,8,0,2,10,1,0
2202,Referral,Healthcare,Enterprise,3,7,0,2,51,1,0
2203,Organic,Healthcare,SMB,6,6,0,4,31,0,0
2204,Referral,Healthcare,SMB,6,13,0,1,14,0,0
2205,Organic,Finance,SMB,2,4,0,0,49,1,0
2206,Referral,Retail,Enterprise,2,4,1,1,48,1,1
2207,Outbound,Finance,Mid-Market,5,4,0,4,39,4,1
2208,Paid Search,Finance,Mid-Market,7,3,1,2,44,3,1
2209,Paid Search,SaaS,SMB,7,4,0,1,12,0,0
2210,Organic,Healthcare,Mid-Market,2,5,1,2,24,3,1
2211,Referral,Finance,Enterprise,4,9,0,2,27,1,0
2212,Webinar,Healthcare,Enterprise,4,5,0,4,34,1,0
2213,Paid Search,SaaS,Enterprise,5,5,0,6,2,3,0
2214,Webinar,Retail,SMB,4,7,0,2,11,4,0
2215,Paid Search,Retail,Mid-Market,6,8,0,1,15,2,0
2216,Organic,Retail,SMB,5,5,0,5,28,0,0
2217,Organic,Retail,Mid-Market,5,7,0,3,6,2,0
2218,Paid Search,SaaS,SMB,8,6,0,5,2,1,1
2219,Webinar,Healthcare,SMB,1,10,0,1,7,2,0
2220,Paid Search,Retail,Mid-Market,3,6,0,2,22,0,1
2221,Paid Search,Finance,Mid-Market,2,1,0,0,28,9,0
2222,Paid Search,Healthcare,SMB,6,6,0,2,21,1,0
2223,Webinar,Finance,Mid-Market,4,3,0,4,46,1,0
2224,Referral,Finance,SMB,2,7,1,4,35,1,0
2225,Organic,SaaS,Enterprise,2,4,1,3,39,2,1
2226,Organic,Healthcare,Mid-Market,4,3,0,5,19,3,0
2227,Referral,Retail,SMB,5,5,0,3,11,1,1
2228,Webinar,Retail,SMB,3,1,0,3,29,1,0
2229,Outbound,Retail,Mid-Market,2,6,1,4,55,2,0
2230,Paid Search,Retail,SMB,5,4,0,4,2,2,1
2231,Paid Search,SaaS,Mid-Market,5,5,0,2,43,1,1
2232,Paid Search,Healthcare,SMB,4,5,0,1,11,3,0
2233,Organic,Finance,Mid-Market,3,7,1,3,33,3,0
2234,Organic,Finance,Mid-Market,3,7,0,3,34,2,0
2235,Referral,SaaS,SMB,4,5,0,2,13,3,0
2236,Organic,SaaS,SMB,7,5,0,1,36,1,0
2237,Webinar,Finance,Enterprise,5,3,0,4,37,2,0
2238,Webinar,Manufacturing,Mid-Market,3,12,0,4,54,4,0
2239,Organic,Healthcare,Mid-Market,4,6,0,3,17,3,0
2240,Paid Search,Manufacturing,SMB,1,6,0,1,5,3,0
2241,Outbound,Finance,SMB,3,6,0,3,24,2,0
2242,Referral,Finance,Enterprise,3,3,1,5,17,1,1
2243,Referral,Healthcare,SMB,7,4,1,1,36,5,1
2244,Paid Search,Finance,Mid-Market,0,6,0,2,16,2,0
2245,Organic,Healthcare,SMB,3,4,1,1,5,0,1
2246,Organic,Retail,SMB,5,7,1,3,18,1,1
2247,Paid Search,Manufacturing,Mid-Market,2,4,1,6,14,3,1
2248,Organic,Manufacturing,Enterprise,4,6,0,2,51,1,0
2249,Outbound,Manufacturing,Enterprise,1,5,0,1,8,1,1
2250,Paid Search,Finance,Mid-Market,5,4,0,4,43,1,0
2251,Webinar,Finance,Mid-Market,5,8,0,1,29,3,0
2252,Paid Search,Finance,SMB,1,4,1,2,33,3,0
2253,Paid Search,Finance,SMB,0,5,0,5,6,2,0
2254,Paid Search,Healthcare,Mid-Market,9,5,0,1,5,1,1
2255,Outbound,Healthcare,Enterprise,4,4,0,4,9,1,0
2256,Webinar,Retail,Mid-Market,6,3,0,5,25,4,1
2257,Organic,Healthcare,SMB,1,6,0,3,56,3,0
2258,Organic,Healthcare,Mid-Market,4,5,0,5,5,0,0
2259,Paid Search,Finance,Mid-Market,10,7,0,5,56,3,1
2260,Organic,Healthcare,SMB,9,7,0,1,51,4,1
2261,Outbound,Healthcare,Enterprise,3,3,0,4,11,1,0
2262,Outbound,Manufacturing,SMB,5,10,1,5,40,1,0
2263,Referral,Manufacturing,SMB,1,8,0,2,35,4,0
2264,Outbound,Healthcare,Mid-Market,8,10,0,5,42,3,0
2265,Referral,Healthcare,Mid-Market,3,8,0,1,40,6,0
2266,Referral,Finance,SMB,2,7,0,5,52,1,1
2267,Paid Search,Healthcare,Enterprise,3,5,0,3,1,2,0
2268,Paid Search,Retail,SMB,5,4,0,4,7,1,1
2269,Paid Search,SaaS,Mid-Market,5,9,0,1,2,0,0
2270,Referral,Healthcare,Mid-Market,0,8,0,3,41,2,1
2271,Referral,Manufacturing,Mid-Market,3,3,0,4,32,1,1
2272,Paid Search,SaaS,SMB,4,5,0,3,52,3,0
2273,Outbound,Finance,Enterprise,2,5,0,2,13,1,0
2274,Paid Search,Finance,SMB,4,9,0,0,24,2,1
2275,Organic,Retail,Enterprise,2,3,0,0,8,2,1
2276,Webinar,SaaS,SMB,0,7,0,8,46,6,0
2277,Organic,Healthcare,Enterprise,4,5,0,2,8,1,0
2278,Organic,Retail,Mid-Market,2,8,0,3,59,3,0
2279,Organic,Manufacturing,SMB,4,3,0,2,50,4,0
2280,Referral,Manufacturing,SMB,5,5,0,3,8,2,0
2281,Referral,Finance,SMB,6,7,0,4,59,0,1
2282,Referral,Retail,Mid-Market,11,6,0,2,20,1,1
2283,Referral,Retail,SMB,5,7,0,1,56,3,1
2284,Webinar,SaaS,SMB,4,5,0,2,43,2,0
2285,Webinar,Healthcare,Mid-Market,6,6,0,4,55,2,1
2286,Referral,Retail,Mid-Market,6,8,0,5,23,3,0
2287,Webinar,Retail,Enterprise,3,4,1,2,54,1,0
2288,Paid Search,Retail,SMB,4,6,0,2,37,1,0
2289,Referral,SaaS,SMB,2,5,0,4,54,0,0
2290,Referral,Finance,SMB,3,3,0,3,12,4,1
2291,Paid Search,Finance,SMB,4,7,0,4,59,2,0
2292,Organic,Retail,SMB,2,9,1,3,32,1,1
2293,Referral,SaaS,Mid-Market,3,9,0,2,20,3,1
2294,Referral,Finance,SMB,5,5,1,4,14,4,1
2295,Webinar,Finance,Mid-Market,2,4,0,3,23,1,0
2296,Organic,Manufacturing,Mid-Market,3,4,0,1,7,3,0
2297,Paid Search,Healthcare,SMB,4,6,0,1,2,1,0
2298,Webinar,Manufacturing,Enterprise,1,6,0,2,45,1,0
2299,Paid Search,SaaS,Enterprise,2,7,0,3,21,1,0
2300,Paid Search,Finance,SMB,4,6,0,2,44,1,0
2301,Referral,Healthcare,SMB,5,9,0,5,45,2,0
2302,Organic,SaaS,SMB,5,5,0,10,46,1,1
2303,Paid Search,SaaS,SMB,3,4,1,4,17,3,0
2304,Outbound,Healthcare,SMB,4,3,1,2,48,2,1
2305,Outbound,Finance,SMB,4,7,0,3,55,1,0
2306,Outbound,Manufacturing,Mid-Market,5,5,0,4,60,2,0
2307,Outbound,Healthcare,SMB,6,6,0,3,42,4,0
2308,Webinar,Finance,Enterprise,2,3,0,3,25,2,0
2309,Outbound,Retail,Enterprise,5,4,0,2,43,1,0
2310,Organic,Healthcare,Mid-Market,3,7,0,3,56,6,0
2311,Paid Search,Healthcare,Enterprise,4,4,1,5,27,1,1
2312,Outbound,SaaS,Mid-Market,3,7,0,3,46,1,0
2313,Paid Search,Manufacturing,SMB,1,5,1,1,11,1,1
2314,Outbound,Finance,Enterprise,8,5,0,4,4,2,1
2315,Organic,Finance,SMB,8,10,0,2,7,4,1
2316,Paid Search,Finance,Enterprise,4,8,0,7,30,0,0
2317,Organic,Finance,Mid-Market,3,2,0,2,35,2,0
2318,Referral,Manufacturing,Mid-Market,4,3,1,2,10,3,0
2319,Organic,Retail,Enterprise,2,9,0,1,7,1,0
2320,Organic,Retail,SMB,4,2,1,4,29,4,0
2321,Paid Search,Manufacturing,SMB,5,9,0,4,44,2,0
2322,Webinar,SaaS,Enterprise,5,12,0,2,26,1,0
2323,Outbound,SaaS,Mid-Market,2,7,0,3,51,4,0
2324,Outbound,Healthcare,Mid-Market,6,7,0,2,3,1,1
2325,Webinar,SaaS,Mid-Market,3,5,0,1,4,3,0
2326,Outbound,Finance,SMB,5,9,0,4,56,3,0
2327,Organic,SaaS,Enterprise,1,5,0,5,53,0,0
2328,Outbound,Finance,Enterprise,7,6,0,2,32,2,0
2329,Paid Search,Healthcare,Enterprise,4,8,0,3,16,2,1
2330,Paid Search,Finance,Enterprise,6,5,0,2,18,1,1
2331,Organic,Manufacturing,Enterprise,5,6,0,1,39,0,0
2332,Paid Search,Manufacturing,SMB,2,6,1,6,7,4,1
2333,Outbound,Manufacturing,Mid-Market,5,4,0,3,23,1,0
2334,Webinar,Retail,SMB,3,4,1,2,47,1,0
2335,Webinar,Retail,Mid-Market,7,3,1,1,54,0,0
2336,Referral,Retail,Mid-Market,3,7,0,0,27,3,0
2337,Referral,Manufacturing,SMB,4,6,0,1,19,2,0
2338,Webinar,Finance,Mid-Market,4,4,0,4,39,1,0
2339,Organic,Healthcare,SMB,5,8,0,4,38,4,1
2340,Paid Search,SaaS,SMB,2,7,0,1,13,3,1
2341,Organic,Manufacturing,Enterprise,4,5,0,4,28,4,0
2342,Organic,SaaS,SMB,5,4,0,2,12,2,1
2343,Referral,SaaS,Enterprise,4,2,1,2,47,1,0
2344,Paid Search,Finance,Mid-Market,4,2,0,3,57,0,1
2345,Organic,SaaS,Mid-Market,4,11,0,6,8,2,0
2346,Outbound,SaaS,Enterprise,1,3,1,2,5,2,1
2347,Referral,Healthcare,Mid-Market,3,13,0,3,23,3,0
2348,Paid Search,Healthcare,Mid-Market,3,8,1,3,10,2,0
2349,Referral,Manufacturing,Mid-Market,2,8,0,3,8,3,0
2350,Outbound,Finance,SMB,3,8,0,5,2,4,0
2351,Referral,Retail,Enterprise,3,7,0,3,21,1,0
2352,Paid Search,Healthcare,Enterprise,8,6,0,7,20,3,1
2353,Outbound,Finance,Enterprise,1,3,0,4,37,0,0
2354,Webinar,Manufacturing,Mid-Market,5,7,0,4,4,0,0
2355,Webinar,SaaS,Enterprise,3,2,0,3,60,2,0
2356,Referral,Manufacturing,SMB,1,6,1,3,46,1,1
2357,Paid Search,SaaS,Enterprise,2,6,1,3,28,4,1
2358,Outbound,Finance,SMB,6,5,0,5,36,0,0
2359,Webinar,Retail,Enterprise,2,10,0,0,56,5,1
2360,Outbound,Finance,Mid-Market,8,7,0,6,36,1,0
2361,Webinar,Retail,SMB,2,7,0,3,39,3,0
2362,Paid Search,Manufacturing,Mid-Market,1,9,0,3,1,2,0
2363,Referral,Manufacturing,SMB,4,9,0,4,22,3,0
2364,Referral,SaaS,Mid-Market,7,11,0,5,5,4,1
2365,Paid Search,SaaS,SMB,3,5,0,4,5,1,0
2366,Organic,Healthcare,SMB,5,6,0,5,33,2,1
2367,Webinar,SaaS,Mid-Market,3,7,0,3,29,1,1
2368,Outbound,SaaS,Mid-Market,1,7,0,4,19,2,1
2369,Organic,SaaS,Enterprise,4,8,0,5,30,2,0
2370,Organic,SaaS,Enterprise,6,6,1,2,16,4,1
2371,Organic,Retail,Mid-Market,1,8,0,0,3,2,0
2372,Outbound,Retail,Enterprise,4,6,1,4,19,2,1
2373,Outbound,SaaS,SMB,4,5,0,3,25,3,1
2374,Paid Search,Healthcare,Mid-Market,4,4,0,2,50,4,0
2375,Outbound,Manufacturing,SMB,5,2,0,3,49,2,0
2376,Referral,Manufacturing,SMB,3,5,0,1,7,1,0
2377,Organic,SaaS,Mid-Market,4,6,0,2,13,2,1
2378,Paid Search,Manufacturing,Mid-Market,3,6,0,3,34,2,0
2379,Paid Search,Retail,Mid-Market,0,7,1,2,55,1,0
2380,Webinar,SaaS,Enterprise,4,4,0,2,25,2,0
2381,Referral,Healthcare,Enterprise,3,7,0,5,26,1,1
2382,Organic,Healthcare,SMB,4,6,0,2,8,2,0
2383,Paid Search,Healthcare,Mid-Market,8,5,0,2,27,2,0
2384,Outbound,Retail,Enterprise,8,2,0,3,13,4,1
2385,Organic,Healthcare,Mid-Market,4,7,0,4,15,7,0
2386,Webinar,Finance,Mid-Market,5,1,0,3,14,1,0
2387,Referral,Manufacturing,SMB,6,8,1,5,53,0,1
2388,Outbound,Finance,Mid-Market,2,4,0,2,8,2,0
2389,Referral,Finance,SMB,4,6,0,5,38,3,0
2390,Paid Search,Finance,SMB,3,7,0,1,49,1,0
2391,Organic,Healthcare,Enterprise,3,5,1,5,18,1,0
2392,Outbound,Manufacturing,SMB,2,7,0,0,3,2,0
2393,Outbound,Retail,Mid-Market,1,9,0,2,35,1,0
2394,Paid Search,Retail,SMB,5,13,0,2,43,1,0
2395,Organic,Finance,Mid-Market,2,7,0,4,1,1,0
2396,Organic,Retail,SMB,2,5,0,2,60,3,0
2397,Organic,Manufacturing,SMB,6,9,0,1,39,1,1
2398,Paid Search,Finance,SMB,5,11,0,5,59,3,1
2399,Referral,Healthcare,SMB,1,6,0,5,23,2,1
2400,Organic,Healthcare,SMB,2,3,0,3,32,4,1
2401,Organic,Finance,Enterprise,3,5,0,0,45,3,0
2402,Referral,Healthcare,Mid-Market,6,2,0,2,3,2,0
2403,Paid Search,Manufacturing,SMB,4,3,0,1,15,1,0
2404,Referral,Retail,SMB,2,7,0,3,48,1,0
2405,Webinar,Manufacturing,SMB,4,7,0,1,33,2,1
2406,Outbound,SaaS,SMB,3,5,0,4,50,2,0
2407,Paid Search,Healthcare,Enterprise,5,10,1,2,52,2,1
2408,Referral,SaaS,SMB,6,8,1,0,15,3,1
2409,Paid Search,Finance,Enterprise,7,4,0,4,53,0,0
2410,Paid Search,Finance,SMB,2,3,0,5,25,3,0
2411,Paid Search,SaaS,Mid-Market,2,7,0,1,14,1,0
2412,Paid Search,Manufacturing,Mid-Market,3,10,0,4,53,0,1
2413,Organic,SaaS,Mid-Market,3,10,0,1,55,3,0
2414,Paid Search,Retail,SMB,6,8,0,7,59,2,1
2415,Paid Search,Finance,SMB,2,9,0,1,37,0,0
2416,Outbound,Finance,Mid-Market,2,7,0,5,51,0,1
2417,Outbound,Finance,SMB,2,6,0,4,60,2,0
2418,Outbound,Manufacturing,SMB,3,5,0,3,41,1,0
2419,Referral,Finance,SMB,4,3,0,1,13,2,0
2420,Webinar,SaaS,SMB,2,9,1,6,45,2,1
2421,Paid Search,Manufacturing,SMB,6,3,0,5,3,2,1
2422,Organic,Retail,SMB,4,5,0,4,51,2,1
2423,Paid Search,SaaS,SMB,4,8,0,6,32,1,1
2424,Referral,Retail,Mid-Market,5,8,1,2,57,1,0
2425,Referral,Retail,SMB,2,5,0,2,49,0,0
2426,Organic,Retail,SMB,2,4,0,1,15,3,1
2427,Referral,Healthcare,SMB,3,11,0,1,16,1,0
2428,Referral,Retail,SMB,5,1,1,6,38,0,1
2429,Referral,Finance,SMB,5,7,0,2,11,1,0
2430,Organic,Healthcare,Mid-Market,6,5,0,1,10,0,0
2431,Referral,Healthcare,SMB,3,3,0,0,13,3,0
2432,Referral,Healthcare,SMB,8,3,0,4,29,2,0
2433,Referral,Finance,Mid-Market,5,6,1,4,17,2,1
2434,Organic,Finance,Mid-Market,1,4,0,12,33,1,0
2435,Paid Search,Healthcare,Mid-Market,2,4,0,2,17,2,0
2436,Paid Search,Healthcare,SMB,4,5,0,2,50,4,0
2437,Organic,Healthcare,Enterprise,5,6,0,2,7,2,1
2438,Referral,Manufacturing,Enterprise,4,2,0,4,36,1,0
2439,Paid Search,Healthcare,SMB,7,7,0,1,13,0,0
2440,Referral,Finance,Mid-Market,2,4,0,0,25,1,0
2441,Paid Search,Manufacturing,Mid-Market,6,3,0,7,46,2,1
2442,Organic,Manufacturing,Enterprise,6,7,0,1,23,2,1
2443,Organic,SaaS,Mid-Market,2,3,0,3,21,5,0
2444,Paid Search,Healthcare,Mid-Market,4,4,0,0,25,3,0
2445,Referral,Retail,Enterprise,1,5,0,3,23,3,0
2446,Webinar,Finance,Mid-Market,9,11,1,1,54,2,1
2447,Referral,Finance,SMB,3,6,1,2,3,4,1
2448,Paid Search,Manufacturing,SMB,1,7,1,1,52,3,1
2449,Organic,SaaS,Enterprise,4,5,0,2,50,0,0
2450,Referral,Retail,Mid-Market,4,7,0,4,17,1,0
2451,Referral,Finance,Mid-Market,5,8,0,2,56,1,0
2452,Referral,SaaS,SMB,3,6,0,2,25,2,1
2453,Organic,Healthcare,Mid-Market,1,6,0,2,33,2,1
2454,Paid Search,Finance,Enterprise,6,7,0,2,49,1,1
2455,Outbound,Manufacturing,Mid-Market,6,5,1,5,2,2,1
2456,Paid Search,SaaS,Enterprise,1,5,0,1,8,1,1
2457,Organic,Finance,SMB,3,5,0,2,13,1,0
2458,Referral,SaaS,Mid-Market,6,6,0,3,8,1,0
2459,Webinar,Healthcare,SMB,0,4,0,4,16,1,0
2460,Webinar,SaaS,Enterprise,5,4,0,2,51,0,1
2461,Outbound,Finance,SMB,4,5,0,5,45,3,1
2462,Outbound,Manufacturing,Enterprise,2,10,0,2,36,1,0
2463,Organic,Healthcare,Mid-Market,3,5,1,4,57,2,1
2464,Organic,Retail,Mid-Market,3,12,0,1,27,2,1
2465,Outbound,Healthcare,Enterprise,9,10,1,4,53,1,0
2466,Organic,Manufacturing,SMB,4,4,0,4,48,0,1
2467,Organic,Manufacturing,Enterprise,5,7,0,3,23,3,0
2468,Referral,Manufacturing,Mid-Market,1,7,0,3,32,1,1
2469,Webinar,Finance,Enterprise,5,8,0,2,49,1,0
2470,Outbound,SaaS,SMB,3,1,0,3,8,5,1
2471,Paid Search,Finance,SMB,1,3,0,3,58,0,0
2472,Outbound,Finance,SMB,4,10,0,0,36,4,0
2473,Organic,Finance,Mid-Market,5,6,0,2,45,3,1
2474,Organic,SaaS,Mid-Market,5,15,0,2,5,3,0
2475,Webinar,SaaS,SMB,4,7,0,3,31,4,1
2476,Organic,Manufacturing,Enterprise,3,7,0,1,15,0,0
2477,Organic,Retail,Enterprise,2,7,0,2,36,1,0
2478,Referral,Retail,SMB,3,5,0,2,46,0,0
2479,Organic,SaaS,Mid-Market,2,3,0,4,3,1,0
2480,Organic,Manufacturing,Mid-Market,10,5,0,4,15,4,0
2481,Organic,Manufacturing,Mid-Market,2,5,0,0,1,3,1
2482,Organic,Manufacturing,Mid-Market,5,5,0,2,40,5,1
2483,Paid Search,Manufacturing,Enterprise,3,5,0,3,37,0,0
2484,Organic,Retail,Mid-Market,5,6,0,2,43,0,0
2485,Organic,Finance,Mid-Market,5,4,1,5,9,3,1
2486,Organic,Finance,Mid-Market,2,6,0,3,24,1,0
2487,Outbound,Healthcare,SMB,1,3,0,2,59,3,0
2488,Organic,Finance,SMB,5,7,0,2,27,2,1
2489,Referral,Finance,SMB,0,5,0,1,9,2,0
2490,Paid Search,Manufacturing,Mid-Market,7,3,0,4,35,1,0
2491,Referral,Retail,SMB,7,11,0,3,55,1,0
2492,Webinar,Healthcare,Mid-Market,5,3,0,2,58,2,0
2493,Organic,Manufacturing,SMB,2,7,1,6,3,4,1
2494,Paid Search,Retail,SMB,5,4,0,3,26,2,0
2495,Referral,SaaS,SMB,3,9,1,5,37,0,1
2496,Webinar,Healthcare,Enterprise,5,8,0,3,34,2,0
2497,Paid Search,Retail,Mid-Market,6,6,0,4,49,3,0
2498,Referral,Retail,Mid-Market,4,6,0,5,49,3,1
2499,Referral,Finance,SMB,3,7,0,1,50,0,0
2500,Webinar,Retail,SMB,3,8,1,7,43,2,1
2501,Referral,Finance,Mid-Market,5,5,0,3,25,1,0
2502,Referral,Retail,Enterprise,1,7,0,1,56,2,0
2503,Referral,Healthcare,Enterprise,1,5,0,4,13,2,0
2504,Webinar,Finance,Mid-Market,3,6,1,1,41,1,0
2505,Referral,Finance,Mid-Market,2,8,0,1,22,2,0
2506,Organic,Healthcare,SMB,5,4,1,4,21,2,0
2507,Webinar,Manufacturing,Enterprise,2,10,0,2,17,2,0
2508,Outbound,SaaS,SMB,1,1,0,4,32,6,0
2509,Webinar,Manufacturing,Mid-Market,3,7,0,3,8,2,1
2510,Paid Search,SaaS,Mid-Market,4,6,1,3,14,7,1
2511,Organic,Manufacturing,SMB,1,4,0,6,54,1,1
2512,Webinar,Finance,Enterprise,3,6,1,5,13,0,0
2513,Paid Search,Retail,Mid-Market,2,6,0,4,39,3,0
2514,Outbound,Finance,Enterprise,5,2,0,2,1,0,1
2515,Organic,Healthcare,SMB,4,6,0,2,6,0,0
2516,Organic,Manufacturing,SMB,4,6,0,3,15,3,0
2517,Webinar,Retail,SMB,5,6,0,2,31,2,0
2518,Organic,Retail,Enterprise,10,5,0,5,38,2,1
2519,Organic,Finance,SMB,9,5,0,3,25,1,1
2520,Organic,Manufacturing,SMB,9,2,0,6,43,2,0
2521,Organic,Retail,SMB,3,2,0,4,42,0,0
2522,Organic,Retail,Mid-Market,5,7,0,1,38,1,0
2523,Webinar,Manufacturing,Mid-Market,4,8,0,5,7,3,1
2524,Organic,Manufacturing,Mid-Market,5,7,1,3,5,2,0
2525,Outbound,Retail,SMB,6,7,0,5,6,3,1
2526,Paid Search,Healthcare,Mid-Market,10,4,1,7,35,1,0
2527,Organic,SaaS,Mid-Market,8,8,0,4,31,1,1
2528,Organic,Retail,SMB,3,9,0,3,47,4,0
2529,Outbound,SaaS,SMB,4,9,0,5,35,3,1
2530,Paid Search,Manufacturing,Enterprise,11,6,0,3,26,2,0
2531,Webinar,Retail,Mid-Market,5,5,1,3,37,2,0
2532,Outbound,SaaS,SMB,5,10,0,4,19,3,0
2533,Paid Search,Healthcare,SMB,0,4,0,0,35,2,0
2534,Organic,Healthcare,Mid-Market,5,4,0,7,39,1,1
2535,Referral,Healthcare,Enterprise,6,6,0,4,5,0,1
2536,Referral,Healthcare,SMB,3,6,0,3,9,3,1
2537,Referral,Finance,SMB,4,4,1,5,24,2,0
2538,Organic,Finance,SMB,5,4,0,2,60,0,0
2539,Webinar,SaaS,Mid-Market,5,5,1,3,55,2,1
2540,Webinar,Manufacturing,Mid-Market,3,1,0,3,2,1,0
2541,Organic,SaaS,Mid-Market,3,1,0,0,29,1,1
2542,Referral,Manufacturing,SMB,4,5,1,3,10,1,1
2543,Paid Search,Retail,Mid-Market,6,5,1,1,4,4,1
2544,Referral,Manufacturing,Mid-Market,7,9,0,3,36,0,1
2545,Referral,Finance,Mid-Market,1,6,0,3,3,1,0
2546,Organic,Healthcare,SMB,4,7,0,5,13,3,0
2547,Paid Search,Retail,Enterprise,4,5,0,6,57,2,0
2548,Paid Search,SaaS,Enterprise,1,11,0,4,40,2,1
2549,Organic,Finance,SMB,6,9,1,5,42,3,1
2550,Organic,Healthcare,SMB,1,8,0,3,60,2,0
2551,Referral,Manufacturing,Mid-Market,4,6,0,4,1,2,0
2552,Paid Search,Manufacturing,Mid-Market,5,4,0,4,26,2,0
2553,Organic,Manufacturing,SMB,3,4,0,3,33,4,1
2554,Paid Search,Manufacturing,Mid-Market,5,7,0,2,13,3,1
2555,Outbound,Healthcare,Mid-Market,6,11,0,2,57,3,0
2556,Paid Search,Retail,SMB,1,7,0,4,5,4,0
2557,Paid Search,Finance,SMB,8,2,1,4,15,2,1
2558,Paid Search,SaaS,SMB,5,6,0,2,54,1,0
2559,Organic,SaaS,SMB,5,8,0,2,12,1,0
2560,Organic,Retail,SMB,5,3,0,6,41,4,0
2561,Webinar,Healthcare,Mid-Market,3,4,0,2,36,2,0
2562,Organic,SaaS,SMB,2,9,0,5,20,1,1
2563,Webinar,Manufacturing,Mid-Market,4,9,0,3,35,3,0
2564,Organic,Healthcare,SMB,3,8,0,1,57,2,1
2565,Organic,Retail,Enterprise,4,9,0,6,25,2,1
2566,Outbound,Retail,SMB,2,10,0,2,49,5,0
2567,Paid Search,Healthcare,SMB,1,6,1,7,25,1,0
2568,Organic,Finance,SMB,2,5,0,3,59,2,0
2569,Paid Search,Finance,Mid-Market,10,8,0,4,25,2,0
2570,Referral,Healthcare,Mid-Market,4,4,0,3,31,1,0
2571,Webinar,SaaS,SMB,8,8,0,2,2,0,0
2572,Referral,Manufacturing,SMB,3,11,0,0,29,1,0
2573,Paid Search,Healthcare,SMB,7,6,0,4,39,1,0
2574,Referral,Manufacturing,SMB,3,2,1,4,10,4,1
2575,Organic,Finance,SMB,1,5,1,2,11,1,0
2576,Outbound,SaaS,Mid-Market,5,5,0,4,28,1,0
2577,Organic,SaaS,SMB,6,6,0,4,27,4,0
2578,Organic,SaaS,SMB,6,4,1,4,7,1,0
2579,Paid Search,Manufacturing,SMB,3,4,0,4,59,2,0
2580,Organic,Manufacturing,Enterprise,5,7,0,3,26,5,0
2581,Webinar,SaaS,SMB,7,3,0,3,53,0,0
2582,Referral,Finance,Enterprise,1,7,0,0,6,1,0
2583,Organic,Healthcare,SMB,7,3,0,1,28,0,0
2584,Paid Search,Manufacturing,SMB,1,4,1,3,58,0,0
2585,Referral,Retail,SMB,3,10,0,3,48,1,0
2586,Paid Search,Finance,SMB,2,5,0,4,22,2,0
2587,Paid Search,Manufacturing,SMB,2,8,0,2,38,0,0
2588,Organic,Finance,Mid-Market,4,5,0,0,18,0,0
2589,Organic,Healthcare,SMB,5,6,0,5,51,0,0
2590,Paid Search,Finance,Enterprise,5,8,1,3,5,2,1
2591,Referral,Retail,Mid-Market,6,9,0,0,9,6,1
2592,Outbound,Finance,SMB,6,7,0,2,38,2,0
2593,Paid Search,Manufacturing,Mid-Market,4,7,0,4,1,2,1
2594,Referral,Finance,SMB,5,7,0,6,29,2,0
2595,Outbound,Healthcare,Mid-Market,3,7,0,3,51,1,0
2596,Organic,Manufacturing,SMB,4,2,0,4,32,2,0
2597,Paid Search,Healthcare,SMB,6,4,0,0,48,1,0
2598,Webinar,SaaS,Enterprise,9,12,0,3,59,1,0
2599,Organic,Finance,Enterprise,4,3,0,4,28,4,1
2600,Paid Search,Finance,Mid-Market,4,5,1,1,7,5,1
2601,Organic,Retail,Mid-Market,2,7,0,2,17,1,0
2602,Outbound,SaaS,SMB,4,9,0,5,26,1,1
2603,Organic,Healthcare,SMB,5,10,0,2,7,3,1
2604,Outbound,SaaS,Mid-Market,2,1,0,3,26,2,0
2605,Organic,SaaS,SMB,10,7,0,1,47,1,0
2606,Referral,Finance,Mid-Market,5,7,0,2,23,2,0
2607,Outbound,Manufacturing,Mid-Market,1,5,0,7,51,1,0
2608,Outbound,Finance,SMB,5,8,0,2,58,1,1
2609,Paid Search,Manufacturing,Mid-Market,10,4,1,2,12,1,1
2610,Organic,Retail,Enterprise,4,4,0,3,33,2,1
2611,Organic,Retail,SMB,2,5,0,0,28,3,0
2612,Paid Search,Manufacturing,Mid-Market,6,7,0,2,18,1,1
2613,Paid Search,Finance,Mid-Market,2,7,0,2,14,1,0
2614,Outbound,Manufacturing,SMB,4,8,1,6,55,3,0
2615,Webinar,Retail,SMB,1,9,0,3,39,3,0
2616,Outbound,Finance,SMB,2,7,1,4,21,0,1
2617,Webinar,Finance,SMB,3,6,0,2,55,2,0
2618,Paid Search,Manufacturing,SMB,4,3,0,3,57,2,1
2619,Referral,Retail,Mid-Market,2,5,0,1,40,2,0
2620,Organic,Retail,SMB,4,4,0,4,11,2,1
2621,Outbound,Retail,Enterprise,0,4,0,7,40,1,0
2622,Organic,SaaS,Enterprise,5,5,0,5,51,3,1
2623,Referral,Finance,Mid-Market,3,7,0,3,46,5,1
2624,Paid Search,Manufacturing,SMB,1,7,1,2,15,3,1
2625,Outbound,SaaS,Mid-Market,4,7,1,0,48,3,1
2626,Organic,Finance,Mid-Market,7,7,0,3,23,3,0
2627,Organic,Finance,Mid-Market,4,6,1,3,52,0,1
2628,Paid Search,Retail,SMB,3,11,0,5,1,0,0
2629,Organic,SaaS,SMB,7,5,0,3,58,2,0
2630,Organic,SaaS,SMB,0,8,0,4,36,2,0
2631,Paid Search,Retail,Enterprise,5,8,0,2,34,7,1
2632,Organic,Manufacturing,SMB,2,1,0,4,9,2,0
2633,Paid Search,Finance,SMB,4,5,1,2,30,2,0
2634,Paid Search,Retail,Mid-Market,7,3,1,1,58,3,1
2635,Paid Search,Manufacturing,Mid-Market,6,6,0,4,7,0,0
2636,Paid Search,Retail,Enterprise,8,9,1,4,33,1,1
2637,Referral,Finance,SMB,3,6,0,1,11,0,0
2638,Webinar,Finance,SMB,5,16,0,6,36,2,0
2639,Referral,Manufacturing,Mid-Market,3,6,0,6,46,2,0
2640,Paid Search,Finance,Mid-Market,3,4,0,1,13,3,0
2641,Paid Search,Healthcare,Enterprise,4,6,0,0,29,1,0
2642,Referral,Healthcare,SMB,5,4,0,2,56,1,1
2643,Outbound,Healthcare,Mid-Market,4,6,0,5,52,0,1
2644,Referral,SaaS,Enterprise,5,7,1,5,37,1,0
2645,Paid Search,SaaS,Enterprise,4,5,0,4,23,5,1
2646,Outbound,Manufacturing,Mid-Market,4,7,0,3,49,3,1
2647,Organic,Healthcare,SMB,4,5,0,2,19,3,1
2648,Organic,SaaS,Mid-Market,5,6,1,4,4,4,1
2649,Outbound,Retail,SMB,4,7,0,4,8,0,1
2650,Paid Search,SaaS,Mid-Market,3,8,1,3,22,2,1
2651,Paid Search,SaaS,Mid-Market,4,7,0,3,10,3,0
2652,Paid Search,SaaS,SMB,4,4,0,3,32,1,0
2653,Referral,Healthcare,Enterprise,2,6,0,5,1,1,0
2654,Organic,Manufacturing,Mid-Market,2,7,0,2,3,2,0
2655,Paid Search,Manufacturing,SMB,2,8,0,1,43,2,0
2656,Referral,SaaS,Enterprise,6,3,1,3,5,1,1
2657,Webinar,SaaS,SMB,7,3,0,4,39,2,1
2658,Organic,Retail,Mid-Market,1,6,0,4,6,4,1
2659,Organic,Manufacturing,Mid-Market,3,7,0,3,34,2,0
2660,Referral,SaaS,Mid-Market,4,1,1,3,15,1,1
2661,Organic,Finance,Enterprise,1,8,0,2,56,1,0
2662,Paid Search,Manufacturing,Mid-Market,3,6,0,5,1,1,1
2663,Paid Search,Manufacturing,SMB,0,5,0,1,60,2,0
2664,Referral,Retail,Mid-Market,1,11,0,1,22,3,0
2665,Organic,SaaS,SMB,1,4,0,4,45,4,0
2666,Referral,Retail,Mid-Market,3,9,0,3,55,3,0
2667,Webinar,Healthcare,Enterprise,6,6,0,5,7,1,0
2668,Outbound,Manufacturing,SMB,2,6,0,1,38,2,0
2669,Paid Search,Retail,Mid-Market,5,5,0,2,13,2,0
2670,Referral,Manufacturing,Enterprise,2,8,0,7,27,2,1
2671,Referral,Manufacturing,SMB,6,10,0,2,10,1,0
2672,Referral,Finance,Mid-Market,9,7,0,2,3,1,0
2673,Webinar,Retail,SMB,3,7,0,4,15,2,1
2674,Webinar,Finance,Mid-Market,4,8,0,5,28,2,1
2675,Outbound,Manufacturing,Enterprise,4,3,0,3,19,2,0
2676,Paid Search,Healthcare,Enterprise,2,3,0,0,6,1,0
2677,Paid Search,Retail,SMB,0,6,0,2,10,1,0
2678,Paid Search,Healthcare,Enterprise,3,6,0,6,53,2,0
2679,Webinar,Finance,SMB,3,10,0,1,55,1,0
2680,Paid Search,SaaS,SMB,6,5,0,5,32,2,0
2681,Organic,SaaS,SMB,3,1,0,3,36,4,0
2682,Paid Search,SaaS,Enterprise,2,3,0,4,18,5,0
2683,Referral,Retail,SMB,5,12,1,1,13,2,1
2684,Paid Search,Finance,Mid-Market,5,11,0,2,34,1,1
2685,Webinar,SaaS,Mid-Market,4,4,0,1,22,0,0
2686,Organic,Manufacturing,SMB,8,8,0,3,32,4,0
2687,Outbound,Retail,Mid-Market,6,5,0,4,60,2,1
2688,Webinar,Healthcare,SMB,7,5,0,2,25,2,0
2689,Outbound,Retail,SMB,4,7,0,2,5,2,1
2690,Referral,Manufacturing,Mid-Market,2,6,0,4,35,0,1
2691,Paid Search,SaaS,Mid-Market,0,7,0,5,28,4,0
2692,Organic,Finance,Enterprise,8,4,1,5,8,0,0
2693,Paid Search,Retail,SMB,6,4,0,8,44,0,0
2694,Organic,SaaS,SMB,4,12,1,1,8,3,0
2695,Outbound,Manufacturing,Enterprise,4,5,0,3,16,3,0
2696,Paid Search,Healthcare,SMB,2,7,0,4,15,0,0
2697,Referral,Manufacturing,Mid-Market,6,4,0,1,7,2,0
2698,Referral,Manufacturing,SMB,8,5,0,3,45,0,1
2699,Webinar,Healthcare,SMB,3,6,1,1,25,2,1
2700,Webinar,Manufacturing,SMB,2,3,0,6,55,2,1
2701,Referral,Finance,Enterprise,3,5,0,8,15,2,0
2702,Outbound,Healthcare,Enterprise,4,6,0,6,54,2,1
2703,Outbound,Retail,SMB,1,6,1,5,37,1,1
2704,Paid Search,Retail,SMB,3,4,0,7,20,1,0
2705,Organic,SaaS,SMB,5,6,0,3,13,3,0
2706,Organic,SaaS,SMB,2,9,0,2,44,3,0
2707,Paid Search,Finance,Mid-Market,2,10,0,5,39,4,1
2708,Paid Search,SaaS,Enterprise,3,2,0,3,14,0,0
2709,Referral,SaaS,SMB,5,7,1,1,38,2,0
2710,Organic,Retail,SMB,7,3,0,0,52,0,0
2711,Referral,Manufacturing,Enterprise,5,5,0,2,42,4,1
2712,Webinar,SaaS,SMB,3,6,0,3,32,4,0
2713,Paid Search,Healthcare,Mid-Market,5,2,0,7,15,1,1
2714,Webinar,Healthcare,SMB,8,4,0,5,54,0,1
2715,Referral,Retail,Mid-Market,2,7,0,8,8,2,1
2716,Paid Search,Finance,SMB,1,7,0,0,53,1,0
2717,Paid Search,Healthcare,SMB,6,4,1,4,16,2,1
2718,Webinar,Healthcare,SMB,1,12,0,5,10,0,1
2719,Paid Search,Healthcare,Mid-Market,2,7,0,2,40,1,0
2720,Webinar,Retail,Enterprise,4,10,0,4,7,3,0
2721,Organic,Healthcare,Enterprise,3,3,0,2,37,0,0
2722,Outbound,Finance,SMB,4,5,0,0,48,0,1
2723,Referral,Finance,SMB,2,3,0,4,17,1,0
2724,Paid Search,SaaS,Enterprise,3,9,0,3,52,3,0
2725,Organic,SaaS,Mid-Market,3,2,0,5,37,5,0
2726,Webinar,Retail,SMB,8,6,1,4,43,4,1
2727,Organic,Finance,SMB,3,4,1,3,30,3,1
2728,Webinar,Retail,SMB,11,4,0,2,15,1,0
2729,Webinar,Manufacturing,SMB,1,3,0,1,48,3,1
2730,Referral,Healthcare,SMB,1,9,0,2,60,2,0
2731,Paid Search,SaaS,Mid-Market,2,7,0,1,37,2,0
2732,Webinar,Finance,SMB,5,13,0,0,30,2,1
2733,Referral,SaaS,Enterprise,3,12,0,4,51,1,1
2734,Webinar,SaaS,Mid-Market,6,11,0,2,39,0,0
2735,Webinar,Retail,Enterprise,2,7,0,3,8,1,0
2736,Organic,Retail,Mid-Market,1,8,1,4,22,1,0
2737,Webinar,Manufacturing,SMB,11,9,0,4,35,1,1
2738,Paid Search,Retail,SMB,2,6,0,1,43,2,0
2739,Paid Search,Retail,Enterprise,10,10,0,2,48,1,1
2740,Outbound,Healthcare,SMB,6,8,0,4,25,1,1
2741,Webinar,SaaS,Enterprise,4,5,0,2,47,1,1
2742,Webinar,Manufacturing,SMB,1,5,1,4,36,1,0
2743,Paid Search,SaaS,Enterprise,8,5,0,5,10,1,0
2744,Organic,SaaS,Mid-Market,7,5,1,5,26,3,1
2745,Paid Search,Healthcare,Mid-Market,4,7,0,5,36,0,0
2746,Webinar,Healthcare,SMB,4,8,0,4,6,2,1
2747,Outbound,Healthcare,SMB,5,8,0,2,24,2,1
2748,Outbound,Retail,Enterprise,4,4,0,3,51,1,0
2749,Organic,SaaS,SMB,4,3,0,7,30,2,0
2750,Paid Search,Manufacturing,Mid-Market,3,8,1,3,22,0,1
2751,Referral,Retail,Mid-Market,3,7,1,5,23,3,1
2752,Paid Search,SaaS,SMB,3,6,0,4,27,0,1
2753,Organic,SaaS,Mid-Market,3,6,0,1,2,3,0
2754,Referral,Manufacturing,Mid-Market,6,7,1,4,3,1,1
2755,Referral,Retail,SMB,3,3,0,2,28,3,0
2756,Referral,SaaS,Enterprise,6,2,0,2,22,2,0
2757,Webinar,Retail,SMB,5,6,0,2,59,4,0
2758,Paid Search,Retail,Mid-Market,3,4,0,3,34,0,0
2759,Organic,Finance,SMB,5,2,0,2,47,0,0
2760,Referral,Finance,Mid-Market,3,4,0,1,10,2,0
2761,Paid Search,SaaS,SMB,6,4,0,1,25,0,0
2762,Paid Search,Healthcare,Enterprise,3,6,0,3,5,1,0
2763,Referral,Healthcare,Mid-Market,5,3,1,4,2,2,1
2764,Outbound,Retail,SMB,1,6,0,3,21,2,1
2765,Referral,Manufacturing,SMB,6,3,0,2,57,1,1
2766,Outbound,Retail,Mid-Market,6,2,0,2,41,3,0
2767,Webinar,SaaS,SMB,4,5,1,4,44,1,0
2768,Paid Search,SaaS,SMB,7,3,0,2,28,1,0
2769,Outbound,Finance,SMB,2,3,0,2,49,0,0
2770,Organic,Retail,Mid-Market,3,5,0,3,57,2,0
2771,Organic,Healthcare,SMB,3,5,0,3,60,1,0
2772,Organic,Healthcare,Mid-Market,5,10,0,3,20,3,0
2773,Paid Search,Manufacturing,Mid-Market,7,10,0,2,12,3,0
2774,Paid Search,Manufacturing,Mid-Market,4,7,1,4,31,1,1
2775,Referral,Manufacturing,Mid-Market,3,7,0,2,12,3,0
2776,Organic,Retail,Enterprise,5,5,0,5,48,2,1
2777,Outbound,Finance,SMB,8,3,1,3,39,0,1
2778,Outbound,SaaS,Mid-Market,7,10,0,3,58,1,1
2779,Organic,Manufacturing,Mid-Market,2,6,1,3,12,2,0
2780,Referral,Finance,Mid-Market,4,12,0,2,24,1,0
2781,Organic,Healthcare,Mid-Market,4,4,1,1,36,4,1
2782,Organic,SaaS,SMB,2,8,0,2,23,2,0
2783,Outbound,Manufacturing,Enterprise,3,1,0,1,60,3,0
2784,Referral,Retail,Mid-Market,7,5,0,5,29,0,0
2785,Webinar,Retail,SMB,4,7,0,4,42,2,0
2786,Referral,Retail,Enterprise,4,7,1,4,14,3,0
2787,Organic,Healthcare,SMB,3,5,0,3,3,1,0
2788,Paid Search,Retail,Enterprise,3,7,1,3,57,3,1
2789,Referral,Retail,Mid-Market,3,5,0,6,35,2,1
2790,Organic,SaaS,SMB,3,6,0,1,51,3,0
2791,Webinar,Healthcare,SMB,0,9,0,4,58,6,0
2792,Referral,Retail,Mid-Market,3,4,0,1,1,2,0
2793,Referral,SaaS,Mid-Market,1,1,0,4,34,1,0
2794,Outbound,SaaS,Mid-Market,2,5,0,2,39,0,0
2795,Organic,Manufacturing,SMB,5,4,0,5,50,2,1
2796,Paid Search,Healthcare,Mid-Market,1,11,0,3,60,2,0
2797,Outbound,Healthcare,SMB,2,12,0,3,29,0,0
2798,Paid Search,Retail,SMB,3,3,1,3,4,3,1
2799,Paid Search,Finance,SMB,2,3,0,4,54,2,0
2800,Paid Search,Retail,SMB,3,4,0,6,38,3,0
2801,Outbound,Healthcare,SMB,1,4,0,2,36,2,0
2802,Outbound,SaaS,SMB,0,5,0,4,14,1,1
2803,Referral,Retail,SMB,3,5,1,6,31,2,1
2804,Paid Search,Manufacturing,SMB,1,9,0,0,58,2,0
2805,Paid Search,SaaS,Mid-Market,5,8,0,2,39,3,0
2806,Paid Search,SaaS,Mid-Market,6,7,0,5,30,4,0
2807,Outbound,Finance,Mid-Market,6,6,1,3,34,2,1
2808,Webinar,Manufacturing,Enterprise,4,7,1,4,57,2,0
2809,Paid Search,Healthcare,SMB,8,10,0,3,1,2,0
2810,Organic,Retail,Enterprise,4,4,1,2,29,4,0
2811,Referral,SaaS,Mid-Market,10,8,0,3,35,0,1
2812,Webinar,Retail,SMB,3,12,0,3,48,4,0
2813,Organic,Retail,Enterprise,3,8,1,1,41,1,1
2814,Referral,SaaS,Mid-Market,4,4,0,4,50,0,0
2815,Paid Search,Manufacturing,Mid-Market,1,5,0,4,58,1,0
2816,Outbound,Finance,Mid-Market,2,7,0,1,12,2,0
2817,Webinar,SaaS,Mid-Market,3,12,0,1,47,2,1
2818,Webinar,Healthcare,SMB,5,8,0,5,26,2,0
2819,Referral,Retail,SMB,10,5,0,4,35,1,0
2820,Outbound,Finance,Mid-Market,6,6,0,4,45,0,0
2821,Organic,SaaS,SMB,3,7,1,3,44,5,0
2822,Referral,SaaS,SMB,8,6,0,1,14,1,1
2823,Referral,Manufacturing,SMB,3,2,0,2,3,2,0
2824,Paid Search,SaaS,Mid-Market,4,7,0,1,28,4,0
2825,Outbound,Retail,Enterprise,7,9,0,3,58,1,1
2826,Organic,Healthcare,SMB,4,5,0,6,10,2,0
2827,Organic,Healthcare,Mid-Market,5,3,0,1,46,3,1
2828,Referral,SaaS,Enterprise,3,6,0,2,28,2,1
2829,Paid Search,Retail,Enterprise,5,4,0,1,42,2,0
2830,Outbound,Retail,Enterprise,6,3,0,6,48,3,1
2831,Webinar,Healthcare,SMB,5,6,0,6,13,3,1
2832,Paid Search,SaaS,Mid-Market,5,5,0,2,9,1,1
2833,Webinar,SaaS,SMB,2,4,0,3,36,4,0
2834,Paid Search,Retail,Enterprise,4,8,0,1,27,0,1
2835,Paid Search,Manufacturing,Mid-Market,10,8,0,3,27,2,0
2836,Outbound,Retail,Mid-Market,4,10,1,0,54,2,0
2837,Paid Search,Finance,Mid-Market,7,9,0,2,41,1,1
2838,Paid Search,Manufacturing,SMB,2,5,0,5,49,3,0
2839,Paid Search,SaaS,Mid-Market,1,6,0,5,11,2,0
2840,Organic,SaaS,SMB,2,6,0,5,36,4,0
2841,Paid Search,Finance,Enterprise,8,8,0,3,55,2,1
2842,Organic,Healthcare,SMB,4,11,0,1,35,1,1
2843,Referral,Finance,SMB,1,4,0,3,10,1,0
2844,Webinar,Healthcare,SMB,3,5,0,1,52,1,0
2845,Paid Search,SaaS,Enterprise,4,10,0,2,52,2,1
2846,Referral,Finance,SMB,9,3,0,5,43,2,0
2847,Referral,Retail,SMB,3,5,0,1,38,1,1
2848,Webinar,Retail,SMB,4,11,0,3,7,2,1
2849,Paid Search,Healthcare,SMB,1,7,0,2,5,0,0
2850,Paid Search,SaaS,Mid-Market,7,4,0,4,15,3,0
2851,Referral,Finance,SMB,5,8,0,5,54,3,1
2852,Outbound,SaaS,Enterprise,3,2,0,1,43,1,0
2853,Webinar,Finance,SMB,4,8,0,4,14,3,0
2854,Webinar,SaaS,SMB,2,5,0,2,45,1,1
2855,Organic,Manufacturing,SMB,2,4,1,4,7,2,0
2856,Outbound,Manufacturing,Mid-Market,2,10,0,5,58,5,1
2857,Paid Search,SaaS,Enterprise,2,7,0,2,21,4,0
2858,Organic,Retail,Mid-Market,6,11,1,5,5,2,1
2859,Webinar,Finance,SMB,1,9,1,0,33,2,0
2860,Organic,SaaS,SMB,4,5,0,5,60,1,0
2861,Paid Search,Finance,SMB,7,4,0,1,32,5,0
2862,Referral,Retail,SMB,3,7,0,2,10,1,0
2863,Outbound,SaaS,Mid-Market,3,5,0,2,48,6,0
2864,Paid Search,Finance,SMB,2,5,0,0,35,0,0
2865,Organic,Retail,Mid-Market,3,7,0,4,51,3,0
2866,Paid Search,SaaS,Enterprise,3,10,0,1,56,0,0
2867,Paid Search,Retail,Mid-Market,7,6,1,2,27,4,1
2868,Organic,SaaS,SMB,2,9,0,3,54,2,0
2869,Paid Search,SaaS,Mid-Market,3,12,1,1,58,1,0
2870,Paid Search,Finance,SMB,5,3,0,3,23,4,0
2871,Paid Search,Finance,Mid-Market,4,11,0,5,51,1,0
2872,Webinar,Retail,SMB,4,4,0,5,44,0,0
2873,Paid Search,Finance,Enterprise,5,3,0,5,34,4,1
2874,Paid Search,Manufacturing,Mid-Market,5,4,0,4,21,5,1
2875,Paid Search,Retail,Enterprise,6,6,0,5,9,2,1
2876,Organic,Manufacturing,SMB,1,7,0,0,55,2,0
2877,Organic,Finance,Mid-Market,0,7,0,5,48,2,0
2878,Paid Search,SaaS,Mid-Market,3,6,0,3,5,0,0
2879,Paid Search,SaaS,Mid-Market,5,6,0,2,12,2,1
2880,Paid Search,Manufacturing,Enterprise,2,4,1,6,10,1,0
2881,Paid Search,Manufacturing,SMB,2,4,0,5,29,3,1
2882,Webinar,Retail,SMB,3,5,1,3,6,1,1
2883,Outbound,Finance,Mid-Market,6,10,1,4,47,1,1
2884,Referral,Retail,SMB,4,7,0,1,30,0,1
2885,Outbound,Retail,Mid-Market,5,7,0,2,48,1,0
2886,Webinar,SaaS,SMB,4,7,0,2,47,1,0
2887,Paid Search,SaaS,Mid-Market,4,8,0,2,7,0,0
2888,Paid Search,Manufacturing,Enterprise,4,4,0,2,40,1,0
2889,Organic,Manufacturing,SMB,5,4,0,4,9,2,0
2890,Paid Search,Manufacturing,Enterprise,2,5,1,3,1,2,1
2891,Paid Search,Finance,SMB,3,3,0,6,42,1,1
2892,Webinar,Finance,SMB,4,6,1,3,19,2,1
2893,Referral,Manufacturing,SMB,2,4,0,1,11,4,1
2894,Outbound,Healthcare,SMB,9,8,0,4,51,0,1
2895,Paid Search,Manufacturing,Mid-Market,3,5,0,4,29,2,0
2896,Referral,Manufacturing,SMB,6,8,1,5,35,2,1
2897,Outbound,Finance,SMB,7,6,0,3,19,1,0
2898,Webinar,Healthcare,Enterprise,2,7,0,6,4,2,0
2899,Outbound,Finance,SMB,4,6,1,4,55,1,0
2900,Paid Search,Finance,SMB,4,6,0,2,48,2,0
2901,Organic,Healthcare,SMB,3,9,1,0,33,0,1
2902,Referral,SaaS,SMB,3,7,0,3,20,3,0
2903,Paid Search,Manufacturing,SMB,3,10,0,1,38,1,0
2904,Referral,SaaS,Mid-Market,4,5,0,2,58,2,0
2905,Paid Search,Healthcare,Enterprise,3,4,1,2,58,1,1
2906,Organic,SaaS,Mid-Market,2,5,1,4,30,2,1
2907,Referral,Retail,Mid-Market,3,4,0,5,50,0,0
2908,Paid Search,Finance,SMB,1,6,0,3,16,3,0
2909,Organic,Retail,SMB,2,2,1,2,48,0,0
2910,Organic,Retail,Mid-Market,1,7,0,4,15,2,0
2911,Webinar,Finance,Enterprise,5,10,0,1,19,1,0
2912,Organic,SaaS,Enterprise,1,3,0,4,4,5,1
2913,Referral,SaaS,Mid-Market,5,4,0,8,25,3,0
2914,Organic,SaaS,SMB,4,8,0,3,8,1,0
2915,Referral,Finance,Enterprise,9,10,0,2,24,2,0
2916,Organic,SaaS,Enterprise,4,13,0,3,39,1,1
2917,Referral,Healthcare,Mid-Market,3,9,1,7,19,2,1
2918,Webinar,Healthcare,SMB,4,6,1,4,55,4,1
2919,Webinar,SaaS,SMB,7,9,1,3,49,3,0
2920,Outbound,Retail,SMB,2,7,0,1,55,1,0
2921,Paid Search,SaaS,Enterprise,3,12,0,5,45,0,1
2922,Organic,Healthcare,Mid-Market,3,5,0,3,25,2,0
2923,Paid Search,Healthcare,Mid-Market,3,6,0,4,24,2,1
2924,Referral,Healthcare,SMB,4,6,0,1,50,0,0
2925,Organic,Healthcare,SMB,3,5,0,4,49,3,0
2926,Outbound,SaaS,Mid-Market,2,8,0,3,45,1,0
2927,Paid Search,Finance,SMB,2,7,0,3,55,1,0
2928,Paid Search,Finance,SMB,5,4,1,0,33,3,0
2929,Paid Search,Retail,SMB,3,8,1,4,11,2,1
2930,Referral,Finance,SMB,3,2,0,3,30,3,0
2931,Referral,Manufacturing,SMB,3,9,1,3,24,1,1
2932,Outbound,Retail,Mid-Market,2,8,1,2,34,1,0
2933,Webinar,Retail,SMB,1,3,0,3,3,2,1
2934,Referral,Retail,SMB,4,2,0,0,7,0,0
2935,Paid Search,SaaS,Enterprise,3,6,0,1,39,2,0
2936,Organic,SaaS,SMB,3,12,0,3,12,2,0
2937,Referral,Retail,SMB,5,7,0,0,40,1,0
2938,Referral,Finance,Mid-Market,6,4,0,2,55,2,0
2939,Organic,Retail,Mid-Market,10,4,0,4,33,2,1
2940,Organic,Retail,Mid-Market,3,11,0,1,56,3,1
2941,Referral,Healthcare,Mid-Market,5,9,0,0,12,1,1
2942,Outbound,Retail,SMB,2,6,0,4,47,1,0
2943,Outbound,SaaS,Enterprise,3,5,0,4,3,1,0
2944,Organic,Retail,Mid-Market,1,10,1,1,53,2,0
2945,Paid Search,Retail,SMB,3,10,0,6,21,3,0
2946,Outbound,Healthcare,Mid-Market,2,3,0,0,40,3,1
2947,Organic,Finance,SMB,3,9,0,1,37,1,1
2948,Outbound,Manufacturing,Mid-Market,4,3,0,6,56,1,0
2949,Paid Search,Finance,Enterprise,4,7,0,5,49,1,0
2950,Organic,SaaS,Enterprise,2,5,0,5,37,4,0
2951,Paid Search,Healthcare,Enterprise,2,11,0,3,37,5,0
2952,Referral,Manufacturing,Enterprise,9,3,0,3,26,0,0
2953,Outbound,SaaS,SMB,5,7,0,1,12,2,0
2954,Webinar,SaaS,Mid-Market,1,6,1,5,53,2,1
2955,Webinar,SaaS,Mid-Market,3,8,1,3,11,2,1
2956,Referral,Retail,SMB,3,6,0,1,58,1,0
2957,Webinar,SaaS,SMB,5,8,0,2,21,2,0
2958,Paid Search,Healthcare,Mid-Market,1,7,1,4,34,4,1
2959,Outbound,Retail,SMB,2,3,0,2,12,1,0
2960,Paid Search,SaaS,Mid-Market,8,8,1,2,24,3,1
2961,Referral,Manufacturing,SMB,0,7,0,4,58,2,1
2962,Referral,SaaS,SMB,4,7,0,5,7,2,0
2963,Referral,Healthcare,Enterprise,2,5,0,2,25,4,0
2964,Organic,SaaS,Enterprise,6,5,0,3,42,0,0
2965,Organic,Finance,SMB,4,4,0,3,10,2,0
2966,Paid Search,SaaS,Enterprise,5,6,0,2,1,2,0
2967,Referral,Finance,Enterprise,6,4,0,3,25,3,0
2968,Paid Search,Finance,SMB,6,6,0,2,33,1,0
2969,Webinar,Manufacturing,SMB,4,1,0,1,59,1,0
2970,Referral,Finance,Mid-Market,5,5,0,5,54,4,1
2971,Outbound,Healthcare,SMB,5,4,0,4,35,1,1
2972,Paid Search,Manufacturing,Mid-Market,3,9,0,5,9,3,0
2973,Organic,Healthcare,Mid-Market,3,3,0,1,60,1,0
2974,Referral,Finance,SMB,2,7,0,2,10,1,0
2975,Referral,Finance,SMB,5,8,1,3,57,2,1
2976,Outbound,Manufacturing,Mid-Market,5,5,1,2,2,2,1
2977,Paid Search,Healthcare,Mid-Market,4,13,0,0,49,2,0
2978,Outbound,Healthcare,SMB,3,8,0,2,42,3,0
2979,Paid Search,SaaS,Mid-Market,1,5,0,4,54,2,0
2980,Outbound,Manufacturing,SMB,4,3,0,2,5,2,0
2981,Webinar,Finance,SMB,3,8,0,5,7,3,1
2982,Referral,Retail,Enterprise,3,6,0,2,2,2,0
2983,Organic,SaaS,SMB,5,10,0,5,48,2,0
2984,Organic,Retail,Mid-Market,5,3,0,1,22,1,0
2985,Organic,Healthcare,SMB,4,3,0,2,36,2,1
2986,Organic,Finance,SMB,2,3,1,1,7,0,1
2987,Outbound,Healthcare,Mid-Market,4,7,1,3,41,1,1
2988,Referral,Retail,SMB,1,5,0,4,51,2,0
2989,Outbound,SaaS,Mid-Market,4,3,0,2,11,1,0
2990,Paid Search,Healthcare,SMB,2,5,0,3,33,1,0
2991,Outbound,Retail,SMB,3,9,0,3,47,2,0
2992,Outbound,Manufacturing,SMB,1,7,0,8,54,1,0
2993,Referral,Healthcare,SMB,4,4,0,6,28,2,0
2994,Organic,SaaS,SMB,4,8,1,3,7,2,1
2995,Organic,Retail,SMB,2,9,0,0,29,3,0
2996,Organic,Manufacturing,Enterprise,3,8,0,3,24,6,1
2997,Organic,Finance,Mid-Market,9,5,0,5,39,3,1
2998,Organic,Manufacturing,SMB,4,11,0,2,5,2,0
2999,Organic,SaaS,SMB,4,5,0,2,15,3,0
3000,Webinar,Retail,SMB,5,4,0,6,29,0,0
3001,Organic,SaaS,SMB,4,6,0,0,8,2,1
3002,Paid Search,Manufacturing,SMB,4,3,0,1,28,2,0
3003,Paid Search,SaaS,Mid-Market,4,5,0,5,37,1,0
3004,Referral,Finance,Enterprise,6,2,0,1,4,2,0
3005,Webinar,Retail,Mid-Market,5,13,0,6,36,0,1
3006,Organic,Healthcare,Mid-Market,7,6,0,3,43,1,0
3007,Organic,SaaS,Mid-Market,1,6,0,5,51,1,0
3008,Referral,Retail,SMB,2,9,0,5,43,3,0
3009,Referral,SaaS,Mid-Market,4,10,0,1,57,1,0
3010,Referral,Finance,Enterprise,4,6,0,3,20,0,0
3011,Organic,Retail,Mid-Market,6,10,0,5,27,2,0
3012,Organic,Healthcare,Mid-Market,2,6,0,1,36,0,0
3013,Paid Search,Retail,Mid-Market,3,6,0,0,33,3,0
3014,Webinar,Finance,SMB,3,2,0,2,25,3,0
3015,Paid Search,Healthcare,SMB,5,7,0,0,52,2,1
3016,Referral,Healthcare,Enterprise,5,7,0,0,33,1,1
3017,Paid Search,Finance,SMB,5,10,0,1,57,1,1
3018,Referral,Healthcare,Mid-Market,2,7,0,2,5,2,1
3019,Outbound,SaaS,SMB,3,4,0,3,23,3,0
3020,Outbound,Manufacturing,Mid-Market,4,6,0,4,55,2,1
3021,Outbound,Finance,Enterprise,6,9,0,5,32,3,1
3022,Referral,Finance,Mid-Market,5,8,0,5,3,3,1
3023,Outbound,SaaS,Enterprise,2,6,0,3,58,1,0
3024,Paid Search,Healthcare,SMB,4,7,0,2,44,1,0
3025,Organic,Finance,SMB,0,4,0,3,37,1,0
3026,Referral,Retail,SMB,3,9,0,4,52,1,0
3027,Paid Search,Healthcare,Enterprise,4,10,0,1,29,2,1
3028,Organic,Healthcare,Mid-Market,0,3,1,2,7,2,0
3029,Organic,Healthcare,Enterprise,4,4,0,0,6,3,0
3030,Outbound,Retail,SMB,4,8,1,3,55,2,1
3031,Organic,Manufacturing,Mid-Market,3,5,0,1,13,5,0
3032,Paid Search,Retail,Mid-Market,4,9,0,2,53,1,0
3033,Organic,Retail,Mid-Market,3,8,0,2,55,3,0
3034,Referral,SaaS,SMB,2,3,0,5,4,1,0
3035,Organic,SaaS,SMB,3,6,1,4,39,2,0
3036,Paid Search,Healthcare,Enterprise,2,6,0,1,15,2,0
3037,Referral,Finance,Enterprise,4,3,0,0,10,3,0
3038,Organic,Retail,SMB,3,6,0,4,17,0,0
3039,Outbound,Finance,Enterprise,6,2,0,7,50,3,0
3040,Organic,Retail,SMB,5,4,0,2,29,2,0
3041,Referral,SaaS,SMB,5,11,0,4,30,4,0
3042,Organic,Manufacturing,Mid-Market,3,2,0,6,47,2,0
3043,Referral,Manufacturing,SMB,6,5,0,4,17,0,1
3044,Paid Search,Manufacturing,SMB,3,8,0,4,53,1,0
3045,Paid Search,Healthcare,SMB,6,4,0,2,6,3,1
3046,Referral,Healthcare,Enterprise,4,6,0,2,24,1,0
3047,Organic,Healthcare,Mid-Market,3,7,0,1,6,0,0
3048,Webinar,Healthcare,SMB,1,6,0,1,51,3,1
3049,Webinar,SaaS,SMB,6,8,0,3,24,4,0
3050,Paid Search,Healthcare,Mid-Market,3,7,1,0,18,1,0
3051,Paid Search,Manufacturing,Mid-Market,3,3,0,4,40,2,0
3052,Organic,Healthcare,Mid-Market,3,4,1,3,52,4,1
3053,Referral,Healthcare,SMB,3,11,0,7,33,1,1
3054,Outbound,Manufacturing,SMB,5,8,1,4,13,3,1
3055,Paid Search,Healthcare,Mid-Market,1,7,0,5,19,1,0
3056,Outbound,Finance,Mid-Market,2,4,0,3,54,1,0
3057,Paid Search,SaaS,Mid-Market,4,5,0,0,46,2,0
3058,Paid Search,Finance,Enterprise,6,6,0,3,18,2,0
3059,Organic,SaaS,Enterprise,6,8,0,2,50,1,0
3060,Paid Search,Healthcare,SMB,4,6,0,1,41,0,0
3061,Referral,Retail,SMB,1,6,0,2,56,3,0
3062,Paid Search,Manufacturing,Mid-Market,3,6,1,2,60,0,0
3063,Webinar,Finance,SMB,9,10,0,3,3,0,1
3064,Paid Search,Finance,Mid-Market,4,5,0,3,47,4,0
3065,Organic,Retail,Mid-Market,7,6,0,1,14,1,1
3066,Paid Search,Manufacturing,Mid-Market,5,3,0,1,30,1,1
3067,Organic,Finance,SMB,6,6,0,2,40,0,1
3068,Paid Search,Finance,Mid-Market,0,5,0,2,28,0,0
3069,Referral,Manufacturing,SMB,6,11,0,5,11,4,0
3070,Paid Search,Finance,SMB,8,5,0,1,60,1,0
3071,Referral,Manufacturing,Enterprise,6,8,1,3,1,2,1
3072,Outbound,Retail,Mid-Market,7,6,0,4,24,3,0
3073,Webinar,Retail,SMB,7,4,0,6,41,3,1
3074,Webinar,Finance,SMB,5,6,1,3,8,5,1
3075,Organic,Finance,Mid-Market,2,6,1,1,11,1,1
3076,Paid Search,Finance,Mid-Market,7,9,0,2,12,2,0
3077,Outbound,SaaS,SMB,2,6,0,4,42,3,0
3078,Organic,Retail,SMB,2,9,0,4,3,2,0
3079,Organic,Healthcare,Mid-Market,6,5,1,6,15,5,1
3080,Organic,Manufacturing,SMB,6,5,0,3,39,1,0
3081,Referral,Retail,Enterprise,5,8,1,4,31,0,1
3082,Organic,Manufacturing,Enterprise,9,5,0,4,44,4,1
3083,Referral,Manufacturing,Mid-Market,1,8,0,6,22,2,1
3084,Paid Search,Retail,Mid-Market,5,12,0,2,39,2,1
3085,Outbound,Finance,SMB,5,8,0,1,2,1,1
3086,Organic,Retail,SMB,3,7,0,1,41,1,0
3087,Paid Search,SaaS,Mid-Market,1,8,1,2,22,1,1
3088,Webinar,SaaS,SMB,3,5,1,4,21,3,1
3089,Referral,Finance,SMB,4,8,0,3,33,4,1
3090,Paid Search,SaaS,Mid-Market,4,6,1,3,22,1,1
3091,Webinar,Finance,Mid-Market,3,3,0,5,42,1,0
3092,Outbound,Manufacturing,Mid-Market,5,4,0,2,53,1,1
3093,Paid Search,Retail,SMB,3,7,0,2,3,1,0
3094,Referral,Manufacturing,Mid-Market,2,5,0,2,54,3,0
3095,Paid Search,SaaS,Mid-Market,2,9,0,5,4,0,0
3096,Paid Search,Manufacturing,SMB,5,9,0,4,60,2,1
3097,Paid Search,SaaS,SMB,5,3,0,5,46,0,0
3098,Referral,Healthcare,Enterprise,2,3,0,6,34,1,1
3099,Paid Search,Healthcare,Enterprise,3,11,0,1,10,0,0
3100,Outbound,Healthcare,Mid-Market,5,3,0,5,10,2,0
3101,Outbound,SaaS,Mid-Market,4,4,0,1,11,2,1
3102,Organic,SaaS,SMB,3,5,0,1,48,1,0
3103,Paid Search,Finance,Enterprise,4,4,1,5,31,2,1
3104,Outbound,Finance,Mid-Market,7,4,0,2,8,4,0
3105,Organic,Finance,Enterprise,8,10,0,2,33,2,0
3106,Organic,SaaS,Enterprise,2,7,0,0,19,3,0
3107,Paid Search,SaaS,Mid-Market,6,3,0,1,8,2,0
3108,Webinar,Finance,SMB,3,7,0,4,52,1,0
3109,Paid Search,Healthcare,Mid-Market,0,5,0,1,58,2,0
3110,Paid Search,Manufacturing,Enterprise,5,3,1,3,22,1,1
3111,Paid Search,SaaS,Enterprise,2,7,0,3,31,1,0
3112,Organic,Healthcare,Mid-Market,4,2,0,2,9,2,0
3113,Outbound,Finance,Mid-Market,3,10,0,2,52,2,0
3114,Organic,Retail,Mid-Market,9,5,1,3,58,4,1
3115,Paid Search,Retail,SMB,5,7,0,4,56,1,1
3116,Webinar,Healthcare,SMB,7,1,0,3,17,2,0
3117,Webinar,Retail,Mid-Market,2,6,0,2,8,3,1
3118,Organic,Manufacturing,Mid-Market,3,2,1,4,39,0,0
3119,Webinar,Finance,Mid-Market,3,11,0,6,22,3,1
3120,Paid Search,SaaS,SMB,2,4,0,1,51,4,0
3121,Paid Search,Retail,Mid-Market,4,4,0,0,9,2,0
3122,Paid Search,Manufacturing,Mid-Market,3,6,0,4,10,3,0
3123,Organic,SaaS,Mid-Market,1,3,0,3,44,2,0
3124,Webinar,Retail,Mid-Market,3,3,0,2,18,0,0
3125,Paid Search,Healthcare,SMB,4,6,0,2,29,0,0
3126,Paid Search,Finance,SMB,2,4,0,0,44,2,0
3127,Paid Search,Manufacturing,SMB,7,5,1,5,5,0,1
3128,Referral,Finance,Mid-Market,2,3,0,4,23,2,0
3129,Webinar,Retail,Enterprise,3,5,0,2,30,2,1
3130,Organic,SaaS,Mid-Market,3,9,0,4,7,0,0
3131,Organic,Retail,Mid-Market,5,6,1,2,53,2,0
3132,Webinar,Finance,Enterprise,2,13,0,3,38,3,0
3133,Organic,Manufacturing,SMB,4,6,0,3,29,1,0
3134,Referral,SaaS,Mid-Market,6,4,0,3,39,4,1
3135,Organic,Retail,SMB,5,7,0,2,57,2,1
3136,Outbound,Finance,SMB,3,6,0,1,51,5,0
3137,Referral,Manufacturing,SMB,3,6,0,2,57,2,0
3138,Organic,Manufacturing,Mid-Market,3,8,0,4,58,2,1
3139,Webinar,Finance,SMB,4,5,1,0,40,1,1
3140,Organic,Manufacturing,Mid-Market,3,5,0,4,17,1,1
3141,Organic,Retail,Enterprise,1,11,1,4,2,2,1
3142,Referral,Healthcare,SMB,2,8,0,1,55,3,1
3143,Organic,Finance,SMB,7,8,0,1,6,5,0
3144,Webinar,Finance,Mid-Market,5,6,1,1,15,3,0
3145,Referral,Retail,Enterprise,6,4,0,0,11,6,0
3146,Organic,Finance,Mid-Market,3,3,0,0,29,2,0
3147,Referral,Manufacturing,Mid-Market,3,10,0,1,42,2,0
3148,Organic,Retail,Mid-Market,3,8,0,1,47,0,0
3149,Organic,Finance,SMB,2,7,0,2,34,0,0
3150,Outbound,SaaS,SMB,7,7,0,3,47,0,0
3151,Outbound,Retail,SMB,6,3,0,3,30,2,0
3152,Organic,Retail,Mid-Market,7,2,0,2,20,2,0
3153,Outbound,Manufacturing,SMB,2,5,1,2,48,3,1
3154,Paid Search,Retail,SMB,7,10,0,5,14,4,0
3155,Webinar,Healthcare,SMB,3,8,0,2,25,1,0
3156,Referral,Manufacturing,Enterprise,6,8,0,3,27,1,0
3157,Paid Search,SaaS,Mid-Market,5,4,0,7,52,3,0
3158,Organic,Healthcare,SMB,6,6,0,3,46,1,0
3159,Referral,Retail,Mid-Market,8,10,0,4,22,0,1
3160,Organic,SaaS,Mid-Market,2,8,0,3,54,2,0
3161,Paid Search,Retail,SMB,2,6,0,2,14,2,1
3162,Referral,Manufacturing,Mid-Market,6,4,0,1,39,1,0
3163,Referral,SaaS,SMB,6,10,0,4,51,3,0
3164,Outbound,Healthcare,Mid-Market,3,8,0,3,43,4,0
3165,Webinar,Retail,SMB,2,3,0,1,54,4,0
3166,Outbound,SaaS,Mid-Market,8,8,0,3,6,1,1
3167,Organic,Finance,SMB,2,7,0,1,32,4,0
3168,Paid Search,Retail,SMB,2,4,0,2,24,3,0
3169,Webinar,SaaS,Enterprise,3,5,1,3,16,3,1
3170,Referral,Retail,Enterprise,5,3,0,3,35,3,1
3171,Paid Search,Healthcare,Mid-Market,7,7,0,2,60,3,0
3172,Referral,SaaS,Enterprise,2,1,0,2,1,1,1
3173,Referral,Healthcare,Mid-Market,4,4,0,2,52,1,0
3174,Outbound,Healthcare,Mid-Market,5,8,0,7,39,2,1
3175,Outbound,Finance,SMB,6,3,0,2,1,1,1
3176,Referral,Healthcare,SMB,7,3,0,5,22,3,1
3177,Paid Search,SaaS,Enterprise,4,8,0,2,50,4,0
3178,Webinar,Healthcare,SMB,4,5,0,4,60,3,1
3179,Webinar,Retail,SMB,5,11,0,2,36,2,1
3180,Referral,SaaS,Enterprise,1,6,0,4,8,3,1
3181,Referral,Healthcare,SMB,3,6,0,6,47,0,0
3182,Referral,Finance,Enterprise,4,4,1,3,50,1,0
3183,Referral,Finance,Enterprise,6,8,0,4,17,1,1
3184,Paid Search,Retail,Mid-Market,6,4,0,1,57,3,1
3185,Webinar,Healthcare,SMB,6,7,0,5,23,4,0
3186,Organic,Healthcare,SMB,2,6,0,2,37,1,1
3187,Paid Search,SaaS,Mid-Market,5,10,0,4,19,3,1
3188,Referral,SaaS,SMB,4,3,0,1,46,2,0
3189,Webinar,Manufacturing,SMB,3,3,0,2,49,2,0
3190,Organic,Healthcare,SMB,3,7,0,1,59,0,0
3191,Organic,SaaS,SMB,4,8,1,2,1,1,1
3192,Outbound,SaaS,Mid-Market,7,5,0,1,54,2,0
3193,Webinar,Finance,Enterprise,4,4,0,5,43,3,1
3194,Paid Search,Healthcare,Mid-Market,1,7,0,3,49,1,0
3195,Webinar,Healthcare,Mid-Market,4,7,0,5,53,6,1
3196,Referral,Retail,Mid-Market,3,3,0,2,34,1,0
3197,Referral,Manufacturing,Mid-Market,2,7,1,7,45,2,1
3198,Referral,SaaS,Enterprise,2,7,0,8,49,2,0
3199,Organic,Finance,Mid-Market,4,8,0,3,13,1,1
3200,Paid Search,SaaS,Mid-Market,1,4,0,4,11,1,0
3201,Organic,SaaS,SMB,3,3,1,3,49,4,0
3202,Referral,Healthcare,SMB,5,5,0,2,56,2,0
3203,Paid Search,Manufacturing,SMB,5,5,0,2,32,0,0
3204,Paid Search,Manufacturing,SMB,7,5,0,3,17,2,0
3205,Referral,Healthcare,SMB,4,6,0,5,38,4,0
3206,Webinar,Retail,Enterprise,3,6,0,2,59,2,0
3207,Webinar,Manufacturing,SMB,3,9,0,1,18,1,0
3208,Outbound,Retail,SMB,2,8,0,4,27,2,1
3209,Referral,Manufacturing,SMB,4,10,0,6,41,1,0
3210,Organic,Retail,Mid-Market,3,5,0,1,40,5,0
3211,Paid Search,Healthcare,Enterprise,4,8,0,1,1,3,1
3212,Webinar,Finance,SMB,1,7,0,4,11,2,1
3213,Paid Search,Healthcare,Mid-Market,8,2,0,5,43,1,0
3214,Referral,SaaS,Mid-Market,2,6,0,5,25,2,0
3215,Organic,SaaS,Mid-Market,10,3,1,5,57,1,0
3216,Outbound,Manufacturing,SMB,5,5,0,3,56,2,0
3217,Paid Search,Finance,SMB,2,5,0,2,47,2,0
3218,Paid Search,Retail,Mid-Market,6,4,0,3,37,1,1
3219,Organic,Healthcare,Mid-Market,3,7,0,0,29,1,0
3220,Organic,Finance,SMB,4,7,0,6,2,2,1
3221,Paid Search,Healthcare,Enterprise,1,3,0,4,54,0,0
3222,Organic,Healthcare,SMB,4,9,1,2,7,2,0
3223,Referral,Finance,Mid-Market,7,1,0,1,14,4,0
3224,Referral,SaaS,Mid-Market,8,6,0,3,6,0,1
3225,Organic,Healthcare,Enterprise,3,5,0,5,45,3,1
3226,Referral,SaaS,Mid-Market,3,7,0,3,4,3,1
3227,Webinar,Healthcare,SMB,4,9,0,4,26,4,1
3228,Webinar,Healthcare,Enterprise,6,4,0,2,46,1,1
3229,Outbound,Retail,Enterprise,4,6,0,3,45,2,1
3230,Organic,Healthcare,SMB,6,4,1,1,47,6,1
3231,Paid Search,Healthcare,Enterprise,1,4,0,4,60,3,0
3232,Organic,Manufacturing,Enterprise,5,8,0,2,10,2,0
3233,Referral,Healthcare,SMB,9,7,0,4,3,1,1
3234,Paid Search,Retail,SMB,2,3,0,2,11,1,0
3235,Paid Search,SaaS,SMB,5,5,0,2,56,2,0
3236,Webinar,Finance,SMB,2,6,0,2,55,2,1
3237,Outbound,Finance,Mid-Market,1,7,0,0,47,0,0
3238,Paid Search,Finance,SMB,4,9,0,3,51,1,0
3239,Referral,Finance,Mid-Market,5,7,1,3,7,1,1
3240,Referral,Healthcare,SMB,3,9,0,3,57,2,0
3241,Paid Search,SaaS,SMB,5,8,0,5,52,4,0
3242,Webinar,Manufacturing,SMB,6,6,0,3,54,2,0
3243,Webinar,Retail,SMB,5,5,1,3,4,0,1
3244,Paid Search,Manufacturing,SMB,3,14,0,1,48,1,0
3245,Paid Search,Retail,Mid-Market,4,6,0,7,47,3,1
3246,Webinar,Manufacturing,SMB,4,4,0,3,37,3,0
3247,Organic,Healthcare,Mid-Market,8,9,0,1,18,1,0
3248,Referral,Healthcare,Enterprise,1,9,0,3,16,1,0
3249,Webinar,Healthcare,Mid-Market,0,7,0,1,58,3,0
3250,Paid Search,SaaS,Enterprise,2,5,0,5,2,0,0
3251,Webinar,Manufacturing,Enterprise,1,5,0,2,31,2,0
3252,Organic,Manufacturing,SMB,5,4,0,4,58,1,0
3253,Paid Search,Retail,SMB,5,9,0,2,39,5,1
3254,Referral,Retail,Mid-Market,4,8,0,3,13,4,1
3255,Paid Search,Manufacturing,SMB,2,4,0,3,49,1,0
3256,Organic,Manufacturing,SMB,6,9,0,3,39,4,1
3257,Webinar,Healthcare,SMB,5,7,0,2,21,2,0
3258,Referral,Healthcare,Enterprise,3,3,0,2,60,2,0
3259,Organic,SaaS,SMB,4,9,0,5,16,1,0
3260,Organic,Retail,Enterprise,4,7,0,4,9,2,0
3261,Paid Search,Finance,SMB,5,9,0,1,20,3,0
3262,Webinar,Manufacturing,Enterprise,5,3,0,5,22,3,1
3263,Referral,Retail,Enterprise,3,6,0,4,21,0,0
3264,Outbound,Retail,Mid-Market,2,5,0,8,42,3,0
3265,Referral,Manufacturing,Enterprise,9,5,0,2,7,5,0
3266,Outbound,Healthcare,SMB,2,7,0,2,59,5,0
3267,Paid Search,SaaS,Mid-Market,2,7,0,2,52,2,0
3268,Paid Search,Healthcare,SMB,2,6,0,2,18,2,0
3269,Outbound,Healthcare,SMB,8,5,0,2,22,1,1
3270,Referral,Manufacturing,Mid-Market,7,7,0,4,43,0,1
3271,Organic,Finance,Enterprise,6,4,0,2,34,3,0
3272,Webinar,Retail,Enterprise,7,8,0,2,57,3,1
3273,Paid Search,Manufacturing,Mid-Market,2,4,0,4,22,3,0
3274,Outbound,Finance,SMB,2,4,0,3,34,2,0
3275,Organic,Retail,SMB,4,9,1,4,53,3,0
3276,Referral,Manufacturing,Mid-Market,1,4,0,3,2,2,1
3277,Organic,SaaS,Mid-Market,8,10,0,3,46,2,0
3278,Outbound,Manufacturing,SMB,3,10,0,2,4,2,1
3279,Paid Search,Healthcare,SMB,2,8,1,3,47,0,0
3280,Organic,Finance,Mid-Market,2,5,0,4,28,3,0
3281,Paid Search,Finance,Mid-Market,6,2,0,2,6,5,1
3282,Referral,SaaS,Mid-Market,4,9,0,2,24,1,1
3283,Outbound,Retail,Mid-Market,1,7,0,2,60,2,0
3284,Referral,Healthcare,Mid-Market,5,5,0,2,56,4,1
3285,Outbound,Healthcare,SMB,7,8,0,3,60,3,0
3286,Organic,SaaS,SMB,4,9,0,5,22,2,1
3287,Referral,SaaS,Mid-Market,4,6,0,3,14,2,0
3288,Referral,Finance,Mid-Market,5,4,1,1,25,4,1
3289,Webinar,SaaS,SMB,6,4,0,4,39,1,1
3290,Paid Search,Finance,Enterprise,3,6,0,1,20,2,1
3291,Referral,SaaS,SMB,1,2,0,2,38,1,0
3292,Outbound,SaaS,SMB,2,11,0,4,38,1,0
3293,Outbound,Retail,SMB,4,8,0,1,49,2,0
3294,Webinar,Healthcare,SMB,7,4,0,1,20,1,0
3295,Referral,SaaS,SMB,1,5,1,5,9,0,0
3296,Webinar,SaaS,SMB,3,4,0,3,50,2,1
3297,Webinar,Manufacturing,SMB,4,9,0,2,26,7,1
3298,Referral,SaaS,Enterprise,1,10,1,3,44,0,1
3299,Organic,Healthcare,SMB,6,3,0,1,60,3,0
3300,Referral,SaaS,SMB,6,8,1,5,3,3,0
3301,Referral,Retail,SMB,3,4,0,2,31,1,0
3302,Webinar,Finance,SMB,1,11,0,6,30,3,1
3303,Organic,Retail,Mid-Market,0,3,0,6,26,2,0
3304,Webinar,SaaS,Mid-Market,3,3,0,0,10,2,0
3305,Organic,Manufacturing,SMB,2,8,0,3,38,3,0
3306,Organic,Healthcare,Enterprise,4,7,0,2,39,0,0
3307,Paid Search,Retail,SMB,3,5,0,8,22,2,0
3308,Organic,Finance,Mid-Market,3,6,0,2,8,2,0
3309,Referral,Healthcare,Enterprise,3,7,0,6,4,4,1
3310,Outbound,Manufacturing,Mid-Market,5,8,0,3,12,0,0
3311,Paid Search,Healthcare,Mid-Market,2,3,0,2,5,3,0
3312,Paid Search,Manufacturing,SMB,5,8,0,3,27,3,1
3313,Outbound,Finance,Enterprise,2,1,0,7,50,2,1
3314,Paid Search,SaaS,SMB,6,6,0,2,42,3,0
3315,Paid Search,Manufacturing,Mid-Market,2,6,0,0,60,4,0
3316,Organic,Manufacturing,SMB,5,5,0,7,36,1,0
3317,Paid Search,SaaS,Mid-Market,6,5,0,5,6,1,1
3318,Organic,Manufacturing,Mid-Market,7,6,0,4,49,2,0
3319,Outbound,Finance,SMB,8,6,0,2,14,4,0
3320,Organic,Healthcare,Mid-Market,4,0,0,1,20,3,1
3321,Outbound,SaaS,Enterprise,3,10,0,2,56,4,1
3322,Paid Search,Healthcare,SMB,8,5,0,2,25,1,1
3323,Organic,Healthcare,Mid-Market,2,7,0,1,21,4,0
3324,Organic,Finance,SMB,3,7,0,1,26,3,0
3325,Webinar,Retail,Mid-Market,4,7,0,5,57,0,1
3326,Referral,SaaS,Mid-Market,5,5,0,4,24,1,0
3327,Paid Search,Healthcare,SMB,7,6,0,5,24,2,0
3328,Referral,Healthcare,SMB,2,4,0,3,42,2,0
3329,Paid Search,SaaS,Enterprise,8,5,0,2,37,4,0
3330,Organic,Healthcare,Enterprise,4,8,0,4,29,3,1
3331,Outbound,Healthcare,Enterprise,5,7,0,2,25,2,0
3332,Referral,Manufacturing,SMB,5,7,0,1,25,2,0
3333,Organic,SaaS,SMB,4,7,1,1,17,3,0
3334,Paid Search,SaaS,SMB,4,8,0,3,41,2,1
3335,Outbound,Manufacturing,SMB,5,4,1,3,41,2,1
3336,Paid Search,SaaS,Mid-Market,5,4,0,2,42,0,0
3337,Organic,Healthcare,Mid-Market,3,5,0,2,21,0,0
3338,Outbound,Manufacturing,SMB,6,0,0,1,52,0,1
3339,Organic,SaaS,SMB,7,8,0,0,6,3,0
3340,Organic,Manufacturing,Mid-Market,4,4,0,1,55,2,0
3341,Referral,Healthcare,Enterprise,6,3,0,6,1,1,1
3342,Referral,SaaS,SMB,1,5,0,4,43,2,1
3343,Organic,Manufacturing,SMB,3,1,0,0,39,2,0
3344,Outbound,Finance,Enterprise,4,8,0,5,6,1,0
3345,Paid Search,Retail,SMB,3,9,0,4,46,2,0
3346,Referral,Manufacturing,Enterprise,5,7,0,6,51,0,1
3347,Paid Search,SaaS,SMB,7,6,0,0,19,5,1
3348,Referral,Retail,Enterprise,3,9,1,1,49,3,0
3349,Paid Search,Retail,SMB,6,10,1,4,36,1,1
3350,Outbound,SaaS,Mid-Market,3,6,1,3,3,0,1
3351,Paid Search,Manufacturing,SMB,4,10,0,2,11,2,0
3352,Webinar,SaaS,SMB,7,10,0,6,14,0,1
3353,Organic,Finance,SMB,3,7,0,2,5,1,0
3354,Paid Search,Finance,Mid-Market,5,3,1,3,13,5,0
3355,Organic,Retail,Mid-Market,1,5,0,1,27,1,1
3356,Referral,Finance,SMB,1,8,0,3,41,2,0
3357,Webinar,Finance,Mid-Market,4,14,0,4,1,1,0
3358,Outbound,Manufacturing,Mid-Market,4,4,1,2,29,2,1
3359,Paid Search,Healthcare,SMB,4,7,0,1,6,4,0
3360,Paid Search,Healthcare,Enterprise,5,3,0,2,55,1,1
3361,Outbound,Manufacturing,Mid-Market,1,5,0,0,11,3,1
3362,Paid Search,Manufacturing,SMB,5,4,0,5,16,2,0
3363,Webinar,Manufacturing,Mid-Market,7,6,0,1,13,4,0
3364,Organic,Retail,Enterprise,3,9,0,2,28,0,0
3365,Paid Search,Manufacturing,Mid-Market,5,5,1,0,15,6,0
3366,Referral,SaaS,SMB,6,3,0,5,58,1,0
3367,Paid Search,SaaS,SMB,2,5,0,5,12,2,0
3368,Webinar,Manufacturing,SMB,2,4,0,0,22,0,0
3369,Webinar,Finance,SMB,1,8,0,1,23,2,0
3370,Paid Search,Retail,SMB,5,9,0,4,4,3,1
3371,Organic,Manufacturing,SMB,3,4,0,2,17,1,0
3372,Organic,Retail,SMB,1,4,0,5,35,6,0
3373,Webinar,Retail,Mid-Market,4,7,0,4,44,2,0
3374,Webinar,Healthcare,Mid-Market,4,4,1,2,11,2,1
3375,Referral,Retail,SMB,4,6,0,4,58,3,0
3376,Referral,Finance,SMB,2,6,1,1,44,1,1
3377,Referral,Manufacturing,Enterprise,2,2,0,2,25,2,0
3378,Referral,Finance,Mid-Market,4,5,0,3,57,1,1
3379,Outbound,SaaS,Mid-Market,4,6,0,0,32,1,0
3380,Paid Search,Manufacturing,SMB,3,7,0,0,9,3,0
3381,Webinar,Manufacturing,SMB,3,9,0,4,27,0,0
3382,Paid Search,Manufacturing,SMB,1,5,0,8,45,1,0
3383,Referral,Manufacturing,Enterprise,5,6,0,3,44,2,0
3384,Referral,Finance,Enterprise,5,5,0,4,8,1,0
3385,Outbound,Finance,Enterprise,2,5,0,2,47,1,0
3386,Referral,Retail,SMB,5,6,0,5,12,0,1
3387,Paid Search,Finance,Enterprise,3,4,0,4,11,2,0
3388,Paid Search,Healthcare,SMB,8,5,0,2,42,3,1
3389,Paid Search,Manufacturing,SMB,4,5,0,4,45,4,0
3390,Referral,SaaS,SMB,6,3,1,2,10,5,1
3391,Paid Search,Healthcare,SMB,2,13,0,3,58,5,0
3392,Outbound,Retail,Mid-Market,5,6,0,2,19,0,1
3393,Paid Search,SaaS,SMB,7,6,0,5,60,2,0
3394,Referral,Manufacturing,SMB,4,2,0,3,20,5,0
3395,Webinar,Retail,SMB,4,6,0,3,19,1,0
3396,Referral,SaaS,Mid-Market,3,8,1,2,24,0,1
3397,Referral,Retail,Enterprise,4,6,1,2,1,2,1
3398,Referral,Manufacturing,SMB,5,3,1,2,27,2,0
3399,Paid Search,SaaS,SMB,2,5,0,3,30,3,0
3400,Organic,Healthcare,SMB,6,5,0,4,14,0,0
3401,Outbound,Healthcare,Mid-Market,7,6,0,6,41,2,0
3402,Outbound,Healthcare,SMB,6,4,0,5,5,3,0
3403,Paid Search,Finance,SMB,4,3,0,2,58,3,0
3404,Referral,Healthcare,SMB,4,7,0,4,39,1,0
3405,Paid Search,Healthcare,Mid-Market,2,8,0,1,59,2,1
3406,Paid Search,Healthcare,Mid-Market,2,9,0,1,18,4,0
3407,Paid Search,SaaS,SMB,6,4,0,2,16,2,1
3408,Organic,Healthcare,Mid-Market,0,10,0,5,19,2,0
3409,Organic,Retail,Enterprise,1,4,1,2,46,3,0
3410,Paid Search,Manufacturing,Mid-Market,6,4,0,1,24,2,1
3411,Webinar,Finance,SMB,6,4,1,2,45,4,0
3412,Paid Search,Healthcare,SMB,0,4,0,4,4,4,0
3413,Paid Search,Manufacturing,Enterprise,7,2,1,6,24,2,1
3414,Referral,SaaS,SMB,4,10,0,3,27,2,0
3415,Outbound,SaaS,Enterprise,5,6,0,2,40,1,0
3416,Referral,SaaS,SMB,2,9,1,6,32,2,0
3417,Webinar,SaaS,SMB,9,6,0,2,49,1,0
3418,Referral,Retail,SMB,4,7,0,2,45,2,1
3419,Paid Search,SaaS,Enterprise,6,9,0,1,56,1,0
3420,Webinar,Healthcare,Mid-Market,4,4,0,2,35,1,0
3421,Webinar,Manufacturing,Enterprise,6,7,0,3,27,2,1
3422,Referral,Retail,Mid-Market,1,4,0,5,5,3,0
3423,Paid Search,Manufacturing,SMB,1,10,1,5,26,1,0
3424,Paid Search,SaaS,Mid-Market,5,11,0,4,26,4,0
3425,Organic,SaaS,Mid-Market,2,11,0,1,21,2,0
3426,Webinar,SaaS,Mid-Market,8,10,0,1,16,2,1
3427,Webinar,Healthcare,SMB,5,8,0,2,36,1,0
3428,Outbound,SaaS,SMB,4,3,1,2,26,4,1
3429,Outbound,Retail,Enterprise,6,4,1,2,45,7,0
3430,Referral,Finance,SMB,5,3,0,5,20,2,1
3431,Paid Search,SaaS,SMB,2,6,0,3,3,4,0
3432,Webinar,Manufacturing,Mid-Market,4,7,0,2,28,3,0
3433,Outbound,Finance,SMB,3,9,0,3,44,0,1
3434,Organic,Retail,Mid-Market,8,8,1,1,13,2,0
3435,Organic,Finance,Mid-Market,8,10,0,4,23,4,0
3436,Webinar,SaaS,SMB,5,5,0,3,40,3,0
3437,Organic,Healthcare,Enterprise,7,6,0,4,12,2,0
3438,Webinar,SaaS,SMB,3,3,0,6,32,2,0
3439,Webinar,Retail,Enterprise,5,5,0,2,37,1,0
3440,Referral,Retail,Mid-Market,5,8,0,2,6,1,1
3441,Webinar,Retail,SMB,4,11,0,2,27,2,0
3442,Paid Search,Finance,Mid-Market,3,9,0,5,45,1,0
3443,Referral,SaaS,SMB,3,7,0,5,53,1,1
3444,Organic,Manufacturing,Mid-Market,3,4,0,5,47,2,0
3445,Referral,Manufacturing,SMB,4,6,0,1,36,2,0
3446,Paid Search,Retail,Enterprise,2,7,0,1,52,3,1
3447,Organic,Manufacturing,Enterprise,4,4,0,3,55,0,0
3448,Referral,Finance,SMB,3,5,0,4,18,3,1
3449,Referral,Healthcare,Mid-Market,5,4,0,1,16,3,1
3450,Webinar,Healthcare,SMB,3,7,1,3,29,3,0
3451,Referral,Finance,SMB,3,4,1,4,6,1,0
3452,Outbound,Finance,SMB,2,8,0,1,32,2,0
3453,Referral,Retail,Mid-Market,6,4,0,1,11,3,0
3454,Paid Search,Retail,Mid-Market,3,8,0,2,19,1,0
3455,Organic,Manufacturing,Enterprise,1,8,0,4,26,1,0
3456,Organic,Healthcare,Mid-Market,2,3,0,3,7,1,1
3457,Paid Search,Healthcare,SMB,1,8,0,3,24,0,0
3458,Webinar,Healthcare,Enterprise,7,4,0,4,36,5,1
3459,Referral,Retail,SMB,2,2,0,4,57,2,0
3460,Webinar,Healthcare,SMB,5,3,0,2,55,1,0
3461,Outbound,Manufacturing,Mid-Market,4,2,1,4,35,3,1
3462,Webinar,Healthcare,SMB,2,6,1,2,51,2,0
3463,Organic,SaaS,Mid-Market,5,6,0,1,14,3,0
3464,Referral,SaaS,Mid-Market,6,3,0,5,18,1,0
3465,Organic,Retail,Enterprise,3,8,0,2,36,3,1
3466,Paid Search,Finance,Mid-Market,5,7,1,2,16,1,1
3467,Webinar,SaaS,SMB,6,3,0,3,11,1,0
3468,Referral,Finance,Enterprise,4,3,0,3,59,1,0
3469,Paid Search,SaaS,SMB,5,6,0,2,34,1,1
3470,Organic,Healthcare,Enterprise,3,6,0,3,52,5,1
3471,Paid Search,Finance,Mid-Market,5,8,0,2,30,0,0
3472,Outbound,Healthcare,Enterprise,4,3,1,3,58,4,1
3473,Organic,Finance,Mid-Market,7,6,0,5,33,3,0
3474,Referral,Finance,Mid-Market,6,7,0,2,57,0,0
3475,Outbound,Finance,SMB,2,6,0,3,14,6,0
3476,Referral,Healthcare,SMB,5,6,0,2,32,1,1
3477,Outbound,Retail,SMB,4,4,0,6,53,4,0
3478,Webinar,Healthcare,SMB,0,6,0,2,39,4,0
3479,Organic,SaaS,Enterprise,3,9,0,4,31,2,0
3480,Outbound,Manufacturing,SMB,5,5,0,4,59,4,1
3481,Referral,SaaS,Mid-Market,3,5,0,4,5,1,1
3482,Outbound,Healthcare,SMB,4,8,0,2,34,1,0
3483,Paid Search,Healthcare,SMB,0,4,0,2,41,0,0
3484,Paid Search,Healthcare,Enterprise,7,7,0,4,13,3,0
3485,Paid Search,Manufacturing,Mid-Market,4,1,0,1,44,4,0
3486,Webinar,SaaS,SMB,6,4,1,2,5,4,1
3487,Webinar,Finance,SMB,5,10,0,4,36,2,0
3488,Referral,Finance,Enterprise,3,9,0,1,59,1,1
3489,Referral,Healthcare,Mid-Market,5,5,0,1,6,4,0
3490,Organic,Healthcare,Mid-Market,4,6,1,5,9,5,1
3491,Outbound,Retail,Mid-Market,1,6,0,7,18,1,0
3492,Paid Search,Manufacturing,SMB,1,6,0,5,9,3,0
3493,Webinar,Manufacturing,Mid-Market,4,11,0,4,17,4,0
3494,Webinar,Finance,Mid-Market,3,7,0,3,21,1,0
3495,Paid Search,Manufacturing,Mid-Market,2,7,0,2,14,2,0
3496,Referral,Healthcare,Enterprise,3,1,0,1,11,1,0
3497,Outbound,Healthcare,SMB,8,5,0,6,49,3,1
3498,Paid Search,Finance,SMB,6,7,1,1,26,1,1
3499,Paid Search,SaaS,Enterprise,7,6,0,3,46,4,0
3500,Paid Search,Manufacturing,Mid-Market,5,7,0,1,19,3,0
3501,Organic,Retail,Enterprise,0,3,1,0,30,0,0
3502,Referral,Finance,SMB,2,1,0,3,28,1,0
3503,Paid Search,SaaS,Mid-Market,6,6,0,7,56,1,1
3504,Organic,Healthcare,Enterprise,3,8,1,5,11,2,1
3505,Referral,Retail,SMB,2,5,0,4,4,1,0
3506,Organic,Healthcare,SMB,4,2,1,6,25,2,1
3507,Referral,Finance,Enterprise,2,7,1,2,17,1,0
3508,Webinar,SaaS,Mid-Market,4,6,1,1,37,2,0
3509,Webinar,Finance,Mid-Market,8,7,0,6,13,0,0
3510,Outbound,Manufacturing,SMB,2,8,0,3,2,4,0
3511,Paid Search,SaaS,Mid-Market,3,4,0,3,7,3,0
3512,Referral,Retail,Mid-Market,5,7,0,5,31,5,1
3513,Referral,Retail,Mid-Market,2,2,0,3,39,1,0
3514,Outbound,Finance,Enterprise,3,4,0,3,30,1,0
3515,Referral,Finance,Enterprise,3,4,0,1,35,4,0
3516,Referral,Healthcare,Mid-Market,4,7,0,2,38,0,0
3517,Organic,Manufacturing,SMB,5,9,0,1,47,3,1
3518,Webinar,Retail,Enterprise,4,7,1,3,7,2,1
3519,Organic,Healthcare,Mid-Market,3,5,0,5,36,2,1
3520,Referral,SaaS,SMB,7,5,0,2,16,0,1
3521,Referral,Healthcare,Mid-Market,9,5,0,2,18,3,1
3522,Webinar,Healthcare,SMB,1,5,0,4,52,0,0
3523,Outbound,Healthcare,Enterprise,4,6,0,2,37,0,1
3524,Paid Search,Healthcare,Mid-Market,5,4,0,2,45,2,0
3525,Referral,Healthcare,SMB,4,7,0,1,23,2,0
3526,Referral,Finance,SMB,5,3,0,0,17,4,0
3527,Organic,Healthcare,Mid-Market,3,5,0,6,29,1,0
3528,Paid Search,Manufacturing,Enterprise,2,2,0,2,17,3,1
3529,Organic,SaaS,Mid-Market,0,8,0,0,8,5,0
3530,Paid Search,Manufacturing,SMB,5,4,0,5,41,1,0
3531,Webinar,Finance,Mid-Market,5,5,0,4,14,2,0
3532,Outbound,SaaS,Mid-Market,3,7,0,1,3,2,0
3533,Webinar,Healthcare,SMB,9,2,0,1,55,6,0
3534,Webinar,Finance,SMB,3,1,0,1,26,0,0
3535,Paid Search,Manufacturing,Mid-Market,5,7,1,1,28,4,0
3536,Organic,SaaS,SMB,3,7,0,6,39,2,1
3537,Organic,Finance,Mid-Market,5,6,1,1,37,3,0
3538,Organic,SaaS,Enterprise,8,4,0,3,17,1,0
3539,Referral,Healthcare,SMB,3,6,0,0,11,2,1
3540,Organic,Healthcare,Enterprise,1,5,0,2,17,1,0
3541,Outbound,SaaS,SMB,9,8,0,3,59,2,1
3542,Organic,Manufacturing,SMB,0,9,0,3,60,1,0
3543,Paid Search,Healthcare,SMB,4,4,0,4,14,3,1
3544,Organic,Finance,SMB,6,7,0,1,34,0,0
3545,Outbound,Manufacturing,Enterprise,9,8,0,2,39,0,0
3546,Outbound,Manufacturing,SMB,3,5,1,3,37,5,1
3547,Organic,Finance,Enterprise,5,5,0,6,20,1,1
3548,Organic,Retail,Mid-Market,5,8,0,2,52,3,1
3549,Paid Search,Finance,Enterprise,4,3,0,0,3,0,0
3550,Outbound,Finance,SMB,4,3,0,2,34,4,0
3551,Paid Search,Healthcare,SMB,6,6,0,1,19,1,0
3552,Paid Search,Manufacturing,SMB,5,2,0,3,42,1,0
3553,Organic,SaaS,Mid-Market,5,4,0,2,53,1,1
3554,Referral,Finance,Mid-Market,4,7,0,1,23,3,0
3555,Referral,Healthcare,SMB,4,4,0,2,38,3,0
3556,Paid Search,Retail,Enterprise,7,3,0,3,6,2,1
3557,Referral,Finance,Enterprise,6,2,0,2,23,1,1
3558,Referral,Manufacturing,SMB,5,6,0,2,22,1,0
3559,Outbound,Manufacturing,Enterprise,3,9,0,2,18,3,0
3560,Referral,Finance,SMB,3,7,0,4,39,3,0
3561,Outbound,Finance,SMB,3,9,1,3,42,0,1
3562,Webinar,Finance,SMB,5,7,0,2,48,1,0
3563,Webinar,Retail,SMB,3,7,0,9,15,2,1
3564,Paid Search,Retail,Mid-Market,2,11,0,5,5,2,1
3565,Outbound,Manufacturing,Mid-Market,3,7,0,1,15,2,1
3566,Paid Search,Healthcare,SMB,4,9,1,2,18,1,1
3567,Paid Search,Manufacturing,SMB,4,6,0,0,49,1,0
3568,Paid Search,Finance,Mid-Market,5,5,0,2,17,1,0
3569,Paid Search,Healthcare,SMB,3,1,0,4,21,1,1
3570,Referral,Manufacturing,SMB,7,7,0,1,34,2,1
3571,Paid Search,SaaS,SMB,7,3,1,2,26,3,0
3572,Paid Search,Retail,Mid-Market,4,5,0,1,15,6,1
3573,Organic,Finance,SMB,2,5,0,4,28,3,0
3574,Webinar,Manufacturing,SMB,2,7,0,3,11,0,0
3575,Webinar,Manufacturing,Mid-Market,4,10,0,3,22,0,0
3576,Organic,Manufacturing,Enterprise,3,6,0,1,25,2,0
3577,Webinar,Retail,Enterprise,0,8,0,2,44,0,0
3578,Webinar,SaaS,Enterprise,4,3,0,4,13,1,0
3579,Referral,Retail,SMB,4,7,0,3,43,2,0
3580,Paid Search,Retail,Enterprise,3,4,0,0,33,1,1
3581,Paid Search,Manufacturing,SMB,3,10,1,6,29,0,0
3582,Referral,Manufacturing,SMB,5,3,0,4,8,0,1
3583,Organic,SaaS,Enterprise,6,10,0,3,30,3,0
3584,Paid Search,Retail,SMB,5,5,0,3,48,2,0
3585,Paid Search,SaaS,Mid-Market,3,8,0,5,46,0,1
3586,Referral,Healthcare,SMB,4,8,0,4,2,4,1
3587,Organic,Manufacturing,SMB,5,6,0,2,27,2,1
3588,Paid Search,Retail,Mid-Market,4,5,0,3,56,1,0
3589,Outbound,SaaS,Enterprise,3,9,1,4,60,1,1
3590,Referral,Manufacturing,Enterprise,5,10,0,2,51,4,1
3591,Paid Search,Retail,Mid-Market,3,7,0,4,3,3,0
3592,Paid Search,Manufacturing,Mid-Market,8,5,0,4,46,1,1
3593,Organic,Healthcare,SMB,6,12,0,0,33,0,0
3594,Organic,SaaS,SMB,2,8,0,8,39,3,0
3595,Organic,Manufacturing,Enterprise,5,3,0,3,49,1,0
3596,Outbound,Finance,SMB,2,1,1,1,41,1,0
3597,Referral,Manufacturing,SMB,4,7,0,2,7,3,1
3598,Organic,Finance,Enterprise,5,4,1,4,54,0,1
3599,Paid Search,Retail,Enterprise,1,3,0,5,6,2,0
3600,Organic,Manufacturing,SMB,2,6,0,3,7,0,1
3601,Webinar,Manufacturing,Enterprise,5,4,0,2,27,2,0
3602,Paid Search,Healthcare,Mid-Market,5,7,0,3,22,3,0
3603,Webinar,Finance,SMB,3,5,0,0,42,1,0
3604,Referral,Manufacturing,SMB,6,11,0,1,39,1,1
3605,Organic,Finance,SMB,4,4,0,3,1,0,1
3606,Referral,Manufacturing,Mid-Market,6,4,0,3,7,2,1
3607,Webinar,Finance,SMB,2,6,0,2,35,0,1
3608,Outbound,Finance,Mid-Market,4,6,0,2,51,6,1
3609,Paid Search,Finance,SMB,5,4,1,5,29,1,0
3610,Referral,SaaS,SMB,4,3,0,5,9,0,0
3611,Organic,Manufacturing,SMB,5,8,0,3,12,1,0
3612,Referral,Retail,SMB,3,7,0,4,41,1,1
3613,Organic,Retail,Mid-Market,3,5,0,3,53,0,1
3614,Referral,Retail,SMB,5,3,0,4,20,8,0
3615,Paid Search,Manufacturing,Mid-Market,2,8,0,7,50,3,0
3616,Paid Search,Retail,SMB,7,5,0,1,33,0,0
3617,Organic,Healthcare,SMB,5,6,0,2,52,3,0
3618,Paid Search,Healthcare,Mid-Market,6,5,0,1,16,1,1
3619,Outbound,Finance,Enterprise,1,6,1,4,12,3,1
3620,Referral,Retail,Enterprise,0,8,0,5,33,1,1
3621,Webinar,Finance,SMB,2,3,0,0,45,2,0
3622,Referral,Manufacturing,SMB,6,9,0,3,58,2,1
3623,Outbound,Healthcare,Mid-Market,5,2,0,3,45,6,0
3624,Organic,Finance,Mid-Market,2,11,0,4,17,2,0
3625,Outbound,SaaS,Mid-Market,5,5,0,1,6,2,0
3626,Outbound,Retail,Mid-Market,1,2,0,1,60,1,0
3627,Organic,Finance,Mid-Market,5,6,0,5,54,2,0
3628,Webinar,Finance,Mid-Market,5,13,0,2,53,2,1
3629,Webinar,Retail,SMB,3,4,1,5,35,3,1
3630,Webinar,Healthcare,Enterprise,8,5,0,4,38,3,0
3631,Outbound,Finance,SMB,6,10,0,2,40,1,0
3632,Webinar,Healthcare,SMB,4,3,0,2,32,4,0
3633,Referral,Manufacturing,Mid-Market,5,5,0,6,59,3,0
3634,Organic,SaaS,Enterprise,4,8,0,5,26,5,0
3635,Organic,Manufacturing,SMB,6,4,0,4,18,3,1
3636,Paid Search,Retail,SMB,3,4,0,4,8,3,0
3637,Paid Search,SaaS,Mid-Market,2,6,1,2,33,2,1
3638,Referral,SaaS,Mid-Market,5,7,0,2,28,1,0
3639,Referral,Healthcare,Mid-Market,3,8,0,2,19,1,0
3640,Organic,Finance,Enterprise,3,5,0,6,47,2,1
3641,Referral,Finance,SMB,5,2,0,2,9,0,1
3642,Organic,Manufacturing,Enterprise,1,8,0,3,48,2,0
3643,Outbound,Manufacturing,Enterprise,5,5,0,6,52,2,1
3644,Webinar,Manufacturing,SMB,4,9,0,1,21,2,0
3645,Outbound,Manufacturing,SMB,7,7,1,4,28,1,0
3646,Outbound,SaaS,Enterprise,2,4,0,3,35,1,0
3647,Webinar,Retail,SMB,4,5,0,4,3,1,0
3648,Outbound,Retail,Mid-Market,7,3,0,4,21,1,0
3649,Referral,Manufacturing,Mid-Market,4,6,1,1,1,2,0
3650,Referral,Healthcare,SMB,3,7,1,3,13,3,0
3651,Paid Search,Finance,Mid-Market,3,6,0,3,5,5,1
3652,Paid Search,Manufacturing,Mid-Market,5,6,0,5,4,5,1
3653,Referral,Finance,SMB,5,6,0,2,58,4,1
3654,Outbound,Manufacturing,SMB,6,11,0,2,23,1,1
3655,Webinar,SaaS,SMB,1,7,1,1,59,4,1
3656,Outbound,SaaS,Mid-Market,5,8,0,2,51,2,0
3657,Paid Search,Finance,Enterprise,4,7,0,2,48,2,0
3658,Organic,Retail,Mid-Market,4,7,0,5,1,1,1
3659,Paid Search,SaaS,SMB,1,8,0,2,21,1,0
3660,Referral,Finance,Enterprise,4,9,0,2,19,0,1
3661,Paid Search,Retail,SMB,5,7,0,7,5,4,0
3662,Organic,Healthcare,SMB,1,7,0,1,43,7,1
3663,Webinar,SaaS,Enterprise,3,6,0,3,17,3,0
3664,Referral,Retail,SMB,4,6,0,3,2,3,1
3665,Paid Search,Manufacturing,SMB,5,4,1,2,45,4,0
3666,Organic,Retail,Enterprise,4,5,0,5,34,1,0
3667,Webinar,Finance,SMB,3,2,0,3,22,2,0
3668,Outbound,Retail,Mid-Market,3,5,1,0,20,2,0
3669,Paid Search,Healthcare,Enterprise,3,5,0,2,49,2,1
3670,Webinar,Manufacturing,SMB,3,3,1,3,20,2,1
3671,Organic,Finance,Mid-Market,2,4,0,1,29,3,0
3672,Paid Search,Manufacturing,SMB,4,6,0,2,31,3,0
3673,Referral,Finance,SMB,5,4,0,4,2,3,0
3674,Paid Search,Retail,SMB,5,7,0,5,55,1,1
3675,Organic,SaaS,SMB,4,9,0,4,47,0,0
3676,Paid Search,Finance,Enterprise,3,4,0,2,50,0,0
3677,Webinar,Retail,SMB,4,7,0,3,1,2,1
3678,Organic,Retail,SMB,4,5,1,2,44,5,1
3679,Outbound,Manufacturing,SMB,3,4,1,2,26,0,1
3680,Paid Search,Healthcare,Mid-Market,5,9,0,4,57,1,0
3681,Referral,Healthcare,SMB,4,6,0,3,9,3,0
3682,Paid Search,Healthcare,SMB,3,3,0,3,12,1,0
3683,Referral,Manufacturing,SMB,5,5,0,4,2,0,1
3684,Referral,Manufacturing,Enterprise,2,3,0,6,7,2,1
3685,Webinar,Manufacturing,SMB,8,4,1,3,3,2,1
3686,Paid Search,SaaS,Mid-Market,2,5,0,4,23,2,1
3687,Referral,Manufacturing,Enterprise,2,10,0,2,10,1,1
3688,Referral,SaaS,SMB,6,6,0,2,13,1,1
3689,Webinar,Retail,Mid-Market,7,7,0,1,37,3,0
3690,Organic,Retail,Mid-Market,5,9,0,3,43,1,1
3691,Webinar,Healthcare,SMB,3,8,0,3,37,2,1
3692,Paid Search,Retail,Mid-Market,5,11,1,4,6,1,1
3693,Paid Search,Finance,Enterprise,7,6,0,2,18,3,1
3694,Organic,Finance,SMB,1,12,0,2,24,3,1
3695,Outbound,Finance,SMB,7,6,0,5,23,2,0
3696,Paid Search,Manufacturing,SMB,8,7,0,4,12,2,1
3697,Organic,SaaS,SMB,9,6,0,3,13,4,0
3698,Referral,Finance,SMB,4,8,0,2,21,0,0
3699,Webinar,SaaS,SMB,3,7,0,1,37,3,0
3700,Webinar,Finance,Enterprise,2,4,0,3,18,1,0
3701,Webinar,Finance,Mid-Market,5,5,0,6,33,1,0
3702,Organic,SaaS,SMB,3,15,0,3,32,5,1
3703,Organic,Retail,SMB,2,9,1,2,24,4,1
3704,Webinar,Retail,SMB,3,6,0,2,43,2,0
3705,Paid Search,Retail,Mid-Market,4,5,0,0,10,2,0
3706,Referral,Finance,Mid-Market,6,10,0,4,42,0,0
3707,Organic,Healthcare,SMB,4,5,0,3,9,0,0
3708,Referral,Finance,Enterprise,3,5,0,2,21,1,0
3709,Organic,Finance,Enterprise,4,6,1,1,51,2,0
3710,Paid Search,Manufacturing,Mid-Market,5,13,1,4,21,3,1
3711,Paid Search,Finance,Mid-Market,5,4,0,5,39,1,1
3712,Webinar,Finance,SMB,2,8,0,6,58,3,1
3713,Paid Search,SaaS,Enterprise,3,3,0,0,33,2,0
3714,Organic,Manufacturing,SMB,7,7,1,4,3,1,0
3715,Referral,SaaS,Enterprise,4,3,1,2,21,0,0
3716,Paid Search,Healthcare,Mid-Market,4,10,0,7,18,3,0
3717,Paid Search,Manufacturing,SMB,1,6,0,2,44,1,0
3718,Organic,Manufacturing,SMB,4,3,0,1,47,0,0
3719,Organic,Healthcare,SMB,6,3,0,5,41,2,1
3720,Webinar,Healthcare,Enterprise,3,5,0,2,29,1,0
3721,Webinar,Retail,Mid-Market,4,3,0,1,26,1,0
3722,Paid Search,SaaS,SMB,3,7,1,1,40,3,0
3723,Outbound,Finance,SMB,3,8,0,2,45,2,0
3724,Webinar,Healthcare,SMB,6,4,0,2,17,1,0
3725,Paid Search,Finance,SMB,2,4,0,1,31,5,0
3726,Webinar,Manufacturing,Enterprise,2,3,0,4,32,0,0
3727,Referral,Manufacturing,Enterprise,3,3,0,1,53,3,0
3728,Organic,Retail,Mid-Market,2,7,0,2,22,0,0
3729,Outbound,Manufacturing,SMB,3,5,1,5,10,1,1
3730,Referral,Retail,SMB,6,6,0,2,52,5,1
3731,Webinar,Retail,Enterprise,4,5,0,5,7,1,0
3732,Paid Search,Finance,Mid-Market,6,7,0,0,33,0,0
3733,Paid Search,Healthcare,Mid-Market,2,4,0,1,19,0,0
3734,Webinar,SaaS,SMB,2,7,0,1,26,2,0
3735,Referral,Finance,Mid-Market,5,9,1,4,19,0,1
3736,Referral,Manufacturing,SMB,3,5,0,3,19,1,0
3737,Referral,Healthcare,SMB,6,4,0,3,3,3,0
3738,Organic,Manufacturing,Enterprise,1,2,1,1,37,3,1
3739,Paid Search,Retail,SMB,6,9,0,1,5,3,1
3740,Outbound,SaaS,Enterprise,1,5,0,7,27,1,0
3741,Referral,SaaS,Mid-Market,3,4,1,1,50,1,1
3742,Referral,Retail,Mid-Market,7,9,0,3,59,2,1
3743,Webinar,Manufacturing,Mid-Market,5,5,0,4,33,5,1
3744,Referral,Retail,Mid-Market,5,6,0,3,23,2,1
3745,Webinar,SaaS,Mid-Market,2,6,0,0,19,0,0
3746,Organic,Finance,SMB,2,5,1,0,22,5,1
3747,Organic,SaaS,SMB,3,4,0,1,57,1,0
3748,Webinar,SaaS,Mid-Market,2,7,0,2,32,2,0
3749,Outbound,SaaS,SMB,5,5,0,1,8,1,1
3750,Organic,Manufacturing,SMB,5,9,0,4,59,1,1
3751,Referral,Manufacturing,Mid-Market,3,4,0,2,6,3,0
3752,Outbound,Healthcare,Mid-Market,4,2,0,4,39,0,0
3753,Webinar,Finance,Mid-Market,4,6,0,4,6,0,0
3754,Referral,Retail,SMB,4,6,0,2,18,2,1
3755,Paid Search,Finance,Mid-Market,1,7,0,3,24,1,0
3756,Outbound,SaaS,SMB,1,6,0,5,56,5,1
3757,Organic,Finance,SMB,1,7,0,4,47,2,1
3758,Organic,Finance,SMB,5,3,1,3,44,0,1
3759,Outbound,Healthcare,Mid-Market,6,7,0,1,13,1,0
3760,Organic,SaaS,SMB,2,5,1,2,38,5,1
3761,Organic,Manufacturing,SMB,3,8,0,11,28,1,1
3762,Organic,SaaS,Mid-Market,5,5,0,2,20,1,1
3763,Referral,Manufacturing,SMB,5,2,0,4,25,0,0
3764,Organic,SaaS,Mid-Market,5,9,0,2,20,1,1
3765,Paid Search,Healthcare,SMB,3,7,0,2,4,3,0
3766,Referral,SaaS,Mid-Market,3,4,1,5,13,1,1
3767,Organic,SaaS,Mid-Market,5,2,0,7,60,1,0
3768,Paid Search,Finance,Mid-Market,4,4,0,4,49,2,0
3769,Webinar,Finance,SMB,5,7,0,3,32,2,0
3770,Referral,Finance,SMB,4,7,0,1,17,0,1
3771,Organic,SaaS,SMB,3,5,1,2,6,2,1
3772,Paid Search,Finance,Enterprise,4,5,0,4,22,2,1
3773,Paid Search,Manufacturing,SMB,4,8,0,3,48,3,0
3774,Paid Search,Healthcare,SMB,1,10,0,5,54,1,1
3775,Referral,Manufacturing,SMB,2,4,0,5,26,1,0
3776,Outbound,Retail,Enterprise,5,10,0,2,2,2,0
3777,Paid Search,Healthcare,SMB,3,2,1,3,53,3,1
3778,Referral,Finance,SMB,5,6,0,8,51,2,0
3779,Organic,Manufacturing,SMB,5,8,0,4,40,2,0
3780,Organic,Retail,SMB,2,6,1,4,34,3,1
3781,Outbound,Retail,SMB,4,5,0,3,24,1,0
3782,Organic,Finance,Enterprise,6,9,0,2,8,2,0
3783,Referral,Manufacturing,Mid-Market,5,3,0,1,37,4,0
3784,Outbound,Finance,Mid-Market,2,8,0,2,6,1,0
3785,Referral,Retail,SMB,4,4,0,2,55,1,0
3786,Paid Search,Finance,Mid-Market,3,3,0,5,52,1,0
3787,Referral,Finance,Mid-Market,1,6,0,4,43,3,1
3788,Referral,Finance,Mid-Market,1,6,0,3,12,3,0
3789,Webinar,Finance,Enterprise,5,5,0,3,14,3,0
3790,Outbound,Healthcare,SMB,4,8,0,3,6,1,1
3791,Paid Search,Healthcare,Mid-Market,5,9,0,5,26,1,1
3792,Outbound,SaaS,SMB,3,8,0,3,38,3,1
3793,Referral,Manufacturing,SMB,4,4,0,7,30,1,1
3794,Webinar,Manufacturing,SMB,3,7,0,3,30,2,0
3795,Webinar,Retail,Enterprise,2,6,0,4,18,3,0
3796,Outbound,Manufacturing,Enterprise,1,6,0,6,59,0,0
3797,Referral,SaaS,SMB,9,3,1,1,46,5,1
3798,Organic,Manufacturing,Mid-Market,4,3,0,1,35,0,0
3799,Outbound,Manufacturing,Enterprise,4,3,0,3,33,2,0
3800,Referral,Retail,SMB,9,6,1,5,4,0,1
3801,Organic,Manufacturing,SMB,4,4,0,3,50,3,0
3802,Paid Search,Healthcare,SMB,3,6,0,5,44,1,0
3803,Outbound,Retail,Mid-Market,4,5,0,1,21,2,0
3804,Organic,SaaS,Enterprise,6,8,0,4,15,3,1
3805,Webinar,Retail,SMB,2,7,0,2,39,3,0
3806,Paid Search,SaaS,Mid-Market,5,6,0,2,18,1,0
3807,Outbound,Finance,Mid-Market,1,6,0,4,15,2,1
3808,Paid Search,Manufacturing,Enterprise,10,7,0,4,54,1,0
3809,Paid Search,Healthcare,SMB,5,10,0,1,36,3,1
3810,Organic,Manufacturing,Mid-Market,1,5,0,3,2,1,0
3811,Referral,Finance,Mid-Market,1,3,0,2,34,2,0
3812,Outbound,Manufacturing,Enterprise,4,6,0,6,59,0,0
3813,Outbound,Retail,Enterprise,3,5,0,4,13,0,0
3814,Referral,Manufacturing,Mid-Market,4,5,1,5,38,2,1
3815,Paid Search,SaaS,SMB,0,5,1,3,45,3,0
3816,Webinar,Finance,SMB,7,7,0,2,18,3,0
3817,Paid Search,Healthcare,SMB,4,3,0,2,6,3,0
3818,Referral,Finance,SMB,5,6,1,4,27,3,1
3819,Paid Search,Manufacturing,SMB,4,8,1,5,42,1,1
3820,Organic,Manufacturing,SMB,7,4,0,0,40,1,0
3821,Webinar,Healthcare,Enterprise,5,5,0,1,3,3,1
3822,Referral,Manufacturing,Mid-Market,4,4,0,3,21,1,1
3823,Paid Search,Healthcare,SMB,7,8,1,5,59,3,1
3824,Organic,Manufacturing,SMB,8,7,0,4,9,2,1
3825,Webinar,Manufacturing,Enterprise,6,8,0,3,40,2,1
3826,Referral,Manufacturing,Enterprise,1,4,0,4,17,2,0
3827,Paid Search,Healthcare,Mid-Market,6,9,1,3,54,2,1
3828,Webinar,Retail,Enterprise,2,7,0,1,29,3,1
3829,Referral,Finance,Enterprise,4,3,1,3,1,2,1
3830,Organic,Retail,SMB,11,6,1,4,58,2,1
3831,Organic,Finance,Enterprise,4,6,1,6,1,0,1
3832,Referral,SaaS,Mid-Market,4,2,0,5,25,1,0
3833,Paid Search,Manufacturing,Mid-Market,4,4,0,0,52,0,0
3834,Outbound,Healthcare,Mid-Market,4,7,1,3,55,3,1
3835,Referral,Finance,Enterprise,3,6,0,3,56,1,0
3836,Organic,SaaS,SMB,3,9,0,2,12,2,1
3837,Paid Search,Healthcare,Mid-Market,3,7,0,3,41,3,0
3838,Organic,Retail,SMB,3,5,0,6,54,1,0
3839,Webinar,Retail,Mid-Market,4,4,0,5,55,2,0
3840,Outbound,Manufacturing,Enterprise,6,7,0,5,57,1,0
3841,Organic,Retail,Mid-Market,3,7,0,2,14,2,0
3842,Paid Search,Finance,Mid-Market,5,6,1,2,17,1,0
3843,Paid Search,Manufacturing,SMB,1,10,0,1,7,5,1
3844,Paid Search,Healthcare,SMB,4,2,0,5,31,2,1
3845,Organic,Retail,SMB,4,8,0,2,10,4,0
3846,Paid Search,SaaS,Mid-Market,2,4,0,3,43,0,0
3847,Webinar,Manufacturing,Mid-Market,6,9,0,7,28,2,0
3848,Webinar,Manufacturing,SMB,2,3,0,3,42,2,1
3849,Organic,Retail,SMB,5,4,0,4,19,2,1
3850,Paid Search,Retail,Mid-Market,3,13,0,5,46,2,0
3851,Outbound,Finance,Enterprise,5,3,1,4,6,0,1
3852,Organic,SaaS,Mid-Market,4,4,0,3,37,3,1
3853,Outbound,Healthcare,Mid-Market,5,4,0,7,30,0,1
3854,Paid Search,Healthcare,SMB,4,7,0,2,49,1,1
3855,Paid Search,Finance,Enterprise,4,5,0,2,21,2,0
3856,Outbound,SaaS,Enterprise,3,6,0,3,37,2,0
3857,Referral,Manufacturing,Enterprise,4,4,0,7,20,1,0
3858,Outbound,Finance,SMB,3,4,0,2,23,1,0
3859,Organic,SaaS,SMB,5,6,0,1,55,1,0
3860,Webinar,Retail,SMB,6,7,0,4,34,0,0
3861,Paid Search,SaaS,Mid-Market,3,11,1,2,51,0,1
3862,Organic,SaaS,SMB,7,4,0,3,25,1,0
3863,Organic,SaaS,Enterprise,5,4,1,4,42,4,1
3864,Webinar,Manufacturing,Mid-Market,4,10,0,1,29,2,0
3865,Webinar,Finance,SMB,2,5,0,3,13,3,0
3866,Paid Search,Healthcare,SMB,7,8,0,2,23,4,0
3867,Webinar,Manufacturing,SMB,2,2,0,3,54,1,0
3868,Webinar,Healthcare,SMB,3,6,1,2,29,1,1
3869,Referral,Manufacturing,SMB,6,1,0,2,52,4,0
3870,Paid Search,SaaS,SMB,5,7,0,4,16,0,0
3871,Paid Search,Finance,SMB,2,8,0,4,51,1,0
3872,Organic,Retail,SMB,4,5,0,6,30,2,1
3873,Paid Search,SaaS,Enterprise,8,6,0,3,39,2,0
3874,Paid Search,Manufacturing,Mid-Market,10,5,0,3,48,1,0
3875,Paid Search,Retail,Enterprise,5,8,0,8,22,3,1
3876,Organic,Retail,SMB,6,7,0,5,21,1,0
3877,Organic,Healthcare,SMB,1,4,0,3,29,5,0
3878,Referral,Manufacturing,Mid-Market,3,3,0,2,11,0,0
3879,Paid Search,Finance,SMB,4,5,0,1,23,2,1
3880,Referral,SaaS,SMB,2,13,0,5,7,2,0
3881,Referral,Healthcare,SMB,5,3,0,1,56,1,0
3882,Outbound,Finance,Mid-Market,5,3,0,3,19,0,1
3883,Webinar,Manufacturing,SMB,4,8,0,3,4,3,1
3884,Organic,Retail,Mid-Market,3,8,1,3,7,1,1
3885,Organic,Manufacturing,Mid-Market,4,8,1,6,36,1,1
3886,Organic,Finance,Mid-Market,4,8,0,4,58,0,0
3887,Referral,Finance,SMB,2,5,0,2,42,1,1
3888,Outbound,Finance,Enterprise,4,6,0,1,53,1,0
3889,Paid Search,Manufacturing,SMB,5,3,0,4,38,2,0
3890,Organic,SaaS,Mid-Market,4,3,0,2,13,1,0
3891,Paid Search,Retail,Enterprise,5,7,0,3,42,3,0
3892,Paid Search,Healthcare,SMB,6,5,0,4,50,2,1
3893,Organic,Manufacturing,Mid-Market,3,4,0,2,23,2,1
3894,Organic,Finance,SMB,8,4,0,3,48,0,1
3895,Paid Search,Finance,SMB,2,6,0,2,12,1,1
3896,Webinar,Finance,SMB,7,10,0,2,28,4,0
3897,Paid Search,SaaS,SMB,6,13,0,4,47,3,1
3898,Referral,Manufacturing,SMB,2,5,1,4,25,1,1
3899,Paid Search,SaaS,SMB,4,8,1,2,33,0,1
3900,Organic,Retail,Mid-Market,6,5,0,1,2,1,0
3901,Organic,Manufacturing,SMB,6,7,1,4,1,2,1
3902,Webinar,Healthcare,Mid-Market,9,15,0,4,37,2,1
3903,Webinar,SaaS,SMB,3,7,0,3,18,0,0
3904,Webinar,Manufacturing,Mid-Market,2,6,0,2,24,3,0
3905,Organic,Healthcare,SMB,3,8,0,1,56,1,0
3906,Paid Search,Manufacturing,Mid-Market,7,4,1,6,30,2,1
3907,Webinar,Healthcare,SMB,1,10,0,6,24,1,1
3908,Referral,Manufacturing,SMB,2,5,0,1,59,2,0
3909,Organic,Healthcare,SMB,5,4,0,3,45,2,0
3910,Organic,Finance,SMB,3,7,0,5,15,0,0
3911,Referral,Manufacturing,SMB,2,5,0,6,55,5,1
3912,Paid Search,Finance,SMB,3,1,0,2,19,2,0
3913,Paid Search,Healthcare,Enterprise,4,3,0,1,60,2,1
3914,Organic,Manufacturing,Mid-Market,3,6,0,2,46,0,0
3915,Paid Search,Retail,SMB,3,2,1,3,16,0,1
3916,Referral,Healthcare,SMB,2,4,1,2,7,1,1
3917,Paid Search,Finance,Mid-Market,3,9,1,6,19,4,1
3918,Webinar,Healthcare,Enterprise,3,6,0,3,4,2,0
3919,Paid Search,Manufacturing,SMB,4,6,0,2,37,2,0
3920,Webinar,SaaS,Enterprise,7,3,0,4,38,5,1
3921,Paid Search,SaaS,SMB,6,6,0,2,2,5,0
3922,Outbound,Manufacturing,SMB,3,5,1,3,58,2,1
3923,Organic,Finance,SMB,3,5,0,1,46,3,0
3924,Paid Search,Finance,SMB,2,6,0,4,57,5,0
3925,Referral,Manufacturing,Enterprise,0,5,0,3,24,2,1
3926,Organic,Manufacturing,SMB,4,9,0,4,33,3,1
3927,Organic,Finance,SMB,2,9,0,1,9,5,1
3928,Organic,Retail,SMB,2,7,0,3,17,2,0
3929,Organic,SaaS,Mid-Market,4,2,0,0,30,1,0
3930,Paid Search,Finance,SMB,6,3,1,2,58,1,1
3931,Organic,Finance,Enterprise,4,10,0,3,39,2,0
3932,Referral,Finance,SMB,7,9,0,2,36,1,1
3933,Paid Search,SaaS,Mid-Market,4,6,1,1,47,0,0
3934,Paid Search,Manufacturing,SMB,8,6,0,5,2,3,1
3935,Referral,Manufacturing,SMB,8,7,0,3,42,4,1
3936,Outbound,Healthcare,Mid-Market,4,5,0,3,19,2,0
3937,Webinar,Healthcare,SMB,1,10,0,3,1,2,0
3938,Outbound,Retail,Enterprise,3,4,0,2,12,4,0
3939,Organic,Retail,SMB,5,7,0,0,39,0,0
3940,Paid Search,Retail,Mid-Market,6,6,0,1,32,3,0
3941,Referral,Finance,Mid-Market,4,7,1,3,25,1,0
3942,Outbound,Manufacturing,Mid-Market,2,6,0,2,16,4,0
3943,Organic,Finance,SMB,2,1,0,8,11,2,0
3944,Paid Search,Retail,SMB,2,4,1,2,16,1,0
3945,Organic,Retail,SMB,4,9,0,1,59,1,0
3946,Outbound,Retail,SMB,4,6,0,5,17,1,0
3947,Outbound,Healthcare,Enterprise,2,4,1,4,27,0,0
3948,Webinar,SaaS,SMB,1,9,0,2,29,0,0
3949,Organic,Healthcare,Enterprise,5,4,1,6,39,1,0
3950,Organic,Manufacturing,Mid-Market,5,6,0,3,29,3,0
3951,Organic,Finance,Enterprise,4,5,0,1,7,2,0
3952,Paid Search,SaaS,SMB,1,3,0,0,8,0,0
3953,Outbound,Retail,SMB,8,4,0,4,5,1,1
3954,Paid Search,Manufacturing,Enterprise,3,6,0,2,8,2,0
3955,Organic,Manufacturing,Enterprise,2,2,1,1,21,1,1
3956,Organic,Finance,Enterprise,4,3,0,6,40,0,0
3957,Paid Search,Retail,Mid-Market,3,4,0,3,2,1,0
3958,Organic,Retail,Enterprise,3,9,0,5,2,3,0
3959,Outbound,SaaS,Enterprise,5,6,0,7,2,1,1
3960,Webinar,Finance,Mid-Market,4,3,0,3,53,2,0
3961,Paid Search,Healthcare,Enterprise,5,8,0,1,41,4,1
3962,Outbound,Manufacturing,SMB,4,10,1,3,5,0,1
3963,Organic,Retail,Mid-Market,2,9,0,0,10,5,1
3964,Referral,Finance,SMB,1,4,1,4,55,4,1
3965,Paid Search,Manufacturing,SMB,6,8,1,2,10,4,1
3966,Webinar,Healthcare,Mid-Market,4,7,0,4,3,1,0
3967,Webinar,Finance,SMB,5,6,0,1,40,1,0
3968,Referral,Finance,Enterprise,3,11,0,6,25,2,1
3969,Organic,Healthcare,SMB,2,6,0,2,10,0,0
3970,Referral,SaaS,SMB,3,6,0,2,7,4,0
3971,Paid Search,Retail,SMB,1,6,1,1,39,0,0
3972,Organic,Healthcare,Enterprise,4,3,0,1,19,1,0
3973,Paid Search,Finance,Enterprise,4,3,0,0,21,2,1
3974,Webinar,Healthcare,Enterprise,2,10,0,2,52,1,1
3975,Organic,Finance,Mid-Market,4,5,0,3,4,1,0
3976,Outbound,Retail,SMB,3,9,0,6,23,2,0
3977,Outbound,Finance,SMB,6,12,0,1,57,2,0
3978,Paid Search,Finance,SMB,3,9,1,1,4,1,1
3979,Outbound,Healthcare,SMB,5,7,0,5,38,3,0
3980,Paid Search,Finance,SMB,6,7,0,3,46,3,0
3981,Paid Search,Healthcare,SMB,5,11,1,4,49,2,1
3982,Webinar,Manufacturing,Enterprise,3,6,1,5,40,1,1
3983,Referral,Healthcare,Mid-Market,8,6,0,6,36,2,1
3984,Paid Search,Finance,Mid-Market,7,3,0,2,8,4,1
3985,Paid Search,Finance,Enterprise,3,6,1,2,43,3,0
3986,Organic,SaaS,Enterprise,3,3,0,7,47,4,1
3987,Outbound,Retail,SMB,1,6,0,1,8,4,0
3988,Paid Search,Finance,Mid-Market,6,8,0,1,31,0,1
3989,Organic,Finance,Mid-Market,6,9,0,2,2,1,0
3990,Organic,Finance,SMB,2,14,1,4,11,4,1
3991,Paid Search,Manufacturing,Mid-Market,2,3,0,5,60,1,0
3992,Webinar,Finance,Enterprise,4,6,0,3,58,2,1
3993,Referral,Retail,Enterprise,1,4,0,1,14,5,1
3994,Paid Search,Retail,Mid-Market,4,6,0,1,1,2,0
3995,Paid Search,Healthcare,Mid-Market,9,3,0,2,15,1,0
3996,Paid Search,Manufacturing,Mid-Market,7,9,0,6,18,2,1
3997,Outbound,SaaS,SMB,2,4,0,3,41,0,0
3998,Webinar,SaaS,SMB,6,11,1,5,10,4,1
3999,Organic,Manufacturing,Enterprise,4,13,0,3,18,4,1
4000,Webinar,Healthcare,Mid-Market,5,6,0,3,30,5,0
4001,Paid Search,Finance,SMB,5,2,0,1,57,1,0
4002,Organic,Manufacturing,Mid-Market,4,8,0,5,33,3,0
4003,Outbound,Finance,Mid-Market,4,7,0,4,27,1,0
4004,Paid Search,Manufacturing,Mid-Market,2,6,1,2,54,4,1
4005,Referral,Finance,Enterprise,5,7,0,3,15,0,1
4006,Referral,Finance,Mid-Market,4,7,0,3,44,5,0
4007,Organic,Retail,SMB,5,3,0,2,27,1,1
4008,Webinar,SaaS,SMB,5,5,0,4,5,1,0
4009,Outbound,Healthcare,SMB,3,7,0,5,40,0,0
4010,Paid Search,SaaS,Mid-Market,5,6,0,2,15,0,0
4011,Referral,Retail,SMB,3,6,0,1,57,3,0
4012,Paid Search,Finance,Mid-Market,2,9,0,4,18,1,0
4013,Webinar,Retail,Enterprise,3,9,0,4,52,2,1
4014,Organic,SaaS,SMB,2,8,0,4,21,3,1
4015,Outbound,SaaS,SMB,4,8,1,3,13,2,1
4016,Paid Search,SaaS,Mid-Market,1,2,0,4,48,3,0
4017,Outbound,SaaS,Enterprise,4,6,0,4,5,1,0
4018,Organic,Retail,Mid-Market,4,3,0,5,56,3,0
4019,Referral,Manufacturing,SMB,4,5,0,3,12,4,0
4020,Organic,SaaS,Enterprise,7,7,0,3,13,1,0
4021,Outbound,Manufacturing,SMB,2,5,0,4,36,0,0
4022,Webinar,Retail,Mid-Market,0,4,0,4,34,2,0
4023,Paid Search,Finance,Mid-Market,4,8,1,4,33,3,1
4024,Paid Search,Healthcare,SMB,2,7,0,2,30,0,0
4025,Referral,Retail,SMB,1,6,1,4,58,0,1
4026,Organic,Retail,SMB,9,6,0,3,38,1,1
4027,Paid Search,SaaS,Mid-Market,1,6,1,1,47,1,0
4028,Organic,Finance,SMB,4,7,0,1,45,2,0
4029,Outbound,Healthcare,SMB,7,12,1,3,60,4,1
4030,Outbound,Healthcare,SMB,4,5,1,5,22,4,1
4031,Organic,Finance,Mid-Market,6,8,0,2,8,1,0
4032,Webinar,Healthcare,Enterprise,6,8,0,6,32,1,1
4033,Paid Search,Finance,SMB,4,4,1,2,16,2,0
4034,Organic,SaaS,Enterprise,1,7,0,7,17,1,0
4035,Organic,Finance,Mid-Market,5,8,0,3,44,3,0
4036,Paid Search,Healthcare,SMB,0,4,1,5,51,3,0
4037,Outbound,Retail,SMB,4,8,0,4,44,1,1
4038,Outbound,Manufacturing,SMB,1,11,0,3,49,2,0
4039,Paid Search,Manufacturing,Enterprise,2,4,0,4,19,1,0
4040,Outbound,Retail,SMB,2,9,0,3,20,1,1
4041,Paid Search,Healthcare,Mid-Market,3,9,0,5,4,2,0
4042,Paid Search,Healthcare,SMB,1,6,1,4,2,2,0
4043,Organic,SaaS,Mid-Market,5,8,0,3,2,3,1
4044,Paid Search,Retail,SMB,3,6,0,4,36,0,1
4045,Organic,Retail,SMB,3,5,0,2,6,2,0
4046,Paid Search,Finance,SMB,3,2,0,6,6,1,1
4047,Referral,Finance,SMB,5,6,0,6,38,2,0
4048,Outbound,Finance,Enterprise,6,10,0,2,46,2,0
4049,Paid Search,Healthcare,Mid-Market,4,6,0,3,24,3,0
4050,Paid Search,SaaS,Enterprise,8,4,0,3,19,1,1
4051,Outbound,Retail,SMB,5,5,0,2,17,3,0
4052,Referral,Healthcare,Mid-Market,6,7,1,1,51,1,0
4053,Paid Search,Retail,SMB,6,5,1,1,7,1,0
4054,Referral,Manufacturing,SMB,2,4,0,5,36,0,1
4055,Webinar,Healthcare,SMB,4,4,0,8,24,0,0
4056,Outbound,Retail,Mid-Market,7,4,0,6,11,1,0
4057,Organic,Finance,SMB,4,7,0,2,43,3,0
4058,Organic,Healthcare,Mid-Market,9,8,0,5,25,1,1
4059,Paid Search,SaaS,SMB,3,4,1,3,57,1,0
4060,Webinar,Healthcare,Mid-Market,3,7,0,0,50,2,0
4061,Paid Search,Finance,SMB,4,9,0,1,15,2,0
4062,Referral,Finance,SMB,1,9,0,3,32,1,0
4063,Organic,Manufacturing,Mid-Market,5,5,0,1,5,1,0
4064,Referral,Manufacturing,SMB,2,6,1,4,9,1,1
4065,Organic,Finance,SMB,2,9,0,1,6,1,0
4066,Webinar,Healthcare,Mid-Market,5,6,0,1,32,0,0
4067,Paid Search,SaaS,SMB,3,5,0,5,19,0,1
4068,Organic,SaaS,Mid-Market,5,8,0,3,57,2,1
4069,Webinar,Finance,Enterprise,4,2,0,4,32,2,0
4070,Webinar,Finance,Mid-Market,4,7,1,4,9,0,1
4071,Organic,Manufacturing,SMB,2,6,0,5,27,0,1
4072,Outbound,Manufacturing,Mid-Market,5,7,0,3,11,4,0
4073,Paid Search,SaaS,SMB,4,1,0,4,15,1,0
4074,Webinar,SaaS,Enterprise,1,6,0,3,55,3,1
4075,Outbound,Retail,SMB,0,6,0,2,20,1,0
4076,Paid Search,Healthcare,SMB,2,5,0,2,28,1,0
4077,Organic,Healthcare,Enterprise,2,7,0,3,52,2,1
4078,Outbound,Healthcare,Mid-Market,3,8,0,4,15,2,0
4079,Referral,Healthcare,SMB,2,8,0,5,46,1,0
4080,Outbound,Retail,Enterprise,4,3,0,5,22,2,0
4081,Paid Search,Healthcare,SMB,6,9,0,4,16,1,0
4082,Organic,Manufacturing,Enterprise,4,6,1,0,4,2,1
4083,Outbound,Retail,Enterprise,3,5,0,4,9,0,1
4084,Webinar,SaaS,Mid-Market,5,8,0,1,5,1,0
4085,Webinar,Finance,Enterprise,4,7,0,5,50,1,0
4086,Organic,Retail,Mid-Market,5,6,0,4,47,3,1
4087,Referral,Retail,SMB,6,9,1,7,54,2,1
4088,Referral,SaaS,SMB,3,8,1,2,13,4,1
4089,Paid Search,Manufacturing,SMB,7,6,0,2,35,1,0
4090,Outbound,Retail,Mid-Market,3,1,0,3,13,2,0
4091,Referral,Finance,SMB,4,6,1,2,24,5,1
4092,Webinar,Manufacturing,Mid-Market,2,6,0,5,14,1,0
4093,Outbound,Manufacturing,Mid-Market,5,5,0,2,49,5,0
4094,Paid Search,Finance,SMB,7,3,0,1,12,2,0
4095,Webinar,SaaS,SMB,2,4,1,4,38,5,1
4096,Paid Search,Manufacturing,Enterprise,3,10,0,4,47,5,1
4097,Outbound,Retail,Mid-Market,3,5,0,0,37,1,0
4098,Paid Search,Finance,Mid-Market,3,3,0,3,25,0,0
4099,Outbound,Finance,SMB,4,7,0,4,43,4,0
4100,Referral,Healthcare,SMB,4,3,0,2,15,0,1
4101,Paid Search,Finance,Mid-Market,2,9,0,1,28,1,0
4102,Referral,Finance,SMB,1,1,0,4,33,2,0
4103,Referral,Finance,SMB,3,5,1,3,59,3,1
4104,Paid Search,SaaS,Mid-Market,5,10,1,4,14,3,1
4105,Organic,Manufacturing,SMB,2,4,0,3,35,1,0
4106,Organic,Healthcare,Mid-Market,1,4,0,2,29,1,0
4107,Outbound,Retail,SMB,3,8,0,0,41,1,0
4108,Paid Search,SaaS,SMB,1,8,0,3,38,3,0
4109,Outbound,SaaS,Mid-Market,3,6,0,3,27,2,1
4110,Organic,Finance,SMB,1,8,0,4,23,2,1
4111,Paid Search,Healthcare,SMB,0,3,0,4,52,2,0
4112,Paid Search,Finance,SMB,4,8,0,5,3,0,1
4113,Outbound,SaaS,Mid-Market,3,12,1,6,33,2,0
4114,Paid Search,Healthcare,Mid-Market,3,6,1,2,45,2,1
4115,Paid Search,Healthcare,SMB,5,4,0,4,37,3,0
4116,Organic,SaaS,SMB,1,7,0,1,55,2,0
4117,Referral,Healthcare,Mid-Market,3,3,0,2,56,2,0
4118,Webinar,SaaS,Mid-Market,5,3,0,3,47,3,0
4119,Referral,Finance,SMB,3,3,0,1,39,2,0
4120,Referral,SaaS,SMB,4,4,0,3,52,1,0
4121,Referral,SaaS,SMB,3,6,0,2,29,1,0
4122,Referral,Retail,Mid-Market,5,5,0,2,48,1,1
4123,Paid Search,Healthcare,Enterprise,8,9,0,1,21,3,0
4124,Organic,Manufacturing,Enterprise,4,9,1,1,30,0,1
4125,Outbound,Finance,SMB,3,6,0,8,29,2,1
4126,Referral,Retail,SMB,8,9,1,2,60,2,1
4127,Organic,SaaS,Mid-Market,2,8,0,1,50,3,0
4128,Organic,Retail,Mid-Market,2,6,0,2,49,2,0
4129,Outbound,Healthcare,SMB,9,10,0,3,34,2,1
4130,Organic,Healthcare,SMB,5,8,0,4,9,1,0
4131,Organic,Finance,SMB,5,9,0,1,16,1,1
4132,Organic,Manufacturing,SMB,3,7,1,2,25,3,1
4133,Webinar,SaaS,Enterprise,4,7,0,2,2,2,0
4134,Webinar,SaaS,SMB,4,3,0,4,50,2,0
4135,Paid Search,Finance,SMB,3,9,0,1,52,2,0
4136,Paid Search,Manufacturing,SMB,7,7,0,2,33,2,0
4137,Organic,Retail,Mid-Market,2,10,0,1,34,0,0
4138,Organic,Healthcare,SMB,3,7,0,2,9,2,0
4139,Organic,Finance,SMB,8,5,0,6,50,6,1
4140,Webinar,Retail,SMB,7,4,1,7,9,2,1
4141,Paid Search,Finance,Mid-Market,8,5,1,3,57,2,1
4142,Paid Search,Healthcare,SMB,4,4,0,3,24,4,0
4143,Referral,Finance,Mid-Market,6,5,0,1,42,3,1
4144,Outbound,Finance,SMB,2,6,1,2,39,4,1
4145,Referral,Manufacturing,Enterprise,4,10,0,2,29,2,1
4146,Referral,Manufacturing,Mid-Market,7,5,0,2,33,6,0
4147,Paid Search,Manufacturing,Enterprise,3,4,0,4,32,1,0
4148,Webinar,Manufacturing,SMB,3,7,0,1,11,2,0
4149,Organic,SaaS,Enterprise,7,4,0,4,22,2,0
4150,Referral,Manufacturing,Mid-Market,3,6,0,1,27,1,0
4151,Paid Search,Finance,Mid-Market,1,6,0,4,26,0,0
4152,Paid Search,Finance,SMB,5,4,0,1,49,1,0
4153,Outbound,Manufacturing,Enterprise,5,5,0,4,32,3,0
4154,Referral,Retail,Enterprise,4,4,0,0,25,3,0
4155,Paid Search,Manufacturing,SMB,5,4,0,3,24,2,0
4156,Paid Search,Finance,SMB,4,9,0,6,33,2,0
4157,Organic,Manufacturing,SMB,3,2,1,2,11,3,0
4158,Referral,SaaS,SMB,3,4,0,3,57,1,1
4159,Paid Search,Retail,Enterprise,2,7,1,4,36,1,0
4160,Referral,SaaS,SMB,3,5,0,6,29,2,0
4161,Webinar,Healthcare,SMB,5,4,0,0,48,2,0
4162,Referral,Retail,SMB,2,5,0,4,27,2,0
4163,Webinar,Retail,SMB,3,9,0,4,33,3,1
4164,Referral,Retail,Mid-Market,4,4,0,4,10,5,0
4165,Paid Search,Healthcare,SMB,4,6,0,3,34,6,0
4166,Organic,Manufacturing,SMB,8,11,0,4,27,1,0
4167,Outbound,SaaS,SMB,6,5,0,5,50,1,0
4168,Paid Search,Retail,SMB,4,7,0,0,60,0,0
4169,Referral,Healthcare,SMB,3,5,0,1,25,1,0
4170,Referral,Retail,SMB,4,4,1,6,14,1,1
4171,Organic,Retail,Enterprise,1,7,0,3,33,1,0
4172,Paid Search,SaaS,Mid-Market,6,3,0,8,52,0,1
4173,Webinar,Healthcare,Mid-Market,3,5,0,0,48,3,0
4174,Organic,Retail,SMB,4,8,0,3,8,1,0
4175,Paid Search,Manufacturing,Mid-Market,3,7,0,2,14,1,1
4176,Paid Search,Finance,SMB,3,4,0,2,4,1,0
4177,Organic,Healthcare,SMB,3,10,0,6,51,1,1
4178,Outbound,SaaS,SMB,1,9,0,2,25,4,0
4179,Webinar,SaaS,SMB,9,4,0,0,24,2,0
4180,Organic,Retail,SMB,3,7,0,3,17,2,0
4181,Referral,Finance,Enterprise,7,4,0,1,9,2,1
4182,Outbound,Retail,SMB,2,8,1,4,50,1,1
4183,Referral,SaaS,Mid-Market,6,3,0,2,46,4,0
4184,Webinar,Retail,SMB,2,9,0,6,43,1,1
4185,Organic,Finance,SMB,4,5,0,2,22,0,0
4186,Paid Search,Manufacturing,Enterprise,6,9,0,6,3,1,1
4187,Webinar,Manufacturing,Mid-Market,5,5,0,2,30,4,1
4188,Paid Search,Healthcare,Enterprise,4,5,1,2,6,2,0
4189,Webinar,Healthcare,Enterprise,1,13,0,2,32,1,1
4190,Webinar,Retail,Mid-Market,3,6,0,1,8,2,1
4191,Outbound,Healthcare,Mid-Market,7,2,0,2,7,1,0
4192,Paid Search,Healthcare,SMB,6,6,0,2,29,0,1
4193,Outbound,Healthcare,SMB,3,5,0,6,55,1,0
4194,Organic,Finance,Enterprise,4,6,0,2,49,0,0
4195,Referral,Healthcare,Mid-Market,2,5,0,2,5,5,0
4196,Outbound,Retail,SMB,0,5,0,4,31,0,0
4197,Referral,Manufacturing,Mid-Market,5,2,1,9,35,2,1
4198,Outbound,Finance,Enterprise,5,3,1,3,18,3,1
4199,Referral,SaaS,Mid-Market,5,0,0,1,25,0,1
4200,Referral,Retail,Mid-Market,7,6,0,4,1,2,0
4201,Webinar,Finance,SMB,4,4,0,4,46,1,1
4202,Organic,SaaS,SMB,2,5,0,3,60,2,0
4203,Outbound,Manufacturing,SMB,5,9,0,3,42,1,0
4204,Referral,Retail,Mid-Market,3,4,0,0,30,1,0
4205,Paid Search,Finance,SMB,4,5,0,2,19,3,1
4206,Outbound,Healthcare,Mid-Market,1,9,0,4,12,0,0
4207,Outbound,SaaS,SMB,6,7,0,6,38,1,0
4208,Organic,Manufacturing,Mid-Market,6,4,1,7,18,2,1
4209,Organic,Manufacturing,Mid-Market,4,3,0,1,25,1,0
4210,Outbound,Retail,Mid-Market,4,13,0,4,5,0,0
4211,Organic,Healthcare,Mid-Market,3,8,0,4,42,1,0
4212,Paid Search,Finance,Mid-Market,2,12,0,0,16,0,0
4213,Webinar,Healthcare,SMB,3,4,0,2,57,2,0
4214,Referral,Finance,Enterprise,2,4,0,1,41,2,1
4215,Outbound,SaaS,Mid-Market,5,5,0,5,11,1,0
4216,Paid Search,Manufacturing,Mid-Market,7,3,0,1,28,1,0
4217,Organic,Manufacturing,Enterprise,3,5,0,0,26,1,0
4218,Webinar,Finance,Enterprise,6,3,0,2,40,2,0
4219,Referral,Retail,Mid-Market,3,5,0,3,4,1,1
4220,Organic,Manufacturing,Mid-Market,2,5,0,0,28,2,0
4221,Paid Search,Manufacturing,Mid-Market,2,5,0,4,29,5,0
4222,Paid Search,Healthcare,SMB,2,8,0,6,16,1,1
4223,Referral,SaaS,Enterprise,3,5,0,5,7,1,0
4224,Organic,Manufacturing,SMB,0,4,1,2,50,4,0
4225,Organic,Finance,SMB,6,9,0,2,9,6,1
4226,Paid Search,Manufacturing,Enterprise,3,7,1,5,40,1,1
4227,Outbound,Finance,SMB,3,9,1,4,57,2,1
4228,Paid Search,SaaS,SMB,3,5,0,4,18,2,0
4229,Webinar,Healthcare,SMB,5,6,1,2,43,4,1
4230,Paid Search,Retail,SMB,1,6,0,1,2,3,0
4231,Referral,Retail,Mid-Market,4,5,1,2,55,6,0
4232,Organic,SaaS,SMB,3,11,0,2,48,1,0
4233,Organic,Retail,Mid-Market,6,7,0,3,24,3,0
4234,Referral,Healthcare,Mid-Market,4,5,0,6,18,4,1
4235,Referral,Retail,SMB,8,3,0,2,34,3,1
4236,Referral,SaaS,Mid-Market,7,6,0,4,7,0,0
4237,Organic,Finance,Mid-Market,4,5,0,3,31,1,0
4238,Organic,Retail,Mid-Market,3,4,0,4,28,2,0
4239,Paid Search,Healthcare,Enterprise,2,3,0,6,10,4,0
4240,Organic,Manufacturing,SMB,5,6,0,1,43,2,1
4241,Paid Search,Manufacturing,SMB,1,4,0,6,34,4,0
4242,Referral,Finance,Enterprise,3,5,0,4,49,0,1
4243,Organic,Healthcare,Mid-Market,2,10,0,0,18,1,0
4244,Webinar,Finance,Mid-Market,3,10,0,2,33,4,1
4245,Webinar,SaaS,Enterprise,4,0,0,3,58,2,0
4246,Outbound,Retail,Enterprise,4,6,0,2,4,1,0
4247,Paid Search,Healthcare,SMB,4,4,0,3,11,1,0
4248,Outbound,SaaS,Enterprise,4,6,1,2,27,2,1
4249,Webinar,Retail,SMB,3,5,0,2,1,4,1
4250,Outbound,Finance,Enterprise,6,8,0,1,33,1,1
4251,Referral,Retail,Mid-Market,3,6,1,2,36,0,0
4252,Referral,Retail,Enterprise,8,6,0,4,32,0,0
4253,Webinar,Manufacturing,SMB,3,4,1,1,23,0,1
4254,Webinar,Healthcare,SMB,5,3,0,0,46,0,0
4255,Webinar,Finance,SMB,5,9,0,2,30,1,0
4256,Organic,Finance,SMB,5,4,0,2,57,0,0
4257,Outbound,Manufacturing,Enterprise,3,9,0,4,1,3,1
4258,Paid Search,Retail,SMB,3,4,0,3,46,4,0
4259,Webinar,Retail,Mid-Market,1,8,0,6,15,4,0
4260,Organic,Retail,Mid-Market,9,4,0,5,38,1,0
4261,Organic,Retail,SMB,3,6,1,2,56,1,0
4262,Referral,Manufacturing,SMB,5,8,0,2,42,1,1
4263,Outbound,Finance,Enterprise,3,12,0,1,18,3,0
4264,Organic,Healthcare,Mid-Market,6,6,0,3,42,6,0
4265,Organic,Finance,SMB,4,5,0,3,51,2,0
4266,Paid Search,Healthcare,Enterprise,2,6,0,3,15,2,0
4267,Webinar,Manufacturing,Mid-Market,5,4,0,1,45,3,1
4268,Referral,Finance,Enterprise,7,6,0,5,7,1,1
4269,Referral,SaaS,Mid-Market,3,6,0,3,25,3,0
4270,Referral,Healthcare,SMB,6,7,0,3,1,2,1
4271,Webinar,SaaS,SMB,4,4,1,6,60,4,0
4272,Referral,Finance,Mid-Market,4,9,0,2,31,1,0
4273,Webinar,Retail,SMB,4,9,0,4,7,2,0
4274,Organic,SaaS,SMB,5,9,0,2,60,1,0
4275,Paid Search,Manufacturing,SMB,3,7,0,4,59,0,0
4276,Paid Search,Healthcare,SMB,6,10,0,2,1,1,1
4277,Organic,Retail,Mid-Market,2,11,0,5,58,3,1
4278,Organic,Healthcare,Mid-Market,5,4,1,4,15,3,1
4279,Paid Search,Healthcare,Mid-Market,5,6,0,2,46,1,0
4280,Organic,Manufacturing,SMB,4,4,0,3,2,1,0
4281,Outbound,SaaS,SMB,2,6,0,3,30,1,0
4282,Organic,Manufacturing,SMB,1,4,1,1,60,4,1
4283,Paid Search,Finance,SMB,1,1,0,5,19,3,1
4284,Paid Search,Retail,SMB,10,10,1,4,49,4,1
4285,Referral,SaaS,Enterprise,5,2,0,2,9,2,0
4286,Referral,Retail,SMB,7,11,0,2,55,2,0
4287,Outbound,Healthcare,Enterprise,3,7,0,2,60,2,0
4288,Paid Search,Healthcare,SMB,6,6,1,5,19,0,1
4289,Paid Search,SaaS,Enterprise,2,15,1,5,44,3,1
4290,Webinar,Finance,SMB,6,2,0,3,23,0,0
4291,Paid Search,SaaS,Mid-Market,4,5,0,3,1,4,0
4292,Organic,SaaS,SMB,3,3,0,6,56,2,0
4293,Paid Search,Retail,Mid-Market,9,3,0,3,54,2,0
4294,Organic,Healthcare,SMB,2,8,0,1,43,1,0
4295,Webinar,SaaS,SMB,6,10,0,5,21,3,1
4296,Referral,Healthcare,SMB,2,4,0,1,15,4,0
4297,Referral,Manufacturing,Mid-Market,3,10,0,3,40,4,0
4298,Paid Search,SaaS,Mid-Market,3,8,0,4,47,4,0
4299,Outbound,Healthcare,SMB,1,4,1,2,42,7,1
4300,Referral,Healthcare,Mid-Market,4,7,0,1,36,0,0
4301,Paid Search,Finance,Enterprise,2,9,0,1,22,2,1
4302,Paid Search,Healthcare,SMB,5,10,0,5,60,4,1
4303,Paid Search,Retail,SMB,6,4,0,2,18,3,0
4304,Organic,Healthcare,Mid-Market,3,12,1,8,59,3,1
4305,Organic,Manufacturing,Mid-Market,1,6,0,3,56,1,0
4306,Paid Search,SaaS,Enterprise,2,4,0,1,11,2,0
4307,Organic,Manufacturing,SMB,3,3,0,3,30,0,0
4308,Referral,Finance,Mid-Market,5,8,0,2,14,2,1
4309,Referral,Healthcare,SMB,2,4,1,5,1,1,1
4310,Referral,Retail,SMB,2,7,1,2,48,0,0
4311,Paid Search,Manufacturing,Enterprise,5,8,0,4,30,3,1
4312,Organic,Healthcare,Mid-Market,4,4,0,4,37,2,0
4313,Referral,SaaS,SMB,6,4,0,1,38,0,0
4314,Organic,Healthcare,Mid-Market,2,4,0,4,30,3,0
4315,Paid Search,Finance,Mid-Market,6,6,0,3,50,0,0
4316,Outbound,Manufacturing,Mid-Market,5,5,0,2,43,4,1
4317,Referral,Finance,SMB,3,6,0,0,42,0,0
4318,Organic,Finance,SMB,2,7,0,3,46,5,0
4319,Referral,Retail,Enterprise,5,4,0,5,49,2,1
4320,Outbound,SaaS,Mid-Market,5,5,0,6,56,2,0
4321,Paid Search,Finance,Enterprise,6,5,0,3,27,1,1
4322,Organic,SaaS,SMB,2,8,0,2,7,0,0
4323,Paid Search,Healthcare,SMB,5,3,1,3,20,4,0
4324,Referral,Retail,SMB,6,6,0,4,46,1,1
4325,Organic,Retail,Enterprise,6,4,0,3,30,1,1
4326,Referral,SaaS,Mid-Market,4,4,0,0,55,3,0
4327,Organic,Healthcare,Enterprise,3,2,0,2,59,1,0
4328,Webinar,Finance,Mid-Market,1,8,0,2,21,2,1
4329,Webinar,Healthcare,SMB,4,6,1,3,28,0,1
4330,Outbound,SaaS,SMB,6,5,0,3,56,2,0
4331,Webinar,Retail,Mid-Market,9,2,0,1,11,1,0
4332,Referral,Manufacturing,Enterprise,3,7,0,1,16,0,0
4333,Paid Search,Manufacturing,Enterprise,2,5,0,2,10,3,1
4334,Outbound,Finance,SMB,3,3,0,0,13,4,0
4335,Organic,Retail,SMB,4,4,1,2,4,3,1
4336,Organic,Manufacturing,SMB,2,4,1,5,7,1,1
4337,Organic,Retail,SMB,2,5,0,8,54,2,0
4338,Webinar,Retail,Mid-Market,5,5,0,4,8,3,0
4339,Referral,Retail,Enterprise,5,4,0,1,55,1,0
4340,Webinar,Healthcare,SMB,2,2,0,2,41,1,0
4341,Outbound,Retail,SMB,3,4,1,3,42,3,1
4342,Webinar,Manufacturing,SMB,5,3,0,2,57,3,1
4343,Paid Search,SaaS,Enterprise,2,3,0,3,60,2,0
4344,Paid Search,Manufacturing,Mid-Market,3,6,0,5,13,2,1
4345,Outbound,Manufacturing,Mid-Market,4,8,0,7,40,0,0
4346,Organic,Finance,SMB,2,7,1,2,32,0,0
4347,Referral,Manufacturing,Mid-Market,4,1,0,2,10,2,1
4348,Outbound,Retail,SMB,6,6,0,4,46,1,0
4349,Referral,Retail,Enterprise,4,10,0,2,30,1,0
4350,Webinar,Manufacturing,SMB,5,5,0,2,34,0,0
4351,Organic,SaaS,Enterprise,4,8,0,3,48,0,1
4352,Webinar,Retail,SMB,2,4,0,4,22,0,0
4353,Paid Search,Retail,SMB,5,5,0,1,2,2,0
4354,Paid Search,Retail,Enterprise,5,11,1,6,8,0,1
4355,Referral,SaaS,SMB,6,3,1,3,8,3,1
4356,Webinar,SaaS,Mid-Market,1,5,0,2,20,2,1
4357,Referral,Retail,SMB,6,6,1,4,34,5,1
4358,Referral,Healthcare,SMB,6,2,0,1,59,1,1
4359,Paid Search,SaaS,Enterprise,7,8,0,3,29,4,0
4360,Paid Search,Retail,SMB,5,9,0,4,39,4,1
4361,Organic,SaaS,Mid-Market,3,10,0,2,42,2,0
4362,Referral,Retail,Enterprise,3,8,0,1,26,5,1
4363,Outbound,Finance,Enterprise,5,7,0,0,40,4,0
4364,Paid Search,Finance,SMB,7,6,0,1,37,1,0
4365,Organic,Finance,SMB,1,8,0,7,48,1,0
4366,Organic,Finance,SMB,5,4,0,5,50,1,0
4367,Organic,Retail,Mid-Market,7,7,0,5,16,2,0
4368,Webinar,Finance,Mid-Market,2,11,1,2,51,2,0
4369,Webinar,Retail,Mid-Market,2,10,0,5,9,0,0
4370,Outbound,SaaS,SMB,3,5,0,3,32,2,1
4371,Outbound,Manufacturing,SMB,4,6,0,1,3,3,0
4372,Outbound,Healthcare,Mid-Market,5,6,0,4,13,3,0
4373,Outbound,Retail,SMB,5,4,0,6,33,0,0
4374,Paid Search,Manufacturing,SMB,1,6,0,2,26,2,0
4375,Paid Search,SaaS,SMB,0,6,0,4,16,0,0
4376,Outbound,Healthcare,Mid-Market,1,2,0,2,4,4,0
4377,Referral,SaaS,Mid-Market,3,3,0,2,27,2,1
4378,Webinar,Healthcare,Mid-Market,9,9,0,4,13,3,1
4379,Webinar,Healthcare,SMB,5,6,0,4,11,2,0
4380,Paid Search,Healthcare,Mid-Market,5,3,0,2,26,1,0
4381,Paid Search,Manufacturing,Mid-Market,3,4,0,5,47,1,0
4382,Organic,Manufacturing,SMB,2,6,1,3,39,0,0
4383,Organic,Healthcare,SMB,1,12,1,4,57,1,0
4384,Paid Search,Healthcare,Enterprise,5,7,1,3,30,2,1
4385,Organic,Retail,Mid-Market,4,4,0,1,17,0,0
4386,Organic,SaaS,Enterprise,0,5,0,4,50,1,0
4387,Organic,Manufacturing,SMB,3,8,0,5,47,5,0
4388,Referral,Finance,Mid-Market,4,5,0,4,3,0,0
4389,Outbound,Retail,Mid-Market,6,9,0,1,22,2,0
4390,Referral,Manufacturing,Enterprise,7,4,1,1,5,1,1
4391,Webinar,Healthcare,Mid-Market,9,3,0,7,57,0,1
4392,Paid Search,Retail,Enterprise,5,3,0,2,31,1,1
4393,Referral,Manufacturing,SMB,6,10,0,3,48,4,1
4394,Webinar,Finance,SMB,8,9,0,4,11,2,1
4395,Referral,Manufacturing,Enterprise,3,6,0,2,32,1,0
4396,Paid Search,SaaS,Mid-Market,5,8,0,4,11,2,1
4397,Outbound,Healthcare,Mid-Market,8,3,0,6,35,1,1
4398,Paid Search,Finance,SMB,3,5,0,3,24,0,1
4399,Paid Search,Finance,Enterprise,8,8,1,2,48,3,1
4400,Organic,Retail,SMB,8,3,0,0,6,1,1
4401,Organic,Healthcare,Enterprise,8,6,0,1,43,3,0
4402,Referral,Retail,SMB,5,5,0,1,30,0,0
4403,Referral,Healthcare,SMB,1,6,0,3,48,0,1
4404,Referral,Manufacturing,SMB,4,7,0,1,6,1,0
4405,Paid Search,SaaS,Enterprise,6,9,0,4,39,4,0
4406,Referral,Finance,SMB,4,7,0,5,3,1,0
4407,Outbound,Finance,SMB,2,2,0,4,12,2,0
4408,Paid Search,Healthcare,Enterprise,4,5,0,5,13,3,0
4409,Referral,Retail,SMB,8,2,1,0,1,2,0
4410,Outbound,Manufacturing,SMB,4,8,0,1,19,3,0
4411,Organic,SaaS,SMB,1,6,0,4,36,0,0
4412,Webinar,SaaS,Mid-Market,4,7,0,2,12,3,0
4413,Paid Search,Healthcare,SMB,4,9,0,3,20,0,1
4414,Paid Search,Finance,SMB,5,5,0,1,9,2,0
4415,Referral,Healthcare,Mid-Market,1,3,0,3,20,4,0
4416,Webinar,Finance,Enterprise,4,5,0,1,24,3,0
4417,Paid Search,Retail,Mid-Market,2,8,0,4,31,5,1
4418,Organic,SaaS,Mid-Market,8,5,0,3,15,1,1
4419,Organic,Healthcare,Mid-Market,4,5,0,1,57,1,0
4420,Webinar,Finance,Mid-Market,6,4,0,4,42,5,1
4421,Webinar,Manufacturing,SMB,7,6,0,4,54,5,0
4422,Paid Search,Manufacturing,SMB,9,4,1,0,40,3,1
4423,Outbound,Retail,Mid-Market,2,8,0,3,6,2,0
4424,Organic,Finance,Mid-Market,6,5,0,5,5,3,0
4425,Referral,Healthcare,Mid-Market,7,5,0,4,41,1,0
4426,Referral,Healthcare,Mid-Market,5,6,0,2,41,3,1
4427,Organic,Finance,SMB,3,7,1,7,6,3,1
4428,Referral,Retail,Mid-Market,5,4,0,6,23,0,0
4429,Webinar,Healthcare,SMB,3,6,0,3,32,3,0
4430,Organic,Retail,Mid-Market,5,5,0,3,11,4,1
4431,Organic,Finance,SMB,3,15,0,3,60,1,1
4432,Outbound,Retail,Enterprise,2,7,0,4,51,2,1
4433,Webinar,Healthcare,SMB,6,10,1,2,52,2,1
4434,Referral,SaaS,Enterprise,4,3,0,2,14,4,0
4435,Paid Search,Manufacturing,Mid-Market,9,4,0,5,17,1,1
4436,Organic,Finance,Mid-Market,3,8,1,2,14,3,1
4437,Paid Search,SaaS,Enterprise,4,6,0,4,59,2,0
4438,Organic,Manufacturing,Mid-Market,4,9,0,1,12,2,0
4439,Paid Search,Healthcare,SMB,3,9,0,3,5,2,1
4440,Outbound,SaaS,Enterprise,3,5,0,4,9,0,1
4441,Outbound,Healthcare,Mid-Market,6,8,1,4,42,2,0
4442,Organic,Finance,Mid-Market,5,6,0,0,36,0,0
4443,Referral,Retail,Mid-Market,3,15,0,5,19,5,1
4444,Referral,Finance,Enterprise,8,7,0,2,54,4,1
4445,Webinar,Healthcare,Mid-Market,3,6,0,4,11,1,0
4446,Organic,Healthcare,SMB,6,7,0,1,53,0,0
4447,Outbound,Retail,Mid-Market,3,8,0,0,59,0,0
4448,Paid Search,Finance,Enterprise,5,4,1,5,8,0,1
4449,Outbound,Manufacturing,Mid-Market,5,6,0,4,47,1,1
4450,Webinar,Healthcare,SMB,5,11,0,4,28,2,0
4451,Paid Search,Retail,SMB,3,1,1,5,53,1,1
4452,Paid Search,SaaS,Enterprise,3,3,0,4,43,3,1
4453,Paid Search,Retail,Mid-Market,2,4,0,1,52,5,0
4454,Referral,Retail,Mid-Market,3,4,1,2,35,4,0
4455,Outbound,Retail,SMB,3,9,0,3,21,1,0
4456,Referral,SaaS,SMB,4,8,0,2,45,2,0
4457,Organic,Manufacturing,Mid-Market,6,8,0,3,40,0,0
4458,Paid Search,Finance,Mid-Market,2,4,1,1,45,3,0
4459,Organic,Manufacturing,SMB,2,8,0,1,42,1,0
4460,Referral,SaaS,Mid-Market,6,3,0,3,16,0,0
4461,Paid Search,Retail,SMB,0,3,1,3,2,3,1
4462,Organic,Finance,Mid-Market,3,6,0,1,55,2,0
4463,Webinar,Retail,SMB,3,6,1,3,10,0,0
4464,Paid Search,Finance,SMB,6,3,0,2,50,3,1
4465,Paid Search,Manufacturing,Mid-Market,4,4,0,2,8,4,1
4466,Referral,Finance,SMB,4,7,0,5,32,1,0
4467,Organic,Retail,Enterprise,5,5,0,2,3,2,0
4468,Paid Search,Manufacturing,SMB,4,9,0,5,16,2,0
4469,Organic,SaaS,SMB,7,6,0,2,6,0,0
4470,Outbound,Finance,SMB,2,3,0,3,1,2,0
4471,Organic,Finance,SMB,5,4,0,4,54,1,0
4472,Paid Search,Finance,Mid-Market,4,8,1,5,14,2,1
4473,Organic,Healthcare,SMB,5,3,0,6,50,0,1
4474,Organic,Manufacturing,SMB,2,6,0,2,13,4,0
4475,Organic,Manufacturing,SMB,4,7,0,0,18,3,0
4476,Webinar,Healthcare,Enterprise,6,7,0,1,2,1,0
4477,Referral,Manufacturing,SMB,4,4,0,6,33,2,0
4478,Referral,Retail,Mid-Market,6,6,1,3,43,1,1
4479,Organic,Finance,Enterprise,5,4,0,1,31,3,0
4480,Paid Search,Healthcare,Mid-Market,5,5,0,6,60,1,1
4481,Organic,Retail,Mid-Market,5,4,0,1,17,3,1
4482,Paid Search,SaaS,SMB,1,11,0,2,24,1,1
4483,Referral,Manufacturing,Enterprise,7,6,0,3,35,0,0
4484,Organic,Finance,SMB,4,6,0,2,9,2,1
4485,Referral,Retail,SMB,3,4,1,2,6,1,0
4486,Outbound,SaaS,Enterprise,6,6,0,4,48,5,0
4487,Referral,SaaS,Mid-Market,4,9,0,1,34,4,1
4488,Referral,Manufacturing,SMB,5,5,0,3,12,1,1
4489,Paid Search,Healthcare,Mid-Market,2,3,0,5,25,0,1
4490,Webinar,Manufacturing,SMB,4,6,0,4,16,3,0
4491,Webinar,Finance,Mid-Market,3,3,0,6,53,1,0
4492,Paid Search,Manufacturing,Mid-Market,0,11,0,4,32,4,0
4493,Webinar,Healthcare,SMB,2,8,1,4,6,2,1
4494,Webinar,Manufacturing,Mid-Market,5,4,1,5,14,3,0
4495,Paid Search,Manufacturing,Mid-Market,5,11,0,1,44,1,0
4496,Webinar,Manufacturing,Enterprise,1,5,0,1,1,4,0
4497,Referral,Manufacturing,Mid-Market,2,4,1,1,46,2,1
4498,Webinar,SaaS,SMB,5,9,0,1,27,2,0
4499,Paid Search,Healthcare,Mid-Market,6,6,0,4,54,4,1
4500,Paid Search,Finance,SMB,6,10,0,1,19,3,0
4501,Outbound,Finance,Mid-Market,3,5,0,1,57,4,0
4502,Paid Search,SaaS,SMB,4,5,0,1,5,0,1
4503,Outbound,Manufacturing,Mid-Market,4,6,0,0,41,1,1
4504,Organic,SaaS,SMB,4,5,0,8,57,2,0
4505,Referral,Manufacturing,Mid-Market,1,11,1,4,32,0,1
4506,Organic,Manufacturing,Mid-Market,5,12,0,4,22,1,0
4507,Organic,SaaS,Mid-Market,1,3,0,1,30,2,0
4508,Referral,Finance,SMB,4,9,0,3,50,2,0
4509,Outbound,Finance,Enterprise,4,8,0,2,8,2,0
4510,Outbound,Manufacturing,Enterprise,1,10,0,2,60,1,1
4511,Paid Search,Healthcare,Enterprise,3,8,0,5,25,1,0
4512,Outbound,Healthcare,Mid-Market,6,4,0,3,24,0,1
4513,Webinar,Manufacturing,Mid-Market,2,2,0,2,42,3,0
4514,Paid Search,Retail,SMB,3,5,0,4,60,1,0
4515,Outbound,SaaS,Enterprise,9,7,0,3,40,1,0
4516,Paid Search,SaaS,Enterprise,2,4,0,2,47,1,0
4517,Webinar,Manufacturing,Mid-Market,3,10,1,2,33,2,1
4518,Paid Search,Manufacturing,SMB,4,4,0,4,1,4,0
4519,Webinar,Retail,Mid-Market,2,5,0,6,11,0,1
4520,Outbound,SaaS,Enterprise,4,1,0,0,45,2,1
4521,Paid Search,Finance,SMB,1,2,0,1,21,0,0
4522,Organic,Finance,Mid-Market,3,10,0,3,34,3,1
4523,Outbound,SaaS,SMB,3,7,1,4,56,1,0
4524,Organic,Retail,Mid-Market,5,7,0,6,47,2,0
4525,Organic,Retail,Mid-Market,9,5,0,1,24,3,1
4526,Outbound,Finance,SMB,3,7,0,3,41,1,0
4527,Paid Search,SaaS,Enterprise,5,8,0,5,23,4,1
4528,Webinar,Manufacturing,SMB,4,14,0,6,40,1,0
4529,Referral,Healthcare,SMB,7,8,1,2,43,2,0
4530,Paid Search,Retail,SMB,10,8,0,0,20,2,0
4531,Outbound,Healthcare,SMB,5,7,0,4,48,1,1
4532,Referral,Manufacturing,SMB,4,9,1,4,38,2,1
4533,Webinar,Retail,Enterprise,3,3,0,4,48,1,0
4534,Organic,SaaS,Enterprise,3,10,0,3,10,1,0
4535,Outbound,Finance,Enterprise,2,8,0,3,10,1,0
4536,Paid Search,Healthcare,Mid-Market,4,7,0,7,59,2,1
4537,Outbound,Finance,Enterprise,4,8,1,3,47,1,1
4538,Paid Search,Retail,Mid-Market,6,7,1,5,39,2,1
4539,Organic,Healthcare,Mid-Market,7,3,0,3,52,0,0
4540,Organic,Manufacturing,SMB,6,7,0,1,28,0,1
4541,Organic,Healthcare,Mid-Market,4,4,0,3,22,2,0
4542,Referral,Healthcare,SMB,4,2,0,0,44,4,0
4543,Organic,Healthcare,Mid-Market,2,9,0,2,27,1,0
4544,Organic,SaaS,Mid-Market,3,4,0,1,24,2,0
4545,Webinar,Manufacturing,SMB,5,7,0,3,39,3,0
4546,Organic,Retail,Mid-Market,0,5,0,2,31,2,0
4547,Organic,Retail,SMB,6,6,1,2,31,1,0
4548,Webinar,SaaS,SMB,1,9,0,3,29,1,0
4549,Referral,Manufacturing,Mid-Market,4,8,0,3,1,3,1
4550,Webinar,Finance,SMB,7,8,0,1,47,4,1
4551,Referral,Manufacturing,Mid-Market,3,11,1,4,24,0,0
4552,Paid Search,Manufacturing,SMB,4,6,0,2,32,2,0
4553,Outbound,Healthcare,Mid-Market,3,5,0,4,9,0,0
4554,Outbound,Finance,Mid-Market,1,7,0,0,45,5,0
4555,Paid Search,SaaS,Enterprise,3,8,0,4,27,2,1
4556,Webinar,Retail,SMB,5,8,0,4,45,4,1
4557,Paid Search,Manufacturing,Mid-Market,6,6,0,3,24,3,0
4558,Webinar,Finance,SMB,3,4,0,3,39,2,0
4559,Outbound,Finance,SMB,4,1,0,2,20,2,0
4560,Organic,SaaS,SMB,2,4,0,2,21,1,0
4561,Organic,Finance,SMB,6,5,0,2,14,2,1
4562,Webinar,Finance,Enterprise,1,8,0,1,26,3,1
4563,Organic,Finance,SMB,2,7,0,2,45,1,1
4564,Outbound,Healthcare,SMB,5,9,1,3,50,3,1
4565,Webinar,Retail,Enterprise,10,6,0,2,37,2,1
4566,Referral,Healthcare,SMB,3,7,0,2,22,1,0
4567,Outbound,Retail,Mid-Market,5,2,0,3,35,1,0
4568,Referral,Finance,Enterprise,4,4,0,4,44,3,0
4569,Referral,Healthcare,Enterprise,2,4,0,5,58,1,1
4570,Referral,Finance,Mid-Market,7,8,0,3,14,7,1
4571,Paid Search,Retail,Enterprise,2,9,1,3,4,2,0
4572,Organic,Manufacturing,SMB,3,6,0,4,28,2,0
4573,Paid Search,Healthcare,SMB,3,4,0,4,59,4,0
4574,Referral,SaaS,SMB,2,7,0,7,41,2,1
4575,Referral,Finance,Mid-Market,4,3,0,3,10,2,0
4576,Referral,SaaS,Mid-Market,4,1,0,7,31,5,0
4577,Webinar,Finance,Mid-Market,4,6,0,5,21,5,1
4578,Outbound,SaaS,SMB,8,4,0,2,15,2,0
4579,Outbound,Finance,SMB,5,3,0,6,4,1,1
4580,Paid Search,SaaS,SMB,4,6,0,1,26,2,0
4581,Paid Search,Retail,Mid-Market,3,10,0,3,23,0,0
4582,Outbound,Healthcare,SMB,4,4,1,3,6,4,1
4583,Outbound,Healthcare,SMB,4,12,0,4,57,3,1
4584,Paid Search,SaaS,SMB,3,9,0,4,27,4,1
4585,Paid Search,SaaS,SMB,4,6,0,5,57,1,1
4586,Referral,Finance,SMB,1,12,0,1,15,2,0
4587,Referral,Retail,Mid-Market,0,5,0,4,44,0,0
4588,Outbound,Retail,Enterprise,3,6,0,3,39,2,0
4589,Organic,Finance,SMB,6,6,0,3,57,2,1
4590,Paid Search,Retail,SMB,5,4,0,4,2,3,0
4591,Paid Search,Manufacturing,Enterprise,6,9,0,1,45,2,1
4592,Referral,Finance,Mid-Market,2,2,0,0,39,0,1
4593,Paid Search,Manufacturing,Enterprise,5,7,1,3,33,5,1
4594,Organic,Healthcare,SMB,4,3,0,3,38,1,1
4595,Paid Search,Manufacturing,Mid-Market,4,6,0,3,47,2,0
4596,Paid Search,SaaS,Mid-Market,1,6,0,0,32,1,0
4597,Outbound,Manufacturing,SMB,3,7,0,3,19,3,1
4598,Paid Search,SaaS,SMB,4,8,0,6,3,2,1
4599,Outbound,SaaS,Mid-Market,0,7,0,5,7,1,0
4600,Paid Search,Finance,Mid-Market,3,7,1,1,41,5,0
4601,Webinar,Manufacturing,Mid-Market,6,5,0,4,32,2,0
4602,Paid Search,Healthcare,Mid-Market,8,7,0,5,3,4,0
4603,Outbound,SaaS,Enterprise,3,5,0,2,31,0,0
4604,Organic,Healthcare,Enterprise,4,5,0,0,14,1,0
4605,Outbound,Finance,Mid-Market,5,7,0,5,32,2,0
4606,Paid Search,Retail,Mid-Market,3,3,0,5,59,1,0
4607,Referral,SaaS,SMB,1,9,0,3,49,4,1
4608,Outbound,Retail,Enterprise,5,4,0,2,59,4,1
4609,Webinar,Finance,Mid-Market,4,4,0,3,36,2,0
4610,Referral,Retail,Enterprise,2,1,1,3,42,1,0
4611,Referral,Finance,Mid-Market,3,10,1,3,33,2,1
4612,Referral,Healthcare,Mid-Market,5,7,0,5,50,4,1
4613,Outbound,Retail,Mid-Market,6,5,0,1,27,2,0
4614,Paid Search,Finance,SMB,5,9,0,2,39,0,1
4615,Organic,Manufacturing,SMB,4,8,0,3,19,2,1
4616,Paid Search,SaaS,SMB,6,5,1,2,5,1,0
4617,Referral,Retail,Enterprise,5,4,0,7,9,2,1
4618,Organic,SaaS,Mid-Market,3,5,0,8,45,2,1
4619,Organic,Retail,Mid-Market,1,5,0,1,6,2,0
4620,Paid Search,Retail,Enterprise,2,3,0,3,27,3,0
4621,Webinar,Manufacturing,SMB,4,4,0,3,43,0,0
4622,Webinar,Healthcare,SMB,6,3,0,5,1,0,0
4623,Outbound,Finance,SMB,5,8,0,2,45,2,0
4624,Paid Search,Healthcare,Mid-Market,6,8,0,5,52,0,0
4625,Webinar,Retail,SMB,7,11,0,3,8,3,1
4626,Paid Search,Finance,SMB,4,5,0,7,21,1,0
4627,Outbound,Manufacturing,SMB,7,9,0,5,49,2,1
4628,Organic,Manufacturing,Enterprise,3,7,0,0,1,1,0
4629,Outbound,Retail,Enterprise,7,3,0,3,52,1,1
4630,Organic,Finance,Mid-Market,4,7,0,2,55,0,1
4631,Paid Search,Manufacturing,Mid-Market,3,8,1,2,1,1,0
4632,Paid Search,Finance,SMB,1,8,0,4,33,5,0
4633,Organic,Finance,SMB,4,4,0,3,39,1,0
4634,Paid Search,Healthcare,Enterprise,5,6,0,5,57,3,0
4635,Referral,Finance,SMB,2,5,0,2,5,3,0
4636,Paid Search,Healthcare,Mid-Market,4,9,0,1,28,3,0
4637,Referral,Manufacturing,SMB,3,5,0,4,29,2,0
4638,Referral,Manufacturing,SMB,5,8,0,1,22,1,0
4639,Paid Search,SaaS,Enterprise,7,5,0,2,13,5,1
4640,Webinar,Finance,SMB,1,7,0,2,42,2,0
4641,Organic,Retail,SMB,5,6,1,3,9,1,0
4642,Paid Search,Finance,Enterprise,1,3,0,0,59,2,0
4643,Outbound,Finance,SMB,4,6,0,2,58,0,1
4644,Referral,Healthcare,Mid-Market,2,8,1,2,22,5,1
4645,Referral,SaaS,Enterprise,3,7,0,5,4,0,1
4646,Paid Search,Retail,SMB,3,6,0,4,40,2,0
4647,Paid Search,Manufacturing,Mid-Market,4,5,0,2,7,2,0
4648,Referral,Manufacturing,SMB,7,3,0,5,35,2,1
4649,Webinar,Retail,Mid-Market,5,4,0,3,49,0,1
4650,Outbound,Healthcare,Enterprise,3,6,0,1,12,1,0
4651,Webinar,SaaS,SMB,6,4,1,3,23,2,0
4652,Organic,Manufacturing,Mid-Market,5,8,0,2,33,2,0
4653,Referral,Healthcare,SMB,1,8,0,4,36,0,0
4654,Referral,Retail,SMB,4,7,0,0,31,1,0
4655,Paid Search,Retail,SMB,4,12,0,4,57,3,1
4656,Paid Search,Healthcare,SMB,3,7,1,2,25,1,1
4657,Referral,Retail,SMB,3,8,0,5,37,1,0
4658,Paid Search,Finance,Mid-Market,3,7,0,2,16,1,0
4659,Outbound,Finance,Mid-Market,2,6,0,0,45,3,0
4660,Referral,Healthcare,SMB,8,7,0,1,49,2,0
4661,Referral,Finance,SMB,0,6,0,3,37,2,1
4662,Organic,Finance,SMB,8,6,1,4,6,0,1
4663,Organic,Finance,SMB,5,4,0,6,25,0,0
4664,Webinar,Retail,Mid-Market,13,6,0,4,53,1,0
4665,Paid Search,Manufacturing,SMB,6,4,0,3,27,1,0
4666,Organic,Healthcare,SMB,5,6,0,5,54,4,0
4667,Outbound,Finance,Mid-Market,3,4,0,1,59,1,0
4668,Paid Search,Manufacturing,Mid-Market,3,4,0,4,17,1,0
4669,Webinar,SaaS,Mid-Market,6,4,1,7,45,3,1
4670,Webinar,SaaS,SMB,3,7,0,4,57,1,0
4671,Organic,Manufacturing,Mid-Market,1,5,0,2,23,1,0
4672,Referral,Retail,Enterprise,2,5,0,0,29,1,0
4673,Paid Search,Finance,SMB,6,8,0,6,24,3,0
4674,Organic,Healthcare,Enterprise,4,5,0,2,45,3,1
4675,Organic,SaaS,SMB,8,3,0,2,1,4,0
4676,Outbound,Healthcare,SMB,7,8,1,2,35,2,1
4677,Referral,Healthcare,Mid-Market,2,6,0,3,36,3,0
4678,Paid Search,Finance,SMB,10,9,0,4,14,4,1
4679,Paid Search,Finance,SMB,7,7,0,4,8,2,0
4680,Webinar,Healthcare,Mid-Market,3,7,1,3,24,3,1
4681,Paid Search,Retail,SMB,3,7,0,0,14,4,0
4682,Paid Search,SaaS,SMB,3,5,0,2,25,2,0
4683,Paid Search,Retail,SMB,3,6,0,1,17,1,0
4684,Webinar,Manufacturing,SMB,0,5,0,4,23,2,0
4685,Referral,Manufacturing,Enterprise,3,16,0,0,12,1,1
4686,Webinar,Retail,Mid-Market,5,4,0,1,4,1,0
4687,Webinar,SaaS,Mid-Market,5,6,0,0,28,7,0
4688,Referral,Healthcare,SMB,8,5,0,2,19,4,0
4689,Referral,Finance,Enterprise,5,3,0,2,51,2,1
4690,Organic,Finance,Enterprise,2,8,0,0,16,4,0
4691,Organic,Retail,SMB,1,7,0,3,43,1,1
4692,Referral,Retail,Mid-Market,7,6,0,2,25,3,0
4693,Organic,Manufacturing,SMB,3,7,1,6,47,1,0
4694,Webinar,Healthcare,Mid-Market,6,7,0,1,4,4,0
4695,Outbound,SaaS,Mid-Market,6,8,1,6,32,3,1
4696,Referral,Finance,Enterprise,6,14,0,2,34,0,0
4697,Referral,Retail,SMB,2,12,0,3,47,3,0
4698,Outbound,Finance,Enterprise,4,6,0,6,51,2,0
4699,Paid Search,Finance,SMB,1,10,0,2,8,8,0
4700,Webinar,Healthcare,Enterprise,5,7,1,1,29,2,1
4701,Referral,Finance,SMB,5,7,0,3,24,2,0
4702,Outbound,Retail,Mid-Market,6,12,0,5,17,0,1
4703,Webinar,SaaS,Mid-Market,6,9,1,5,46,0,0
4704,Paid Search,Finance,SMB,6,4,0,2,58,6,1
4705,Organic,Finance,SMB,2,7,0,1,12,4,0
4706,Organic,SaaS,Enterprise,3,3,1,5,37,0,0
4707,Organic,SaaS,Enterprise,3,4,0,4,9,3,0
4708,Webinar,Finance,Enterprise,2,8,1,4,34,3,1
4709,Paid Search,Finance,Mid-Market,6,8,0,2,4,3,0
4710,Referral,Manufacturing,SMB,3,8,0,1,20,2,1
4711,Referral,SaaS,SMB,1,5,0,2,54,3,1
4712,Webinar,Healthcare,SMB,3,9,0,2,8,3,0
4713,Paid Search,Manufacturing,Mid-Market,10,4,0,5,55,3,1
4714,Webinar,Finance,Mid-Market,4,7,0,3,6,2,0
4715,Outbound,SaaS,Mid-Market,1,5,0,4,45,2,1
4716,Paid Search,Finance,Mid-Market,2,9,0,2,59,1,1
4717,Webinar,SaaS,Enterprise,3,4,0,4,52,3,0
4718,Webinar,SaaS,Mid-Market,3,7,0,6,55,5,1
4719,Outbound,Healthcare,SMB,6,4,0,3,16,4,0
4720,Outbound,Manufacturing,SMB,4,4,0,7,23,5,1
4721,Paid Search,Finance,SMB,4,4,1,5,5,3,1
4722,Organic,SaaS,Enterprise,3,6,0,1,52,3,0
4723,Organic,Retail,SMB,2,6,1,3,53,2,0
4724,Organic,Finance,Mid-Market,3,4,0,2,28,3,0
4725,Referral,Finance,Mid-Market,5,9,1,3,29,2,0
4726,Outbound,SaaS,Mid-Market,2,5,1,3,20,4,0
4727,Outbound,Retail,Enterprise,3,5,0,5,46,1,1
4728,Paid Search,Healthcare,Mid-Market,4,7,0,3,3,2,1
4729,Referral,Retail,Enterprise,6,8,0,2,13,0,0
4730,Organic,Finance,Enterprise,7,5,0,1,16,1,0
4731,Paid Search,Retail,SMB,1,5,0,5,39,1,0
4732,Organic,SaaS,Enterprise,2,5,1,3,43,1,1
4733,Paid Search,Healthcare,Mid-Market,6,8,0,6,21,5,1
4734,Outbound,Healthcare,Mid-Market,1,5,0,2,20,2,0
4735,Webinar,Finance,Enterprise,1,7,1,3,40,3,1
4736,Outbound,Manufacturing,SMB,2,5,0,4,16,2,0
4737,Referral,Finance,SMB,3,4,0,4,48,3,1
4738,Organic,Manufacturing,Enterprise,9,8,1,5,41,1,0
4739,Webinar,SaaS,SMB,5,10,0,2,8,1,0
4740,Outbound,Healthcare,SMB,2,3,0,2,2,3,1
4741,Paid Search,Healthcare,SMB,5,2,1,3,1,0,0
4742,Organic,Retail,Mid-Market,2,6,1,4,25,4,0
4743,Organic,Healthcare,Mid-Market,4,8,0,2,36,2,0
4744,Referral,SaaS,SMB,1,6,0,5,31,1,0
4745,Paid Search,Manufacturing,Mid-Market,3,4,0,3,47,4,1
4746,Webinar,Retail,Mid-Market,7,7,0,3,15,0,0
4747,Outbound,Manufacturing,Mid-Market,2,6,0,3,39,1,1
4748,Outbound,Finance,SMB,7,12,0,7,9,4,1
4749,Webinar,SaaS,Enterprise,6,9,0,1,21,3,0
4750,Paid Search,Finance,SMB,1,5,0,2,35,1,0
4751,Webinar,Retail,SMB,3,4,1,6,17,1,1
4752,Outbound,Manufacturing,Mid-Market,5,9,0,4,1,4,1
4753,Organic,Finance,Enterprise,5,8,0,1,1,4,0
4754,Outbound,Retail,Mid-Market,2,6,0,1,51,1,0
4755,Organic,SaaS,Enterprise,7,5,1,2,10,2,1
4756,Organic,SaaS,SMB,1,5,1,3,50,2,1
4757,Organic,SaaS,SMB,4,4,0,0,29,1,0
4758,Outbound,Manufacturing,Mid-Market,3,5,0,2,5,1,0
4759,Paid Search,Manufacturing,SMB,12,5,0,3,12,1,0
4760,Outbound,Retail,Mid-Market,4,3,0,5,59,3,0
4761,Referral,Retail,SMB,5,5,0,6,55,4,0
4762,Referral,Retail,Mid-Market,6,4,0,4,47,2,1
4763,Webinar,Retail,Enterprise,5,4,0,0,26,2,0
4764,Referral,SaaS,SMB,3,8,0,2,13,3,1
4765,Paid Search,Healthcare,SMB,1,5,0,3,33,4,1
4766,Referral,SaaS,Mid-Market,4,11,0,5,49,1,1
4767,Paid Search,Healthcare,SMB,3,6,0,1,17,1,0
4768,Outbound,Retail,SMB,2,12,1,1,21,0,0
4769,Paid Search,Healthcare,Mid-Market,1,2,1,3,3,1,0
4770,Paid Search,SaaS,Mid-Market,4,7,1,4,45,1,0
4771,Paid Search,Retail,Enterprise,0,7,0,3,21,1,1
4772,Organic,SaaS,Enterprise,4,9,0,3,22,0,1
4773,Organic,Healthcare,SMB,5,6,1,1,20,4,1
4774,Organic,Retail,SMB,5,6,0,0,22,0,0
4775,Outbound,Manufacturing,Mid-Market,3,9,1,2,48,2,1
4776,Webinar,Healthcare,Mid-Market,6,11,0,4,31,2,1
4777,Paid Search,Finance,Mid-Market,6,9,0,0,25,2,0
4778,Organic,Finance,Mid-Market,1,6,0,5,37,1,0
4779,Organic,Healthcare,Mid-Market,2,4,0,8,46,0,0
4780,Webinar,Manufacturing,SMB,5,3,0,1,51,1,0
4781,Outbound,Manufacturing,SMB,2,7,0,5,51,4,0
4782,Paid Search,Retail,SMB,4,4,0,2,34,2,0
4783,Organic,SaaS,SMB,9,9,0,2,49,1,0
4784,Referral,Finance,Mid-Market,3,5,0,2,46,1,0
4785,Organic,Manufacturing,SMB,5,2,0,1,41,3,1
4786,Webinar,Retail,SMB,2,5,0,3,57,3,0
4787,Organic,Healthcare,Mid-Market,6,9,0,4,48,4,0
4788,Organic,Healthcare,Enterprise,3,10,0,4,24,1,1
4789,Webinar,Healthcare,SMB,7,7,0,4,60,1,0
4790,Webinar,Healthcare,SMB,1,10,0,2,38,2,0
4791,Paid Search,Healthcare,Mid-Market,6,7,0,3,29,0,0
4792,Outbound,Retail,SMB,3,5,0,0,13,2,0
4793,Organic,Retail,Mid-Market,6,6,1,4,39,2,1
4794,Webinar,Retail,SMB,8,7,1,1,15,2,0
4795,Outbound,Healthcare,Enterprise,4,5,0,2,6,1,0
4796,Organic,Manufacturing,SMB,4,8,0,1,3,0,1
4797,Outbound,Manufacturing,SMB,9,7,0,4,11,2,1
4798,Organic,Retail,Enterprise,3,8,1,4,58,2,1
4799,Paid Search,Healthcare,SMB,5,7,0,3,53,1,0
4800,Paid Search,Finance,Enterprise,5,5,0,5,60,1,1
4801,Paid Search,Manufacturing,Enterprise,7,6,0,2,10,3,0
4802,Organic,Finance,Mid-Market,7,3,0,1,54,1,0
4803,Organic,Manufacturing,SMB,2,5,0,3,22,1,0
4804,Organic,SaaS,SMB,3,9,1,3,44,1,0
4805,Webinar,Manufacturing,Enterprise,7,11,0,3,24,0,1
4806,Webinar,SaaS,SMB,1,3,0,1,16,3,0
4807,Paid Search,Finance,SMB,4,1,0,5,6,4,0
4808,Referral,Healthcare,SMB,4,5,0,2,39,1,0
4809,Paid Search,SaaS,Mid-Market,3,1,1,2,22,0,0
4810,Webinar,Healthcare,Mid-Market,4,6,0,2,44,0,0
4811,Webinar,Healthcare,SMB,7,4,0,3,50,0,0
4812,Outbound,Finance,SMB,4,4,1,3,28,4,1
4813,Paid Search,Manufacturing,SMB,9,6,0,5,2,2,0
4814,Paid Search,Manufacturing,Mid-Market,0,6,0,3,56,2,0
4815,Paid Search,Finance,Mid-Market,7,2,0,1,1,1,0
4816,Paid Search,Finance,SMB,2,7,1,3,38,2,1
4817,Webinar,Finance,SMB,3,8,0,4,50,2,0
4818,Outbound,SaaS,Enterprise,2,10,0,3,7,4,0
4819,Organic,SaaS,Enterprise,10,6,1,3,52,1,1
4820,Organic,Finance,Enterprise,4,7,0,0,53,0,0
4821,Webinar,Healthcare,Mid-Market,4,4,0,0,55,1,0
4822,Referral,Retail,SMB,5,4,0,3,21,2,0
4823,Paid Search,Retail,Enterprise,4,7,1,4,27,3,0
4824,Referral,Manufacturing,SMB,1,5,0,2,55,1,0
4825,Organic,SaaS,Mid-Market,7,11,0,0,5,2,1
4826,Referral,Finance,SMB,5,5,0,2,36,0,0
4827,Referral,SaaS,SMB,1,8,0,9,17,1,0
4828,Paid Search,SaaS,Mid-Market,4,5,0,1,5,2,0
4829,Referral,Finance,SMB,6,3,0,3,32,5,0
4830,Referral,SaaS,Mid-Market,4,5,0,5,57,1,1
4831,Outbound,Finance,Mid-Market,2,8,0,1,45,1,0
4832,Organic,Healthcare,Mid-Market,4,4,0,1,20,2,0
4833,Outbound,Manufacturing,SMB,3,10,0,0,37,4,0
4834,Organic,Manufacturing,SMB,1,5,0,4,5,1,1
4835,Outbound,Manufacturing,SMB,2,8,0,3,17,3,0
4836,Organic,Retail,Enterprise,3,7,0,5,6,4,0
4837,Referral,Healthcare,SMB,10,5,0,2,10,5,1
4838,Referral,Healthcare,Enterprise,2,4,0,6,25,1,0
4839,Referral,Manufacturing,Mid-Market,2,6,0,1,44,0,0
4840,Organic,SaaS,Enterprise,6,8,1,5,41,0,0
4841,Outbound,Finance,Mid-Market,2,7,0,3,49,2,1
4842,Referral,Manufacturing,SMB,2,7,0,3,22,2,0
4843,Paid Search,Manufacturing,SMB,3,5,0,4,18,2,0
4844,Outbound,Finance,SMB,7,3,1,2,48,2,0
4845,Webinar,Finance,Enterprise,8,9,0,6,40,1,1
4846,Organic,Healthcare,SMB,5,13,0,4,34,3,1
4847,Webinar,Finance,SMB,2,7,1,3,27,2,1
4848,Organic,Retail,SMB,2,7,0,3,46,5,1
4849,Paid Search,SaaS,Mid-Market,3,6,0,1,19,4,0
4850,Referral,Finance,Mid-Market,5,6,1,2,37,1,0
4851,Paid Search,Manufacturing,Mid-Market,9,9,0,1,51,1,0
4852,Organic,Finance,SMB,7,8,0,3,44,2,1
4853,Referral,Healthcare,Mid-Market,5,6,0,4,41,1,0
4854,Organic,Finance,Mid-Market,1,9,0,3,42,1,0
4855,Outbound,Retail,Mid-Market,4,4,0,4,4,2,1
4856,Organic,SaaS,Mid-Market,8,2,1,2,55,2,0
4857,Paid Search,SaaS,SMB,5,3,0,7,13,1,1
4858,Referral,SaaS,SMB,3,9,1,0,33,5,1
4859,Paid Search,Manufacturing,Enterprise,5,8,0,3,55,1,1
4860,Outbound,Healthcare,SMB,3,9,0,6,13,2,0
4861,Paid Search,SaaS,SMB,6,2,0,2,30,2,0
4862,Organic,Manufacturing,Mid-Market,5,4,0,3,49,1,0
4863,Webinar,Finance,SMB,1,5,0,4,14,1,0
4864,Paid Search,Retail,SMB,4,5,0,7,25,4,0
4865,Paid Search,Manufacturing,Mid-Market,3,5,1,5,31,1,1
4866,Outbound,Manufacturing,SMB,4,1,0,2,13,3,0
4867,Referral,Manufacturing,Mid-Market,6,5,0,4,56,3,1
4868,Paid Search,Retail,SMB,5,5,0,1,17,0,1
4869,Paid Search,Healthcare,SMB,6,5,0,2,21,4,0
4870,Paid Search,Retail,Mid-Market,3,4,1,4,32,2,0
4871,Paid Search,SaaS,Mid-Market,6,4,0,1,57,1,0
4872,Organic,Healthcare,SMB,5,7,0,3,49,0,0
4873,Organic,Retail,SMB,4,8,0,4,34,3,0
4874,Organic,Finance,Enterprise,3,6,0,3,31,4,0
4875,Organic,SaaS,Mid-Market,3,10,0,1,29,1,0
4876,Organic,Retail,Enterprise,5,6,1,2,20,3,1
4877,Paid Search,Manufacturing,SMB,2,9,0,2,12,1,0
4878,Paid Search,Healthcare,Mid-Market,9,6,0,3,43,3,1
4879,Outbound,Retail,Enterprise,2,4,0,7,58,2,0
4880,Referral,SaaS,Mid-Market,3,8,0,1,29,3,1
4881,Organic,Manufacturing,SMB,6,1,0,3,41,3,1
4882,Outbound,Healthcare,Mid-Market,4,7,0,3,59,1,0
4883,Paid Search,Finance,SMB,4,4,0,2,46,3,0
4884,Paid Search,Finance,SMB,5,5,0,2,38,1,0
4885,Organic,SaaS,Mid-Market,4,8,0,1,58,3,1
4886,Paid Search,SaaS,SMB,4,8,0,0,15,0,0
4887,Paid Search,SaaS,SMB,4,6,0,3,8,2,0
4888,Paid Search,Finance,SMB,3,6,0,2,5,0,0
4889,Organic,SaaS,Mid-Market,9,4,0,1,10,2,0
4890,Paid Search,Retail,Enterprise,4,6,0,1,41,1,0
4891,Webinar,Retail,Enterprise,3,7,0,2,20,2,0
4892,Paid Search,Finance,SMB,4,4,0,2,43,1,0
4893,Organic,SaaS,Mid-Market,2,2,0,1,47,1,0
4894,Organic,Healthcare,Enterprise,2,4,1,1,5,2,0
4895,Referral,Manufacturing,Mid-Market,1,4,0,4,13,3,0
4896,Referral,Retail,Mid-Market,2,9,0,6,60,2,0
4897,Paid Search,Retail,SMB,4,10,0,4,1,3,1
4898,Organic,Healthcare,Enterprise,7,7,0,2,41,1,1
4899,Paid Search,Healthcare,SMB,2,6,0,3,30,0,0
4900,Organic,Manufacturing,Mid-Market,7,7,1,4,29,2,0
4901,Referral,Healthcare,Mid-Market,7,8,1,4,8,2,1
4902,Paid Search,Manufacturing,SMB,3,6,0,4,42,4,1
4903,Referral,Manufacturing,SMB,5,6,0,1,18,0,0
4904,Paid Search,SaaS,SMB,3,6,1,2,23,1,0
4905,Outbound,Manufacturing,Enterprise,7,6,0,2,36,1,0
4906,Organic,Manufacturing,Mid-Market,5,8,0,2,25,3,0
4907,Webinar,Finance,SMB,5,6,0,1,10,3,0
4908,Referral,Manufacturing,Enterprise,4,7,1,1,38,2,0
4909,Referral,Finance,Mid-Market,4,3,0,2,51,6,0
4910,Webinar,SaaS,Mid-Market,5,5,0,4,2,3,0
4911,Webinar,Retail,Enterprise,6,3,0,1,23,2,0
4912,Paid Search,SaaS,SMB,7,4,0,6,37,2,0
4913,Webinar,SaaS,SMB,9,4,1,2,8,2,0
4914,Organic,Finance,Enterprise,3,5,0,1,1,2,0
4915,Webinar,Retail,SMB,3,8,1,2,52,3,1
4916,Paid Search,Healthcare,Mid-Market,4,5,0,2,50,1,0
4917,Outbound,SaaS,SMB,2,4,0,3,28,0,0
4918,Outbound,SaaS,Mid-Market,6,9,0,2,12,1,0
4919,Organic,Finance,Enterprise,5,5,0,1,47,2,0
4920,Paid Search,SaaS,Mid-Market,8,4,0,5,51,1,0
4921,Organic,SaaS,Mid-Market,4,3,0,4,55,5,0
4922,Paid Search,Healthcare,Enterprise,11,9,0,2,52,3,1
4923,Paid Search,Healthcare,Enterprise,1,6,0,0,57,1,0
4924,Paid Search,Finance,SMB,2,3,0,5,14,3,0
4925,Paid Search,Retail,Mid-Market,4,11,1,0,5,2,1
4926,Referral,Healthcare,SMB,2,7,1,2,60,2,1
4927,Referral,Retail,SMB,3,8,1,1,28,1,1
4928,Referral,SaaS,SMB,0,7,0,5,47,2,0
4929,Organic,Healthcare,SMB,2,7,0,1,33,6,0
4930,Paid Search,Manufacturing,SMB,1,2,0,0,56,1,0
4931,Organic,Healthcare,Mid-Market,6,6,0,3,25,4,1
4932,Webinar,Healthcare,Mid-Market,5,6,0,4,18,0,0
4933,Referral,Finance,Mid-Market,2,7,0,2,41,2,1
4934,Referral,Finance,SMB,2,4,0,4,18,1,0
4935,Organic,Manufacturing,SMB,0,2,0,4,42,2,0
4936,Paid Search,Manufacturing,Enterprise,4,4,0,1,49,0,0
4937,Referral,Healthcare,SMB,5,7,0,2,33,2,1
4938,Outbound,Finance,Enterprise,1,7,0,4,60,2,0
4939,Organic,SaaS,Mid-Market,5,5,0,3,43,1,1
4940,Organic,Finance,SMB,6,5,0,4,23,5,1
4941,Referral,Manufacturing,SMB,1,5,0,2,22,2,0
4942,Outbound,Healthcare,Enterprise,6,6,0,2,11,3,0
4943,Paid Search,Finance,Mid-Market,1,6,0,7,2,0,0
4944,Organic,SaaS,SMB,3,3,0,6,4,1,0
4945,Organic,Retail,Mid-Market,3,4,0,3,15,0,0
4946,Referral,Finance,Mid-Market,3,3,0,3,20,1,0
4947,Paid Search,Retail,Mid-Market,4,6,0,3,59,3,0
4948,Webinar,Finance,Mid-Market,2,10,0,3,9,2,0
4949,Webinar,SaaS,Mid-Market,5,3,0,3,41,4,0
4950,Paid Search,SaaS,SMB,3,4,0,2,24,1,0
4951,Outbound,Retail,Mid-Market,2,8,0,2,12,4,0
4952,Referral,Healthcare,Enterprise,1,7,0,4,52,2,1
4953,Paid Search,SaaS,Mid-Market,2,4,0,3,44,4,0
4954,Webinar,Retail,Mid-Market,3,8,1,4,38,0,1
4955,Paid Search,Healthcare,Mid-Market,4,7,0,1,34,5,0
4956,Paid Search,Retail,Mid-Market,3,7,0,6,56,3,0
4957,Paid Search,Retail,SMB,2,6,0,3,59,0,0
4958,Paid Search,SaaS,Mid-Market,5,2,0,4,3,0,0
4959,Paid Search,SaaS,Enterprise,5,10,0,4,60,2,0
4960,Outbound,Manufacturing,Enterprise,6,5,0,4,35,1,0
4961,Paid Search,Manufacturing,SMB,6,3,0,1,58,1,1
4962,Organic,SaaS,SMB,8,7,0,6,36,5,1
4963,Webinar,SaaS,SMB,4,3,1,3,11,1,1
4964,Outbound,Manufacturing,Enterprise,5,9,0,2,8,0,1
4965,Referral,Manufacturing,SMB,4,7,1,5,29,0,1
4966,Webinar,Finance,Enterprise,4,3,0,5,43,5,0
4967,Paid Search,Healthcare,Enterprise,6,4,0,2,53,2,0
4968,Webinar,Manufacturing,SMB,4,6,0,2,11,2,0
4969,Outbound,Retail,Mid-Market,3,10,0,5,2,0,0
4970,Webinar,Manufacturing,SMB,1,7,0,7,53,1,1
4971,Organic,Finance,SMB,4,6,0,3,19,2,0
4972,Paid Search,Retail,SMB,3,4,0,2,31,2,0
4973,Webinar,Finance,Mid-Market,7,3,1,3,18,0,1
4974,Referral,Healthcare,SMB,3,5,1,3,59,2,1
4975,Referral,Healthcare,Mid-Market,3,8,0,3,8,1,1
4976,Outbound,SaaS,Mid-Market,6,7,0,6,26,1,0
4977,Webinar,SaaS,Mid-Market,2,4,0,3,4,2,1
4978,Referral,Healthcare,Mid-Market,3,6,0,3,51,1,0
4979,Referral,Retail,Enterprise,3,6,0,0,25,3,0
4980,Webinar,SaaS,SMB,2,5,0,1,45,8,0
4981,Organic,Finance,Mid-Market,4,6,0,2,53,3,0
4982,Webinar,SaaS,SMB,3,8,1,4,29,6,1
4983,Paid Search,Finance,SMB,7,6,0,3,3,0,0
4984,Organic,Manufacturing,Mid-Market,2,4,0,3,60,4,0
4985,Organic,SaaS,SMB,4,3,1,1,54,2,0
4986,Organic,Manufacturing,SMB,5,3,1,2,34,1,0
4987,Outbound,Retail,Mid-Market,4,7,0,3,25,2,0
4988,Webinar,SaaS,Enterprise,10,13,0,2,9,1,1
4989,Outbound,Manufacturing,SMB,4,4,1,5,41,0,0
4990,Referral,Healthcare,Enterprise,7,6,0,5,59,5,0
4991,Webinar,Retail,SMB,3,3,0,0,40,1,1
4992,Paid Search,Finance,Mid-Market,1,4,0,3,18,2,0
4993,Outbound,Healthcare,Enterprise,4,8,0,3,47,3,0
4994,Referral,Manufacturing,Enterprise,1,7,0,5,28,2,1
4995,Outbound,SaaS,Mid-Market,3,4,0,1,52,1,1
4996,Webinar,Manufacturing,Mid-Market,1,3,0,3,47,2,0
4997,Paid Search,Manufacturing,Mid-Market,4,4,0,6,34,3,0
4998,Webinar,Healthcare,SMB,7,8,0,1,24,1,0
4999,Organic,Healthcare,Enterprise,3,6,0,3,27,2,0
5000,Referral,Healthcare,SMB,5,5,0,7,41,3,0
5001,Organic,Manufacturing,Enterprise,3,6,0,3,24,0,0
5002,Webinar,Manufacturing,Mid-Market,3,11,1,2,1,3,1
5003,Referral,Manufacturing,SMB,2,17,0,3,6,1,1
5004,Organic,SaaS,Mid-Market,6,6,0,6,17,2,1
5005,Organic,Finance,SMB,5,9,0,2,51,2,0
5006,Webinar,Retail,SMB,3,7,0,2,8,2,0
5007,Paid Search,Finance,Enterprise,6,3,0,3,11,1,1
5008,Organic,Healthcare,SMB,3,7,1,6,25,1,0
5009,Webinar,Retail,SMB,3,9,0,4,8,2,0
5010,Paid Search,Retail,Mid-Market,5,1,0,3,10,2,1
5011,Organic,Retail,Enterprise,6,6,0,5,10,0,1
5012,Webinar,Healthcare,Mid-Market,3,8,0,5,21,3,1
5013,Organic,Finance,SMB,1,3,0,3,53,3,0
5014,Webinar,Retail,Enterprise,3,9,0,6,43,1,0
5015,Paid Search,SaaS,Enterprise,2,9,0,3,3,2,1
5016,Organic,Retail,Mid-Market,4,3,0,2,60,0,0
5017,Referral,Retail,SMB,6,8,0,2,54,1,1
5018,Outbound,Manufacturing,SMB,4,2,0,3,48,2,0
5019,Paid Search,Manufacturing,SMB,2,1,1,4,21,5,1
5020,Outbound,SaaS,Mid-Market,6,4,0,2,2,2,0
5021,Referral,Healthcare,Enterprise,2,4,0,3,4,2,0
5022,Organic,Healthcare,SMB,6,5,0,2,7,1,1
5023,Referral,Retail,Mid-Market,4,5,0,3,10,4,0
5024,Organic,SaaS,Mid-Market,3,6,0,4,23,5,1
5025,Paid Search,Retail,SMB,2,5,1,1,30,2,0
5026,Organic,Finance,Enterprise,8,11,0,7,17,1,0
5027,Outbound,Manufacturing,Mid-Market,2,5,0,4,21,2,0
5028,Organic,Finance,SMB,2,2,0,5,4,1,0
5029,Organic,SaaS,SMB,4,6,0,4,53,3,1
5030,Organic,Finance,Mid-Market,1,3,0,5,1,1,0
5031,Referral,SaaS,SMB,6,9,0,7,49,3,1
5032,Organic,Healthcare,SMB,3,8,0,3,1,4,0
5033,Referral,Manufacturing,SMB,4,5,0,0,28,0,1
5034,Referral,Manufacturing,Enterprise,2,7,0,1,15,2,1
5035,Referral,Retail,Enterprise,3,6,0,3,47,3,0
5036,Webinar,Retail,Enterprise,4,1,0,5,35,2,0
5037,Paid Search,Retail,Mid-Market,3,3,0,1,57,4,0
5038,Webinar,Manufacturing,Enterprise,3,4,0,4,59,1,0
5039,Referral,Finance,Mid-Market,4,7,0,3,58,2,0
5040,Organic,Finance,SMB,4,5,0,4,22,4,0
5041,Organic,Manufacturing,Mid-Market,4,6,0,2,14,1,1
5042,Organic,Retail,Mid-Market,4,9,0,4,19,4,1
5043,Referral,Healthcare,Mid-Market,2,6,0,6,15,0,0
5044,Organic,Manufacturing,Mid-Market,3,8,1,2,7,3,1
5045,Referral,Finance,Mid-Market,8,7,0,3,10,2,0
5046,Paid Search,Manufacturing,SMB,2,3,0,1,56,2,1
5047,Webinar,Retail,SMB,6,2,0,0,54,0,0
5048,Paid Search,Finance,SMB,1,9,1,2,15,1,1
5049,Paid Search,SaaS,Enterprise,5,6,0,3,56,0,0
5050,Webinar,SaaS,Mid-Market,7,6,0,3,35,5,1
5051,Webinar,Retail,Mid-Market,3,2,0,3,22,4,0
5052,Paid Search,Manufacturing,SMB,2,2,0,2,56,0,0
5053,Paid Search,Healthcare,SMB,3,4,1,3,7,1,1
5054,Paid Search,Retail,Enterprise,4,4,0,2,5,3,1
5055,Organic,Retail,Mid-Market,4,10,1,4,30,1,1
5056,Paid Search,Manufacturing,SMB,4,4,0,1,10,2,0
5057,Webinar,Healthcare,Mid-Market,4,5,0,3,8,2,0
5058,Paid Search,Retail,SMB,6,3,0,5,43,3,0
5059,Webinar,Manufacturing,SMB,4,3,0,3,9,2,1
5060,Paid Search,SaaS,SMB,3,4,0,3,57,1,0
5061,Referral,Manufacturing,Enterprise,2,5,0,3,51,1,0
5062,Organic,Healthcare,SMB,6,5,0,3,1,1,0
5063,Referral,Manufacturing,SMB,3,6,0,7,26,4,0
5064,Outbound,Healthcare,SMB,1,7,0,0,28,1,0
5065,Outbound,Finance,Mid-Market,4,7,1,4,4,0,0
5066,Outbound,Finance,Mid-Market,1,7,0,4,48,1,0
5067,Paid Search,Retail,SMB,3,6,0,2,16,1,0
5068,Referral,Retail,Enterprise,5,6,0,3,16,3,1
5069,Organic,Healthcare,SMB,3,4,0,2,32,3,1
5070,Referral,Finance,Mid-Market,5,6,1,0,24,3,0
5071,Webinar,Manufacturing,Mid-Market,6,8,0,4,56,4,0
5072,Referral,Healthcare,Enterprise,6,6,0,4,41,1,1
5073,Referral,Manufacturing,SMB,5,6,0,5,28,0,0
5074,Outbound,Healthcare,SMB,6,3,1,3,45,4,1
5075,Outbound,Manufacturing,SMB,4,5,0,7,29,3,1
5076,Paid Search,Finance,Enterprise,2,5,0,1,42,1,0
5077,Paid Search,Manufacturing,Mid-Market,3,9,0,4,45,2,0
5078,Paid Search,Healthcare,Mid-Market,12,8,0,6,24,0,1
5079,Organic,Manufacturing,SMB,5,4,0,0,30,0,0
5080,Referral,Healthcare,Mid-Market,2,3,0,6,7,3,0
5081,Referral,Healthcare,SMB,3,5,0,5,7,0,0
5082,Referral,Retail,SMB,3,10,0,4,54,0,0
5083,Organic,Finance,SMB,4,4,1,0,35,2,1
5084,Paid Search,Healthcare,Enterprise,4,5,0,3,18,4,1
5085,Outbound,Manufacturing,SMB,1,7,0,0,39,2,0
5086,Paid Search,Finance,Mid-Market,3,7,0,3,3,1,0
5087,Referral,Finance,Enterprise,7,3,0,1,57,1,1
5088,Organic,Manufacturing,SMB,4,8,0,5,32,1,0
5089,Organic,SaaS,SMB,4,3,0,2,40,2,1
5090,Referral,Retail,SMB,5,7,0,5,41,2,0
5091,Organic,Retail,SMB,5,6,0,4,50,2,0
5092,Referral,Retail,SMB,1,5,0,3,1,3,0
5093,Outbound,SaaS,SMB,2,3,1,3,32,3,1
5094,Referral,Retail,SMB,5,4,0,7,44,0,1
5095,Referral,Healthcare,Mid-Market,4,9,0,3,13,1,0
5096,Referral,Manufacturing,Mid-Market,3,8,0,3,3,0,0
5097,Referral,Finance,SMB,4,6,0,2,15,1,1
5098,Organic,Healthcare,SMB,5,15,0,1,30,0,0
5099,Paid Search,Finance,Enterprise,1,8,0,5,54,2,0
5100,Referral,SaaS,Mid-Market,3,6,0,4,12,3,0
5101,Paid Search,Manufacturing,SMB,1,6,0,2,2,1,0
5102,Outbound,Retail,Enterprise,3,7,1,5,36,3,0
5103,Referral,Finance,SMB,4,12,0,4,50,2,1
5104,Organic,Healthcare,SMB,0,13,0,2,2,7,1
5105,Referral,Healthcare,SMB,5,12,0,4,33,1,1
5106,Organic,Manufacturing,Mid-Market,3,2,0,3,53,3,0
5107,Paid Search,Healthcare,Mid-Market,3,7,0,1,32,0,0
5108,Paid Search,Retail,SMB,6,4,0,4,51,2,1
5109,Outbound,SaaS,Mid-Market,3,3,0,2,56,2,0
5110,Paid Search,Manufacturing,SMB,4,4,0,1,34,5,1
5111,Paid Search,SaaS,Enterprise,3,9,0,2,42,0,1
5112,Webinar,Healthcare,Enterprise,1,9,1,2,5,3,0
5113,Webinar,SaaS,SMB,8,6,1,1,54,2,1
5114,Outbound,Retail,Mid-Market,6,10,0,3,17,3,0
5115,Paid Search,SaaS,SMB,3,3,1,4,23,4,0
5116,Organic,Healthcare,Mid-Market,8,6,0,4,60,2,1
5117,Outbound,SaaS,Enterprise,9,5,0,3,17,3,0
5118,Webinar,SaaS,Mid-Market,2,4,0,3,56,1,0
5119,Webinar,Finance,Mid-Market,4,4,1,2,19,2,1
5120,Organic,Retail,Enterprise,1,3,0,1,36,0,0
5121,Organic,Manufacturing,Mid-Market,1,5,1,1,8,2,0
5122,Webinar,Healthcare,Enterprise,1,5,0,5,59,3,1
5123,Organic,Healthcare,Enterprise,4,8,0,2,37,1,1
5124,Organic,Retail,Mid-Market,3,10,0,1,46,0,1
5125,Webinar,Manufacturing,Mid-Market,3,8,1,2,42,1,0
5126,Referral,SaaS,Mid-Market,1,10,0,1,2,1,0
5127,Outbound,SaaS,Enterprise,2,9,0,1,24,1,0
5128,Organic,Healthcare,SMB,6,4,0,5,12,2,1
5129,Paid Search,Retail,Mid-Market,3,4,0,4,47,4,1
5130,Webinar,Finance,SMB,6,5,0,5,55,2,1
5131,Referral,Healthcare,Mid-Market,4,5,1,3,7,4,1
5132,Organic,Manufacturing,SMB,3,8,0,3,32,0,1
5133,Organic,Retail,Mid-Market,5,2,0,1,16,2,0
5134,Paid Search,SaaS,Mid-Market,1,7,0,2,13,2,0
5135,Paid Search,Manufacturing,SMB,5,7,0,3,19,2,0
5136,Organic,Finance,Mid-Market,4,8,0,6,19,4,0
5137,Referral,Retail,Enterprise,6,8,1,2,25,0,0
5138,Outbound,Finance,Mid-Market,3,7,0,3,16,2,0
5139,Paid Search,Healthcare,SMB,3,8,0,3,38,2,0
5140,Paid Search,Manufacturing,SMB,2,7,0,1,15,3,0
5141,Paid Search,Manufacturing,SMB,2,5,0,1,56,2,0
5142,Paid Search,Healthcare,Mid-Market,7,6,0,3,24,1,0
5143,Organic,Finance,Mid-Market,5,7,0,2,39,1,0
5144,Referral,SaaS,SMB,4,4,0,1,16,4,1
5145,Outbound,Finance,Enterprise,9,3,0,4,10,3,1
5146,Organic,Healthcare,SMB,5,9,0,2,26,3,0
5147,Paid Search,Finance,SMB,6,5,0,5,45,3,1
5148,Referral,Manufacturing,SMB,4,8,0,2,36,2,0
5149,Paid Search,Retail,Mid-Market,5,7,1,8,4,1,0
5150,Paid Search,Manufacturing,SMB,1,12,0,2,22,3,0
5151,Webinar,SaaS,Mid-Market,5,6,0,0,3,4,0
5152,Paid Search,Manufacturing,Mid-Market,7,4,0,4,44,3,0
5153,Organic,Retail,Mid-Market,3,11,0,2,51,1,1
5154,Organic,SaaS,Mid-Market,2,9,0,3,10,5,0
5155,Organic,Manufacturing,SMB,1,4,1,5,34,1,0
5156,Organic,Finance,SMB,4,7,0,4,49,2,0
5157,Webinar,Healthcare,Mid-Market,3,6,0,4,44,4,0
5158,Referral,Retail,Mid-Market,3,5,0,2,60,4,0
5159,Paid Search,Retail,Mid-Market,5,7,0,2,47,0,0
5160,Webinar,SaaS,SMB,1,6,0,4,39,0,0
5161,Outbound,Healthcare,Mid-Market,3,3,0,1,15,2,0
5162,Webinar,Retail,Mid-Market,3,6,0,2,12,1,0
5163,Paid Search,Finance,SMB,2,10,0,3,3,3,1
5164,Referral,Retail,SMB,4,7,0,3,43,2,0
5165,Organic,Healthcare,SMB,4,12,0,2,47,4,0
5166,Outbound,Retail,Mid-Market,1,3,0,2,51,1,0
5167,Referral,SaaS,Mid-Market,5,8,0,0,41,1,0
5168,Webinar,Healthcare,Mid-Market,1,4,1,4,16,3,1
5169,Paid Search,Retail,SMB,4,5,0,0,51,0,0
5170,Outbound,Manufacturing,SMB,5,9,0,5,13,1,0
5171,Webinar,Manufacturing,Enterprise,3,6,1,5,59,2,1
5172,Webinar,Finance,SMB,4,4,0,5,45,4,0
5173,Organic,Retail,Mid-Market,5,10,0,1,4,2,1
5174,Outbound,Retail,Mid-Market,5,6,0,1,14,2,1
5175,Outbound,Manufacturing,SMB,6,6,0,2,36,2,0
5176,Referral,Finance,Mid-Market,1,5,0,3,52,4,1
5177,Outbound,Healthcare,SMB,7,4,0,2,12,3,0
5178,Webinar,SaaS,Mid-Market,7,11,1,8,17,2,1
5179,Organic,Finance,Enterprise,4,7,1,4,14,3,0
5180,Paid Search,SaaS,Mid-Market,4,6,0,3,40,3,1
5181,Paid Search,Finance,SMB,6,4,0,3,41,2,0
5182,Outbound,Retail,SMB,6,10,0,4,60,2,0
5183,Outbound,SaaS,Enterprise,2,12,0,3,26,1,0
5184,Paid Search,Finance,Mid-Market,2,8,0,5,45,3,0
5185,Referral,Healthcare,Mid-Market,6,3,0,2,35,4,0
5186,Referral,Retail,Mid-Market,2,9,0,5,54,2,1
5187,Paid Search,SaaS,SMB,6,6,1,4,6,2,0
5188,Organic,Retail,Enterprise,5,3,0,6,47,1,1
5189,Outbound,SaaS,SMB,2,6,0,2,39,2,1
5190,Referral,Healthcare,Enterprise,6,5,0,2,8,1,1
5191,Webinar,Manufacturing,SMB,1,6,0,1,25,3,0
5192,Paid Search,Manufacturing,SMB,2,5,1,1,21,2,1
5193,Organic,Manufacturing,SMB,4,6,0,4,60,1,0
5194,Paid Search,SaaS,Mid-Market,9,5,0,4,29,2,0
5195,Organic,Manufacturing,Enterprise,2,8,0,5,56,3,1
5196,Outbound,SaaS,SMB,3,6,0,1,59,4,1
5197,Referral,SaaS,SMB,1,5,0,1,44,2,1
5198,Referral,Finance,SMB,3,5,0,2,39,2,0
5199,Webinar,Retail,SMB,6,7,0,0,24,1,0
5200,Organic,Finance,Enterprise,3,7,0,2,45,3,0
5201,Organic,SaaS,Enterprise,3,5,0,2,41,3,1
5202,Organic,SaaS,Enterprise,3,5,0,5,45,2,0
5203,Paid Search,Finance,Mid-Market,2,8,0,3,22,2,0
5204,Paid Search,Retail,SMB,5,7,1,1,32,5,1
5205,Organic,Retail,Mid-Market,3,7,0,2,23,0,0
5206,Webinar,Retail,SMB,2,5,0,5,56,3,1
5207,Outbound,Finance,Mid-Market,4,4,0,1,27,2,0
5208,Organic,Healthcare,Enterprise,5,5,0,3,55,1,0
5209,Organic,SaaS,Mid-Market,6,8,0,4,12,2,0
5210,Organic,Healthcare,Enterprise,7,4,0,4,27,4,1
5211,Paid Search,Manufacturing,Mid-Market,7,6,0,4,34,1,1
5212,Paid Search,Healthcare,Enterprise,5,8,0,4,45,0,1
5213,Paid Search,Healthcare,Mid-Market,8,11,0,2,7,1,1
5214,Webinar,Manufacturing,SMB,4,6,0,7,49,1,1
5215,Paid Search,SaaS,Enterprise,5,5,0,2,58,3,0
5216,Referral,Healthcare,Enterprise,5,4,0,3,25,3,1
5217,Paid Search,Finance,Mid-Market,6,5,0,2,48,2,0
5218,Organic,Retail,Mid-Market,9,6,1,3,17,1,1
5219,Webinar,SaaS,SMB,2,6,0,2,7,2,0
5220,Organic,Manufacturing,SMB,5,4,0,4,11,1,1
5221,Organic,SaaS,Mid-Market,6,6,0,4,53,1,0
5222,Paid Search,Manufacturing,Enterprise,3,5,1,2,27,4,1
5223,Outbound,SaaS,SMB,6,4,0,4,25,2,0
5224,Paid Search,Manufacturing,SMB,6,3,0,1,59,4,0
5225,Outbound,Healthcare,Enterprise,3,6,0,2,60,2,0
5226,Referral,Healthcare,Enterprise,5,10,0,3,28,0,1
5227,Paid Search,Manufacturing,SMB,3,5,0,2,57,0,0
5228,Organic,Retail,Enterprise,5,7,0,2,48,1,1
5229,Outbound,Manufacturing,SMB,7,5,0,2,17,2,1
5230,Paid Search,SaaS,SMB,5,7,0,3,51,1,0
5231,Referral,SaaS,SMB,7,4,0,6,5,0,1
5232,Organic,Healthcare,SMB,3,4,0,4,47,0,0
5233,Paid Search,Healthcare,SMB,4,10,0,2,5,3,1
5234,Webinar,Healthcare,Mid-Market,1,3,1,1,51,2,0
5235,Referral,SaaS,Enterprise,2,6,1,3,10,1,0
5236,Paid Search,Retail,SMB,1,9,0,3,46,1,0
5237,Webinar,Retail,Enterprise,3,7,0,5,10,1,0
5238,Webinar,Retail,SMB,2,7,0,4,25,2,1
5239,Webinar,SaaS,Enterprise,4,6,0,4,46,0,0
5240,Organic,Manufacturing,SMB,4,8,0,3,60,3,0
5241,Outbound,Retail,SMB,5,7,0,7,25,1,1
5242,Webinar,SaaS,Enterprise,2,7,0,3,17,2,1
5243,Paid Search,Healthcare,Mid-Market,3,6,0,2,17,2,1
5244,Webinar,Healthcare,Mid-Market,3,7,0,2,15,4,1
5245,Paid Search,SaaS,SMB,3,3,0,5,56,0,1
5246,Referral,Healthcare,SMB,6,7,0,2,22,1,0
5247,Organic,Retail,SMB,4,4,0,1,27,1,0
5248,Referral,Finance,SMB,3,2,0,2,15,1,0
5249,Outbound,Healthcare,Mid-Market,9,6,0,2,24,2,1
5250,Organic,Retail,SMB,2,7,1,2,15,2,1
5251,Organic,Manufacturing,Mid-Market,1,6,0,3,32,1,0
5252,Paid Search,Healthcare,Mid-Market,8,6,0,3,14,0,1
5253,Organic,SaaS,Mid-Market,10,10,0,3,31,2,1
5254,Outbound,Finance,Mid-Market,6,6,0,0,30,0,0
5255,Webinar,Healthcare,Mid-Market,4,10,0,2,45,3,0
5256,Referral,Retail,SMB,7,6,0,2,21,0,1
5257,Organic,SaaS,Mid-Market,4,5,0,4,58,1,1
5258,Outbound,Healthcare,Mid-Market,3,4,0,5,10,0,1
5259,Outbound,Manufacturing,Mid-Market,5,7,1,2,46,2,1
5260,Organic,Manufacturing,Mid-Market,6,5,0,4,20,2,0
5261,Referral,Healthcare,SMB,3,5,1,2,55,1,1
5262,Organic,Finance,Mid-Market,6,10,0,3,33,0,0
5263,Referral,Healthcare,Mid-Market,1,5,1,2,49,1,1
5264,Paid Search,SaaS,Mid-Market,3,4,0,1,37,2,0
5265,Paid Search,Finance,Mid-Market,2,9,0,4,25,2,0
5266,Referral,Finance,Mid-Market,7,9,0,1,35,1,1
5267,Referral,Healthcare,Mid-Market,3,5,0,1,36,2,0
5268,Paid Search,Healthcare,Mid-Market,2,8,0,0,32,4,0
5269,Paid Search,Retail,SMB,4,5,0,2,29,2,1
5270,Webinar,SaaS,Mid-Market,3,6,0,6,39,3,1
5271,Organic,Healthcare,SMB,3,8,0,3,2,0,0
5272,Outbound,Manufacturing,Mid-Market,2,8,0,3,10,4,1
5273,Outbound,Retail,SMB,2,11,0,4,28,3,1
5274,Paid Search,Retail,Enterprise,4,8,0,1,43,2,0
5275,Referral,SaaS,SMB,3,7,1,1,15,7,1
5276,Webinar,Finance,Enterprise,4,6,1,3,48,2,0
5277,Organic,Finance,SMB,6,11,0,3,31,1,0
5278,Organic,Healthcare,SMB,3,10,0,2,31,3,1
5279,Webinar,Retail,Mid-Market,7,8,1,4,42,1,1
5280,Organic,Healthcare,Enterprise,2,8,0,6,39,3,1
5281,Paid Search,Healthcare,SMB,1,7,0,7,1,1,1
5282,Paid Search,Finance,Mid-Market,5,4,1,3,48,1,0
5283,Referral,SaaS,SMB,4,7,0,0,6,2,0
5284,Paid Search,SaaS,Mid-Market,2,10,0,4,36,2,1
5285,Webinar,Healthcare,SMB,5,8,1,2,37,2,1
5286,Paid Search,Finance,SMB,4,8,0,3,40,3,1
5287,Organic,Finance,SMB,2,5,0,1,20,1,0
5288,Paid Search,SaaS,Enterprise,7,3,0,5,31,3,1
5289,Outbound,Manufacturing,SMB,3,5,1,2,31,1,0
5290,Outbound,Retail,Enterprise,2,7,0,4,33,2,0
5291,Paid Search,Manufacturing,Mid-Market,1,5,1,1,14,2,0
5292,Webinar,Finance,Enterprise,5,3,1,3,41,1,0
5293,Organic,Retail,Mid-Market,0,7,1,2,11,1,1
5294,Webinar,Manufacturing,SMB,4,4,0,1,20,2,1
5295,Paid Search,Finance,Enterprise,8,3,0,4,22,2,1
5296,Webinar,Healthcare,SMB,6,3,0,3,15,0,0
5297,Referral,Retail,Mid-Market,7,7,0,6,29,0,1
5298,Webinar,Finance,Enterprise,5,3,0,7,24,1,0
5299,Webinar,Healthcare,SMB,4,5,0,3,37,0,0
5300,Webinar,Finance,SMB,4,2,1,2,36,5,1
5301,Paid Search,Healthcare,Mid-Market,7,3,1,3,51,2,0
5302,Organic,Healthcare,Enterprise,2,6,0,3,21,2,0
5303,Outbound,SaaS,SMB,9,5,0,3,15,2,0
5304,Paid Search,SaaS,Mid-Market,3,7,0,4,40,4,1
5305,Outbound,Finance,Enterprise,6,5,1,4,53,1,1
5306,Organic,Healthcare,Enterprise,7,4,1,4,18,1,1
5307,Referral,Retail,Mid-Market,3,9,1,7,46,2,1
5308,Outbound,Manufacturing,SMB,4,9,0,4,26,1,1
5309,Outbound,Manufacturing,SMB,6,5,1,3,25,0,1
5310,Organic,Finance,Mid-Market,1,7,0,2,27,1,0
5311,Referral,Retail,SMB,3,9,0,2,44,2,0
5312,Referral,Manufacturing,SMB,2,3,0,4,27,2,0
5313,Outbound,SaaS,Mid-Market,4,15,0,4,41,2,1
5314,Webinar,Finance,SMB,4,2,0,2,25,2,0
5315,Paid Search,Manufacturing,Mid-Market,3,7,0,2,32,1,0
5316,Referral,Finance,Enterprise,6,12,0,2,22,2,1
5317,Paid Search,Retail,SMB,5,5,0,2,12,4,0
5318,Webinar,Finance,Mid-Market,2,3,0,3,4,4,0
5319,Organic,Finance,SMB,2,5,0,3,10,2,0
5320,Outbound,Healthcare,SMB,7,10,0,7,27,2,1
5321,Outbound,Healthcare,SMB,6,8,0,1,1,1,1
5322,Referral,SaaS,Enterprise,3,7,0,5,17,1,0
5323,Referral,SaaS,Enterprise,8,9,0,4,19,1,1
5324,Paid Search,Finance,SMB,4,7,0,3,12,1,0
5325,Outbound,SaaS,SMB,3,7,0,2,14,1,1
5326,Organic,Finance,SMB,1,8,0,2,47,2,0
5327,Referral,Manufacturing,Mid-Market,7,8,0,4,30,2,1
5328,Referral,Retail,SMB,3,3,1,1,17,0,0
5329,Organic,SaaS,Mid-Market,2,7,1,4,30,2,1
5330,Organic,SaaS,Enterprise,1,5,0,1,22,2,1
5331,Referral,Healthcare,SMB,7,5,0,1,23,2,0
5332,Organic,Healthcare,SMB,3,4,0,1,36,2,0
5333,Paid Search,SaaS,Enterprise,7,3,0,1,16,2,0
5334,Webinar,Manufacturing,SMB,3,6,0,4,54,2,0
5335,Organic,Manufacturing,Mid-Market,2,3,0,2,2,2,0
5336,Paid Search,Finance,SMB,6,5,0,4,52,3,0
5337,Referral,Finance,SMB,1,3,0,2,59,2,0
5338,Paid Search,Manufacturing,Mid-Market,3,9,0,6,50,2,0
5339,Paid Search,Finance,SMB,4,11,0,2,29,2,0
5340,Webinar,Healthcare,SMB,1,5,0,1,51,1,0
5341,Outbound,Finance,SMB,4,6,0,2,25,3,1
5342,Paid Search,Retail,SMB,4,3,0,4,46,4,0
5343,Referral,SaaS,SMB,4,6,0,2,48,0,0
5344,Outbound,SaaS,SMB,4,7,0,5,5,4,0
5345,Referral,Retail,SMB,2,4,0,4,25,4,0
5346,Referral,Finance,Enterprise,5,6,0,2,12,2,0
5347,Referral,Finance,Mid-Market,4,9,0,1,19,4,0
5348,Referral,Healthcare,Enterprise,4,4,0,4,34,1,1
5349,Outbound,SaaS,Mid-Market,5,6,0,4,32,1,0
5350,Referral,Finance,Mid-Market,4,3,0,2,42,2,1
5351,Paid Search,SaaS,SMB,5,5,0,3,3,2,0
5352,Paid Search,Finance,SMB,2,9,0,5,37,1,0
5353,Organic,SaaS,Enterprise,6,7,0,2,10,3,0
5354,Organic,Retail,Mid-Market,4,5,1,2,33,2,1
5355,Referral,SaaS,SMB,4,5,0,2,26,3,1
5356,Paid Search,SaaS,Enterprise,7,8,0,3,51,3,0
5357,Organic,Retail,Mid-Market,7,10,0,3,47,2,0
5358,Paid Search,SaaS,Mid-Market,4,8,1,3,42,4,1
5359,Organic,Healthcare,Mid-Market,5,9,0,1,29,1,0
5360,Organic,Healthcare,Mid-Market,7,8,0,2,24,1,1
5361,Outbound,SaaS,Mid-Market,7,6,0,4,35,1,0
5362,Referral,SaaS,SMB,5,6,0,2,19,2,1
5363,Paid Search,Healthcare,Mid-Market,10,7,0,1,26,1,1
5364,Organic,SaaS,SMB,6,3,0,5,28,2,0
5365,Paid Search,SaaS,SMB,3,3,0,5,56,1,0
5366,Organic,Finance,SMB,4,3,1,7,27,4,1
5367,Webinar,Manufacturing,SMB,1,5,0,4,27,1,0
5368,Webinar,SaaS,SMB,1,4,1,1,53,4,1
5369,Outbound,Finance,Mid-Market,0,6,0,5,58,3,0
5370,Webinar,Finance,Mid-Market,6,5,0,3,2,0,0
5371,Paid Search,SaaS,Enterprise,3,8,0,2,28,1,1
5372,Organic,Retail,SMB,7,2,0,0,45,5,1
5373,Webinar,Finance,Enterprise,8,7,1,2,36,1,1
5374,Referral,Manufacturing,Mid-Market,5,3,0,5,42,1,0
5375,Paid Search,SaaS,Enterprise,5,10,0,3,47,1,1
5376,Paid Search,Finance,Enterprise,4,2,0,3,31,2,0
5377,Referral,SaaS,SMB,3,9,0,5,29,0,0
5378,Outbound,SaaS,SMB,5,5,1,4,34,3,0
5379,Organic,Retail,Enterprise,6,9,0,5,28,2,0
5380,Paid Search,SaaS,SMB,7,7,0,7,32,4,1
5381,Referral,Retail,SMB,2,10,0,1,51,0,0
5382,Paid Search,Finance,Mid-Market,4,9,0,3,58,0,0
5383,Referral,SaaS,SMB,0,9,1,2,47,3,0
5384,Webinar,SaaS,Mid-Market,2,4,0,3,30,4,0
5385,Organic,Retail,SMB,4,7,0,1,8,1,0
5386,Paid Search,Healthcare,Enterprise,2,3,0,1,39,2,0
5387,Referral,Finance,Mid-Market,1,7,0,2,42,2,0
5388,Paid Search,SaaS,Enterprise,7,8,0,7,12,4,0
5389,Paid Search,SaaS,SMB,5,7,0,1,9,2,0
5390,Paid Search,Retail,Mid-Market,4,11,0,0,13,0,0
5391,Organic,Healthcare,SMB,5,7,0,6,41,1,0
5392,Paid Search,Healthcare,Mid-Market,10,4,0,3,9,1,0
5393,Paid Search,Healthcare,Mid-Market,2,3,1,2,59,1,1
5394,Webinar,Finance,Mid-Market,2,5,0,0,15,0,1
5395,Webinar,Finance,Mid-Market,2,8,0,5,40,0,0
5396,Webinar,Manufacturing,SMB,1,10,1,2,8,3,0
5397,Outbound,Manufacturing,Enterprise,5,4,0,4,14,1,0
5398,Organic,Finance,SMB,3,7,0,4,8,0,1
5399,Outbound,Retail,Enterprise,5,6,0,3,36,1,0
5400,Referral,Retail,SMB,6,7,0,3,23,1,0
5401,Paid Search,Retail,Enterprise,4,5,1,3,26,5,1
5402,Organic,SaaS,Mid-Market,4,5,0,2,40,4,0
5403,Organic,SaaS,Mid-Market,4,9,0,3,17,3,0
5404,Paid Search,SaaS,SMB,7,8,0,2,60,4,1
5405,Paid Search,SaaS,Mid-Market,3,3,0,4,33,2,0
5406,Organic,Finance,Enterprise,3,6,0,1,40,0,0
5407,Webinar,SaaS,Mid-Market,3,4,0,3,25,1,0
5408,Outbound,SaaS,Enterprise,3,7,0,1,32,5,0
5409,Paid Search,Manufacturing,Enterprise,6,7,0,2,56,1,0
5410,Paid Search,SaaS,SMB,4,3,0,5,7,1,1
5411,Webinar,Retail,SMB,1,8,0,3,60,3,0
5412,Organic,Manufacturing,Enterprise,6,3,0,5,1,1,0
5413,Referral,Finance,SMB,7,6,0,4,15,2,0
5414,Organic,Healthcare,SMB,1,3,0,4,18,3,0
5415,Paid Search,SaaS,Mid-Market,3,12,0,0,43,1,0
5416,Organic,Healthcare,Mid-Market,2,4,0,3,39,2,0
5417,Referral,Retail,Enterprise,5,5,0,2,60,2,1
5418,Paid Search,Finance,Mid-Market,6,7,1,1,8,1,1
5419,Paid Search,SaaS,Mid-Market,4,6,0,2,20,1,1
5420,Referral,SaaS,Mid-Market,2,4,0,1,22,2,1
5421,Organic,Finance,SMB,3,6,0,4,37,2,0
5422,Webinar,Healthcare,Enterprise,5,7,0,3,46,1,1
5423,Webinar,SaaS,SMB,3,8,0,3,33,1,1
5424,Webinar,Finance,Enterprise,3,3,0,2,54,2,1
5425,Webinar,Manufacturing,Mid-Market,5,6,0,3,29,1,0
5426,Webinar,Retail,Mid-Market,4,3,0,3,44,2,0
5427,Organic,Healthcare,SMB,6,6,0,3,50,2,0
5428,Outbound,Healthcare,SMB,5,7,0,3,25,2,1
5429,Referral,Retail,Mid-Market,3,5,0,1,13,5,0
5430,Organic,Finance,SMB,5,5,0,0,50,1,1
5431,Referral,Retail,Mid-Market,6,6,0,5,49,1,1
5432,Webinar,Retail,SMB,3,1,0,2,42,1,0
5433,Referral,SaaS,SMB,6,8,0,2,10,1,0
5434,Paid Search,Manufacturing,Mid-Market,4,6,0,3,8,2,0
5435,Outbound,SaaS,SMB,3,9,1,4,52,2,1
5436,Organic,Retail,Mid-Market,4,6,0,3,6,3,1
5437,Referral,Finance,SMB,5,5,0,4,2,1,1
5438,Referral,Manufacturing,SMB,7,4,0,3,4,1,0
5439,Paid Search,Healthcare,Mid-Market,4,4,1,2,2,0,1
5440,Webinar,Finance,Mid-Market,2,6,1,3,8,4,1
5441,Referral,Finance,Mid-Market,2,3,1,2,30,2,1
5442,Paid Search,Retail,SMB,3,9,0,2,40,2,0
5443,Organic,Manufacturing,SMB,0,10,0,1,47,2,0
5444,Outbound,Retail,Enterprise,5,4,0,1,22,1,0
5445,Paid Search,Finance,Mid-Market,7,9,0,0,20,3,0
5446,Outbound,Healthcare,SMB,9,9,0,3,57,2,1
5447,Referral,Retail,SMB,6,7,0,2,35,2,1
5448,Referral,SaaS,Mid-Market,7,6,0,5,9,4,0
5449,Outbound,Healthcare,Enterprise,7,4,0,4,24,1,0
5450,Outbound,SaaS,SMB,5,2,1,5,10,2,0
5451,Outbound,Healthcare,Enterprise,3,4,0,4,31,2,0
5452,Organic,Retail,SMB,3,5,0,1,59,2,0
5453,Organic,Healthcare,SMB,2,3,0,2,60,4,1
5454,Organic,Healthcare,SMB,1,4,0,5,25,2,0
5455,Organic,SaaS,SMB,4,2,0,3,57,1,0
5456,Paid Search,SaaS,Mid-Market,2,5,0,4,24,2,0
5457,Organic,SaaS,Mid-Market,2,6,0,0,48,2,0
5458,Webinar,SaaS,Mid-Market,2,5,0,3,30,1,0
5459,Paid Search,Retail,SMB,6,7,0,3,13,3,1
5460,Referral,Manufacturing,Enterprise,4,1,0,3,25,2,0
5461,Referral,SaaS,SMB,5,10,0,7,19,1,0
5462,Outbound,Finance,SMB,3,4,0,4,44,2,0
5463,Referral,Retail,SMB,1,5,0,3,23,2,0
5464,Paid Search,Manufacturing,SMB,2,3,0,7,4,0,1
5465,Organic,Manufacturing,SMB,2,4,1,4,53,2,1
5466,Referral,Manufacturing,Enterprise,7,5,0,2,36,1,1
5467,Paid Search,Finance,SMB,1,5,1,4,60,2,1
5468,Paid Search,SaaS,Enterprise,3,7,0,2,8,0,0
5469,Paid Search,Finance,Enterprise,2,2,0,1,39,1,1
5470,Paid Search,Healthcare,Mid-Market,6,5,0,4,45,0,0
5471,Paid Search,Manufacturing,Enterprise,4,9,0,4,22,1,0
5472,Outbound,Manufacturing,SMB,8,6,0,5,54,0,0
5473,Outbound,Retail,Mid-Market,5,5,0,3,1,4,0
5474,Referral,Healthcare,SMB,2,3,0,0,35,2,1
5475,Webinar,Finance,SMB,6,4,0,2,36,1,0
5476,Paid Search,Retail,Mid-Market,4,2,0,2,32,1,0
5477,Webinar,Healthcare,SMB,2,6,1,5,34,4,1
5478,Webinar,SaaS,Mid-Market,4,5,0,2,57,3,0
5479,Outbound,Healthcare,SMB,5,5,0,2,6,1,0
5480,Paid Search,SaaS,SMB,3,7,0,4,45,3,0
5481,Organic,Retail,Enterprise,4,6,0,2,7,1,0
5482,Organic,Retail,SMB,1,6,0,3,29,2,0
5483,Referral,Retail,SMB,1,6,0,2,49,1,1
5484,Referral,Manufacturing,Enterprise,0,6,0,3,5,0,0
5485,Outbound,SaaS,SMB,4,8,0,2,15,1,0
5486,Organic,Manufacturing,SMB,1,9,0,2,14,0,0
5487,Referral,Manufacturing,SMB,6,0,0,4,35,0,0
5488,Referral,Healthcare,SMB,3,6,0,8,39,2,0
5489,Organic,Healthcare,Mid-Market,7,10,0,2,50,0,0
5490,Paid Search,SaaS,SMB,6,7,0,2,51,5,0
5491,Webinar,SaaS,SMB,3,9,0,5,24,5,0
5492,Outbound,Healthcare,SMB,6,6,1,4,33,3,1
5493,Webinar,Finance,Enterprise,6,7,1,4,50,3,1
5494,Referral,Retail,Enterprise,2,1,1,2,6,4,1
5495,Organic,Retail,SMB,6,8,0,3,21,1,0
5496,Paid Search,SaaS,SMB,2,10,0,3,4,4,1
5497,Paid Search,Manufacturing,Mid-Market,8,7,0,2,18,2,0
5498,Webinar,Retail,Enterprise,6,8,0,5,9,1,0
5499,Webinar,Healthcare,Enterprise,4,3,0,5,41,3,0
5500,Referral,Manufacturing,Mid-Market,5,3,0,3,38,1,0
5501,Referral,Finance,SMB,2,7,1,2,34,1,0
5502,Referral,SaaS,Enterprise,4,5,1,3,6,2,1
5503,Referral,Retail,Enterprise,3,8,0,3,2,0,0
5504,Referral,Finance,Mid-Market,7,5,0,2,14,0,0
5505,Referral,Healthcare,SMB,4,5,0,2,4,1,0
5506,Paid Search,Healthcare,SMB,1,4,0,3,55,2,1
5507,Webinar,Healthcare,SMB,5,6,0,8,4,0,0
5508,Paid Search,SaaS,Enterprise,4,4,0,8,6,3,1
5509,Organic,Manufacturing,Mid-Market,6,6,1,0,52,3,1
5510,Organic,Retail,SMB,6,6,0,1,26,0,0
5511,Outbound,Manufacturing,SMB,3,4,0,4,48,0,0
5512,Paid Search,Healthcare,SMB,7,9,0,1,33,2,0
5513,Referral,SaaS,Enterprise,4,7,0,4,50,1,1
5514,Referral,Retail,SMB,2,3,1,3,16,1,1
5515,Referral,Healthcare,SMB,1,3,0,2,19,3,0
5516,Webinar,Finance,Enterprise,7,6,0,1,53,4,0
5517,Paid Search,Retail,SMB,2,9,0,1,7,2,1
5518,Paid Search,SaaS,SMB,3,8,1,3,36,3,0
5519,Outbound,Healthcare,Mid-Market,6,11,0,2,60,1,1
5520,Referral,Finance,Enterprise,4,4,1,3,40,0,0
5521,Outbound,Healthcare,SMB,5,4,1,7,32,1,1
5522,Outbound,Healthcare,SMB,6,4,0,3,54,4,0
5523,Referral,Healthcare,Mid-Market,5,5,0,5,31,3,0
5524,Paid Search,SaaS,SMB,6,6,0,6,22,5,1
5525,Outbound,SaaS,Mid-Market,2,8,0,1,54,1,0
5526,Webinar,Healthcare,Enterprise,2,4,0,2,53,0,0
5527,Organic,Finance,SMB,1,1,0,3,42,2,0
5528,Organic,SaaS,Mid-Market,4,7,1,5,40,3,1
5529,Referral,Manufacturing,Enterprise,4,4,0,4,55,0,0
5530,Outbound,SaaS,SMB,6,7,0,3,46,1,0
5531,Referral,Finance,Enterprise,4,2,0,3,12,2,0
5532,Webinar,Manufacturing,SMB,4,3,0,7,29,2,0
5533,Webinar,SaaS,Enterprise,3,4,0,2,49,1,1
5534,Paid Search,SaaS,Enterprise,4,3,1,0,38,4,0
5535,Referral,Retail,Enterprise,6,3,0,6,52,2,1
5536,Webinar,Healthcare,Enterprise,5,8,0,2,16,5,0
5537,Referral,Finance,Mid-Market,3,8,0,1,18,2,0
5538,Referral,Manufacturing,SMB,4,8,1,1,56,0,1
5539,Organic,SaaS,SMB,3,3,1,7,39,3,0
5540,Webinar,SaaS,Mid-Market,9,2,0,2,26,2,0
5541,Paid Search,SaaS,Enterprise,3,8,0,4,35,2,0
5542,Webinar,Finance,Mid-Market,3,8,0,4,23,3,0
5543,Referral,Healthcare,Mid-Market,3,12,1,8,44,2,1
5544,Referral,Retail,Mid-Market,3,3,1,4,37,1,1
5545,Paid Search,Retail,Mid-Market,1,9,0,5,15,2,1
5546,Organic,Finance,SMB,2,6,0,9,20,2,0
5547,Referral,Healthcare,SMB,5,7,0,4,43,1,0
5548,Webinar,Healthcare,Mid-Market,5,3,1,2,22,2,0
5549,Organic,Finance,SMB,5,6,0,0,15,4,0
5550,Outbound,Retail,SMB,0,5,0,7,33,3,0
5551,Referral,Manufacturing,Mid-Market,4,4,0,2,54,4,0
5552,Organic,Retail,Mid-Market,4,5,0,4,13,5,1
5553,Paid Search,SaaS,Enterprise,2,4,1,1,50,2,0
5554,Paid Search,Healthcare,Enterprise,1,8,1,3,11,2,1
5555,Outbound,Finance,SMB,7,8,0,3,8,1,1
5556,Organic,Finance,Mid-Market,2,4,0,4,50,1,0
5557,Organic,Healthcare,SMB,4,8,0,4,46,0,0
5558,Webinar,Healthcare,Mid-Market,7,4,0,7,54,2,1
5559,Organic,Manufacturing,Enterprise,4,7,0,2,23,1,0
5560,Referral,Manufacturing,Mid-Market,4,9,0,1,45,1,0
5561,Referral,Finance,Mid-Market,3,8,0,1,48,2,1
5562,Referral,Manufacturing,Enterprise,5,7,0,0,38,3,1
5563,Outbound,SaaS,Mid-Market,1,10,1,2,6,4,1
5564,Outbound,SaaS,Enterprise,3,9,0,2,10,3,0
5565,Webinar,Finance,Mid-Market,2,3,0,0,7,1,0
5566,Referral,Retail,Mid-Market,3,8,0,1,22,1,1
5567,Paid Search,SaaS,SMB,4,7,1,5,14,2,0
5568,Organic,Finance,SMB,2,2,0,2,54,4,0
5569,Outbound,Healthcare,SMB,6,5,0,2,10,0,0
5570,Referral,Finance,Mid-Market,4,8,0,4,33,3,1
5571,Paid Search,Finance,SMB,6,3,0,2,15,2,0
5572,Organic,Finance,SMB,0,10,0,1,23,4,0
5573,Paid Search,Manufacturing,Mid-Market,6,7,0,4,28,1,0
5574,Outbound,Finance,Mid-Market,1,8,0,6,58,2,1
5575,Webinar,Retail,SMB,1,2,0,3,19,3,0
5576,Paid Search,Retail,SMB,2,6,1,2,60,0,0
5577,Organic,Healthcare,Mid-Market,4,8,0,6,39,3,0
5578,Referral,Retail,Enterprise,4,3,0,6,59,2,0
5579,Organic,SaaS,SMB,4,9,0,1,34,3,0
5580,Organic,Healthcare,Mid-Market,2,10,0,4,16,2,1
5581,Referral,Finance,Mid-Market,4,3,0,3,57,1,1
5582,Webinar,Retail,Mid-Market,5,2,0,2,37,0,0
5583,Webinar,Retail,Mid-Market,3,6,0,3,38,1,1
5584,Organic,SaaS,Mid-Market,4,7,1,2,16,4,1
5585,Referral,Finance,SMB,4,11,0,4,19,1,0
5586,Paid Search,SaaS,SMB,5,2,0,1,12,2,1
5587,Outbound,Healthcare,SMB,3,3,1,2,15,2,0
5588,Paid Search,Finance,Mid-Market,7,7,0,2,27,3,1
5589,Webinar,SaaS,Mid-Market,2,8,1,1,8,2,0
5590,Organic,Manufacturing,SMB,7,3,1,4,24,1,0
5591,Organic,Finance,Mid-Market,3,11,0,2,23,3,0
5592,Organic,SaaS,Mid-Market,10,12,0,6,35,1,0
5593,Referral,Finance,Enterprise,2,2,0,1,22,1,0
5594,Webinar,Healthcare,SMB,0,7,0,2,38,3,0
5595,Organic,SaaS,Mid-Market,3,7,0,4,44,3,0
5596,Organic,Retail,SMB,2,7,0,3,57,2,0
5597,Organic,Finance,Enterprise,6,8,0,6,57,3,1
5598,Organic,Healthcare,Enterprise,2,8,0,5,55,2,0
5599,Referral,Finance,Mid-Market,3,8,1,1,9,3,1
5600,Webinar,Healthcare,SMB,2,5,0,1,36,2,0
5601,Outbound,Retail,Mid-Market,3,3,1,1,15,3,1
5602,Organic,Healthcare,Enterprise,4,7,0,1,20,6,1
5603,Webinar,Finance,SMB,6,6,0,3,13,3,0
5604,Paid Search,Finance,Enterprise,3,9,0,2,5,2,0
5605,Paid Search,Healthcare,SMB,5,7,0,4,19,1,0
5606,Webinar,Manufacturing,SMB,4,5,0,1,10,5,0
5607,Referral,SaaS,Mid-Market,1,3,0,7,6,5,1
5608,Referral,Manufacturing,Mid-Market,5,7,1,6,14,5,1
5609,Outbound,Finance,SMB,6,6,0,1,1,2,0
5610,Outbound,SaaS,SMB,3,3,0,4,59,3,0
5611,Organic,Retail,Enterprise,2,6,0,6,58,1,0
5612,Outbound,Retail,Enterprise,6,7,0,3,17,1,0
5613,Outbound,Healthcare,SMB,6,6,0,7,37,4,0
5614,Organic,Manufacturing,Mid-Market,4,7,0,1,39,1,0
5615,Referral,Healthcare,Enterprise,3,10,0,4,43,0,1
5616,Referral,SaaS,Mid-Market,3,7,0,3,2,1,1
5617,Outbound,Retail,Mid-Market,3,5,0,2,26,0,0
5618,Organic,Healthcare,SMB,5,6,1,4,9,2,1
5619,Paid Search,SaaS,Enterprise,7,9,0,2,47,3,1
5620,Organic,Healthcare,SMB,5,9,1,2,20,3,1
5621,Paid Search,Finance,Mid-Market,4,7,0,5,54,2,0
5622,Paid Search,Finance,Mid-Market,4,2,0,1,50,0,0
5623,Referral,Finance,Mid-Market,5,10,0,3,55,1,0
5624,Outbound,Manufacturing,Mid-Market,5,2,0,5,10,4,0
5625,Paid Search,Retail,Mid-Market,4,9,0,1,12,0,0
5626,Organic,Finance,Mid-Market,6,4,0,5,38,0,1
5627,Referral,Manufacturing,Enterprise,8,6,0,2,39,2,0
5628,Referral,Retail,Enterprise,4,7,0,2,42,0,1
5629,Paid Search,Retail,SMB,6,7,0,0,53,0,0
5630,Webinar,SaaS,Mid-Market,6,3,1,4,23,3,1
5631,Referral,Manufacturing,Enterprise,7,6,0,1,43,0,0
5632,Paid Search,Healthcare,Mid-Market,5,5,0,1,59,1,0
5633,Paid Search,Manufacturing,Enterprise,4,5,1,2,34,0,1
5634,Organic,Manufacturing,SMB,3,3,0,3,38,2,0
5635,Webinar,Retail,Mid-Market,9,3,1,3,55,1,1
5636,Referral,Manufacturing,SMB,5,4,0,4,42,2,0
5637,Referral,Finance,SMB,6,7,0,2,13,3,0
5638,Referral,Retail,SMB,6,2,1,2,20,2,0
5639,Webinar,Healthcare,Enterprise,3,9,1,2,46,4,1
5640,Webinar,Finance,SMB,4,9,0,5,30,2,0
5641,Organic,Finance,SMB,3,8,0,5,28,3,0
5642,Referral,Manufacturing,SMB,4,4,0,3,24,0,1
5643,Organic,SaaS,SMB,4,9,1,3,58,4,1
5644,Organic,Manufacturing,Enterprise,4,2,0,6,15,2,1
5645,Paid Search,Finance,Mid-Market,3,5,1,2,22,1,1
5646,Organic,Finance,Mid-Market,2,9,0,3,57,1,1
5647,Referral,Healthcare,SMB,2,7,0,2,31,5,1
5648,Paid Search,Retail,SMB,0,9,0,3,4,1,0
5649,Referral,Healthcare,Enterprise,4,4,0,7,21,0,0
5650,Paid Search,Healthcare,SMB,5,6,0,3,27,2,0
5651,Referral,Manufacturing,Mid-Market,2,3,0,4,33,0,0
5652,Paid Search,Healthcare,SMB,7,0,0,2,51,0,1
5653,Paid Search,SaaS,SMB,3,5,1,1,16,3,1
5654,Webinar,SaaS,Enterprise,8,7,0,4,7,2,1
5655,Outbound,Retail,Enterprise,3,9,0,1,8,3,0
5656,Paid Search,Manufacturing,SMB,2,3,0,4,16,2,0
5657,Paid Search,SaaS,Enterprise,5,6,0,5,2,1,0
5658,Referral,Finance,Mid-Market,4,5,1,2,49,0,0
5659,Referral,SaaS,SMB,5,8,1,5,53,0,1
5660,Organic,SaaS,Mid-Market,5,6,0,2,11,3,1
5661,Paid Search,Healthcare,SMB,4,5,0,1,32,0,0
5662,Referral,Finance,SMB,2,4,0,2,21,0,0
5663,Organic,Retail,Mid-Market,4,5,0,2,34,4,0
5664,Webinar,SaaS,Enterprise,4,6,0,3,12,4,0
5665,Referral,Manufacturing,SMB,4,4,0,2,34,1,0
5666,Organic,Manufacturing,Mid-Market,5,7,0,1,41,3,0
5667,Paid Search,Manufacturing,SMB,2,6,0,1,10,2,0
5668,Organic,Retail,Mid-Market,6,10,0,3,47,4,1
5669,Paid Search,Manufacturing,SMB,6,12,0,3,40,0,0
5670,Outbound,SaaS,Mid-Market,5,6,0,3,49,4,0
5671,Referral,SaaS,Mid-Market,2,10,0,5,26,2,0
5672,Paid Search,Retail,SMB,3,6,0,2,47,2,1
5673,Organic,Retail,Mid-Market,1,5,0,4,24,5,1
5674,Paid Search,Manufacturing,Mid-Market,3,4,0,4,18,2,0
5675,Organic,SaaS,Enterprise,4,3,0,4,38,2,0
5676,Referral,Finance,Mid-Market,4,0,0,3,28,2,0
5677,Paid Search,Finance,Enterprise,5,5,0,2,59,2,1
5678,Organic,Manufacturing,SMB,3,10,0,1,35,4,0
5679,Organic,Healthcare,Enterprise,7,4,0,2,13,3,1
5680,Webinar,Retail,Enterprise,3,8,0,6,1,3,1
5681,Outbound,Healthcare,Enterprise,5,7,0,2,6,1,0
5682,Outbound,Healthcare,SMB,11,6,1,3,31,0,1
5683,Organic,SaaS,SMB,4,4,0,5,35,3,1
5684,Webinar,Retail,SMB,3,6,0,1,31,3,0
5685,Referral,Manufacturing,SMB,5,4,0,4,6,1,0
5686,Webinar,Manufacturing,Enterprise,8,9,0,4,53,3,0
5687,Paid Search,Retail,SMB,2,6,1,7,2,1,0
5688,Organic,Retail,SMB,4,4,0,4,3,3,0
5689,Referral,Retail,Enterprise,3,6,1,5,8,3,1
5690,Paid Search,Retail,SMB,9,9,0,5,4,1,1
5691,Organic,Finance,SMB,4,4,0,7,20,4,1
5692,Organic,Retail,Enterprise,2,8,0,4,8,3,1
5693,Paid Search,Finance,SMB,3,8,0,3,14,4,0
5694,Webinar,Manufacturing,Mid-Market,3,8,0,4,60,0,0
5695,Referral,Healthcare,SMB,1,8,0,5,41,1,0
5696,Organic,Finance,SMB,3,10,0,1,27,3,0
5697,Organic,Healthcare,Mid-Market,0,5,0,1,45,2,0
5698,Referral,Finance,SMB,1,3,1,2,5,0,1
5699,Referral,Healthcare,Enterprise,2,5,0,3,35,3,0
5700,Paid Search,Retail,Mid-Market,3,10,0,1,23,1,1
5701,Outbound,Healthcare,SMB,5,4,0,3,45,4,1
5702,Paid Search,Manufacturing,Enterprise,7,6,0,5,36,2,1
5703,Organic,Manufacturing,Mid-Market,10,6,0,3,28,2,0
5704,Referral,Manufacturing,SMB,5,2,0,3,52,0,0
5705,Webinar,Healthcare,Mid-Market,7,3,0,7,34,2,1
5706,Outbound,SaaS,SMB,2,4,1,3,18,1,0
5707,Organic,Finance,Mid-Market,5,9,0,2,31,5,1
5708,Paid Search,SaaS,SMB,2,9,0,3,48,1,1
5709,Organic,SaaS,SMB,2,4,0,2,8,2,1
5710,Webinar,SaaS,Mid-Market,4,2,0,3,53,3,1
5711,Paid Search,Manufacturing,Enterprise,5,2,0,1,15,0,0
5712,Organic,SaaS,Enterprise,5,1,1,1,29,2,1
5713,Referral,Manufacturing,Enterprise,3,4,0,3,24,2,0
5714,Referral,Manufacturing,Enterprise,4,3,0,2,59,0,0
5715,Webinar,Healthcare,Enterprise,7,5,0,2,16,2,0
5716,Outbound,Finance,SMB,1,3,0,1,41,2,0
5717,Paid Search,SaaS,SMB,1,6,0,5,37,2,0
5718,Referral,Finance,SMB,5,6,0,0,44,1,0
5719,Referral,Manufacturing,SMB,7,5,0,5,29,0,0
5720,Paid Search,Retail,SMB,2,3,1,3,43,2,0
5721,Webinar,SaaS,SMB,5,3,0,2,43,2,0
5722,Referral,Manufacturing,SMB,3,4,0,1,13,1,0
5723,Outbound,Healthcare,SMB,3,2,0,3,1,3,1
5724,Paid Search,SaaS,SMB,5,4,0,5,60,2,0
5725,Paid Search,Manufacturing,Mid-Market,6,6,0,2,4,3,0
5726,Organic,Healthcare,SMB,5,6,0,5,54,1,0
5727,Paid Search,Finance,SMB,2,9,1,6,3,3,1
5728,Webinar,Healthcare,SMB,2,4,0,3,26,1,1
5729,Referral,Retail,SMB,5,4,0,2,25,3,1
5730,Organic,Retail,Enterprise,6,6,0,4,24,2,1
5731,Paid Search,Finance,SMB,3,3,0,1,12,3,0
5732,Webinar,Retail,Mid-Market,0,5,0,4,1,3,0
5733,Outbound,SaaS,SMB,0,1,0,2,5,1,0
5734,Outbound,Retail,SMB,0,6,1,3,12,3,0
5735,Webinar,Healthcare,Mid-Market,3,8,0,0,57,0,0
5736,Paid Search,Healthcare,Enterprise,1,7,0,4,51,0,0
5737,Outbound,SaaS,SMB,5,10,0,4,2,3,1
5738,Webinar,Healthcare,SMB,6,3,1,3,18,2,1
5739,Paid Search,Finance,Mid-Market,4,8,0,6,28,7,0
5740,Referral,Retail,Mid-Market,6,9,0,3,13,2,1
5741,Organic,Manufacturing,Enterprise,2,5,0,2,57,1,1
5742,Webinar,Healthcare,Enterprise,1,8,0,4,10,0,0
5743,Paid Search,SaaS,SMB,5,5,1,2,20,1,0
5744,Referral,Healthcare,SMB,4,7,0,1,33,2,0
5745,Webinar,Retail,SMB,6,5,1,6,49,4,1
5746,Referral,Healthcare,Enterprise,4,8,0,7,5,3,1
5747,Organic,Retail,SMB,2,9,0,3,22,3,0
5748,Referral,Manufacturing,Enterprise,4,5,0,4,53,0,1
5749,Organic,Healthcare,SMB,0,4,0,7,40,1,0
5750,Paid Search,Manufacturing,Mid-Market,3,8,0,2,29,5,0
5751,Paid Search,SaaS,SMB,3,3,1,1,22,1,0
5752,Outbound,Finance,SMB,0,8,0,4,54,2,1
5753,Paid Search,Retail,Mid-Market,6,3,0,2,31,1,1
5754,Referral,Healthcare,Enterprise,0,4,0,0,8,2,0
5755,Organic,Finance,SMB,9,3,0,2,7,2,0
5756,Referral,Healthcare,Mid-Market,3,7,0,2,19,2,0
5757,Webinar,Manufacturing,SMB,5,3,0,6,22,3,1
5758,Outbound,Retail,Enterprise,2,3,0,3,33,1,0
5759,Paid Search,Retail,Mid-Market,5,7,0,0,3,0,1
5760,Webinar,Finance,Mid-Market,4,5,0,7,3,2,1
5761,Paid Search,Finance,SMB,4,9,0,2,7,3,0
5762,Paid Search,Healthcare,Enterprise,7,8,0,2,22,3,1
5763,Outbound,Finance,Mid-Market,2,9,0,2,31,5,0
5764,Paid Search,Healthcare,SMB,4,9,0,2,39,1,1
5765,Paid Search,Retail,SMB,4,6,0,3,8,1,0
5766,Referral,Manufacturing,SMB,3,2,0,2,6,3,0
5767,Organic,SaaS,Enterprise,2,5,0,3,20,2,0
5768,Webinar,Healthcare,Mid-Market,4,6,0,1,29,1,0
5769,Referral,Retail,SMB,6,5,1,4,21,1,1
5770,Referral,Manufacturing,SMB,3,7,1,2,4,3,1
5771,Paid Search,Retail,Mid-Market,1,5,0,2,14,1,0
5772,Paid Search,Finance,Enterprise,2,9,0,3,28,2,0
5773,Paid Search,Retail,SMB,2,5,0,2,4,0,0
5774,Organic,Finance,SMB,2,5,1,5,17,3,0
5775,Paid Search,Manufacturing,SMB,5,4,1,7,35,0,0
5776,Organic,Healthcare,Enterprise,1,2,0,4,18,1,0
5777,Webinar,Manufacturing,SMB,2,4,0,5,40,1,1
5778,Referral,Healthcare,Enterprise,3,3,0,5,53,3,1
5779,Webinar,Manufacturing,Enterprise,3,8,0,4,58,2,0
5780,Referral,Manufacturing,Mid-Market,8,6,0,3,36,2,0
5781,Outbound,Manufacturing,Enterprise,1,4,0,3,19,5,1
5782,Paid Search,Healthcare,Mid-Market,3,4,0,2,22,3,1
5783,Paid Search,Manufacturing,Mid-Market,3,8,0,2,59,3,0
5784,Webinar,Finance,SMB,6,12,1,3,7,0,1
5785,Referral,Finance,Mid-Market,0,8,1,3,22,1,0
5786,Organic,Finance,SMB,4,6,1,2,15,3,1
5787,Webinar,SaaS,Enterprise,7,5,0,3,38,3,1
5788,Webinar,Manufacturing,SMB,8,10,1,1,42,4,1
5789,Paid Search,Finance,Mid-Market,1,7,0,1,7,4,0
5790,Organic,Manufacturing,Enterprise,2,10,0,2,14,1,0
5791,Organic,Retail,Mid-Market,7,5,1,4,48,2,0
5792,Paid Search,SaaS,Enterprise,3,8,0,2,57,3,0
5793,Organic,Manufacturing,Mid-Market,5,6,0,2,41,4,0
5794,Organic,Manufacturing,SMB,2,2,0,6,57,1,0
5795,Webinar,Manufacturing,Enterprise,6,6,0,1,6,6,0
5796,Paid Search,SaaS,Enterprise,4,7,0,2,42,3,1
5797,Webinar,Healthcare,SMB,6,7,1,3,54,1,1
5798,Organic,SaaS,SMB,2,6,0,1,25,1,0
5799,Webinar,Finance,SMB,4,4,1,3,43,3,1
5800,Webinar,Healthcare,Mid-Market,7,10,1,3,33,1,1
5801,Referral,SaaS,SMB,4,5,0,0,52,3,0
5802,Organic,Healthcare,Enterprise,7,6,1,2,10,2,1
5803,Referral,Finance,SMB,1,3,0,1,56,2,0
5804,Referral,Retail,SMB,7,6,0,6,4,3,0
5805,Outbound,Retail,SMB,6,3,0,4,59,2,1
5806,Organic,SaaS,Mid-Market,5,6,0,5,28,3,1
5807,Outbound,SaaS,Enterprise,6,5,0,5,53,3,1
5808,Webinar,Finance,SMB,2,5,0,3,49,3,0
5809,Outbound,Manufacturing,SMB,6,7,0,2,57,0,0
5810,Referral,Healthcare,SMB,6,4,0,3,26,3,0
5811,Organic,Manufacturing,Enterprise,3,8,0,3,32,0,0
5812,Paid Search,SaaS,SMB,1,9,0,6,47,2,1
5813,Outbound,Retail,Mid-Market,5,8,0,3,14,1,1
5814,Webinar,Healthcare,SMB,4,6,0,2,50,3,0
5815,Paid Search,Retail,SMB,3,5,0,4,19,2,0
5816,Referral,Retail,SMB,2,4,1,3,52,5,0
5817,Referral,Healthcare,Mid-Market,1,8,1,3,25,1,1
5818,Outbound,SaaS,Mid-Market,3,4,1,2,33,3,1
5819,Webinar,SaaS,Mid-Market,4,5,0,4,13,1,0
5820,Paid Search,Retail,Mid-Market,6,6,0,6,5,1,0
5821,Outbound,Finance,SMB,3,7,0,3,30,3,0
5822,Webinar,Retail,Enterprise,5,5,0,1,5,2,0
5823,Webinar,Healthcare,Enterprise,2,8,0,2,44,1,0
5824,Paid Search,Manufacturing,SMB,6,6,0,4,5,2,1
5825,Paid Search,Manufacturing,Enterprise,3,8,0,3,59,1,1
5826,Referral,Healthcare,Mid-Market,4,5,0,3,11,2,0
5827,Organic,Finance,Mid-Market,11,8,0,3,49,0,0
5828,Webinar,Retail,SMB,5,6,0,6,2,2,0
5829,Organic,Healthcare,SMB,3,6,0,6,47,0,0
5830,Webinar,Healthcare,SMB,3,5,0,3,38,0,0
5831,Paid Search,Healthcare,Enterprise,6,5,0,5,18,1,0
5832,Organic,Healthcare,SMB,0,5,0,5,11,4,0
5833,Organic,Retail,SMB,2,6,0,2,27,1,0
5834,Webinar,Healthcare,SMB,5,6,0,2,20,0,0
5835,Organic,SaaS,Mid-Market,4,7,1,2,4,2,1
5836,Organic,Manufacturing,SMB,1,3,1,5,44,4,1
5837,Webinar,Manufacturing,SMB,7,5,0,1,47,2,0
5838,Organic,Manufacturing,Mid-Market,6,7,0,3,15,5,0
5839,Organic,Healthcare,SMB,4,7,1,4,28,4,1
5840,Webinar,Retail,SMB,5,10,0,6,31,2,1
5841,Organic,Retail,Mid-Market,2,5,0,2,10,4,0
5842,Webinar,Healthcare,SMB,2,6,1,2,4,5,1
5843,Webinar,Finance,Mid-Market,4,4,0,4,51,3,1
5844,Paid Search,SaaS,SMB,2,3,0,3,11,0,0
5845,Paid Search,SaaS,Mid-Market,5,3,1,2,37,1,1
5846,Paid Search,Retail,SMB,2,8,0,1,10,0,0
5847,Outbound,Healthcare,SMB,5,7,0,2,48,0,1
5848,Paid Search,Retail,SMB,4,5,0,4,19,1,0
5849,Organic,Retail,SMB,4,7,0,2,33,2,0
5850,Referral,Manufacturing,SMB,4,6,1,1,39,2,1
5851,Paid Search,Healthcare,SMB,4,6,0,3,23,1,1
5852,Paid Search,Retail,SMB,4,9,0,2,38,0,0
5853,Organic,SaaS,Enterprise,2,6,0,1,34,1,0
5854,Outbound,Finance,SMB,2,7,0,5,14,3,0
5855,Organic,Finance,Mid-Market,0,4,0,1,10,1,0
5856,Organic,Retail,Mid-Market,2,2,0,4,4,3,0
5857,Webinar,Retail,SMB,4,10,1,4,1,1,0
5858,Webinar,Manufacturing,Enterprise,4,6,0,3,20,2,1
5859,Webinar,Finance,Mid-Market,2,9,0,5,27,3,1
5860,Outbound,SaaS,Mid-Market,2,5,0,2,58,0,1
5861,Referral,Healthcare,Mid-Market,5,6,0,2,38,0,0
5862,Outbound,Manufacturing,SMB,6,5,1,3,8,3,1
5863,Webinar,Healthcare,SMB,7,10,0,2,34,0,0
5864,Organic,Manufacturing,SMB,0,8,1,1,13,4,1
5865,Organic,Retail,SMB,4,7,0,4,31,1,1
5866,Referral,Finance,Mid-Market,4,6,0,3,53,0,1
5867,Referral,Manufacturing,Mid-Market,6,6,0,2,49,2,0
5868,Paid Search,Healthcare,SMB,4,3,1,2,56,2,1
5869,Referral,Retail,Enterprise,2,7,0,1,59,0,1
5870,Organic,Healthcare,SMB,4,7,0,2,55,0,1
5871,Webinar,Finance,SMB,3,2,0,0,26,0,0
5872,Referral,Finance,Mid-Market,1,6,0,7,37,0,1
5873,Outbound,Finance,Mid-Market,2,5,0,6,54,2,0
5874,Outbound,SaaS,Enterprise,1,5,0,3,36,0,0
5875,Webinar,Retail,Mid-Market,8,7,0,2,3,2,1
5876,Paid Search,Healthcare,Mid-Market,3,5,0,4,7,0,0
5877,Outbound,Manufacturing,Mid-Market,2,6,0,6,21,6,0
5878,Organic,Finance,Enterprise,4,9,0,0,46,1,0
5879,Paid Search,SaaS,Mid-Market,4,2,0,1,41,2,0
5880,Outbound,SaaS,Enterprise,5,7,0,5,41,1,0
5881,Outbound,Retail,SMB,5,5,0,2,32,3,1
5882,Paid Search,Manufacturing,SMB,5,4,0,2,19,0,0
5883,Paid Search,Finance,Mid-Market,10,7,0,5,43,2,0
5884,Referral,Retail,Mid-Market,3,5,1,3,60,5,0
5885,Webinar,Manufacturing,Mid-Market,2,11,0,4,37,5,0
5886,Organic,Retail,Enterprise,0,3,0,4,28,3,0
5887,Outbound,Finance,Mid-Market,3,6,0,3,47,3,0
5888,Referral,Retail,Enterprise,4,5,0,5,38,3,1
5889,Webinar,Retail,Enterprise,6,8,0,0,23,2,0
5890,Paid Search,Manufacturing,SMB,6,8,0,1,58,1,0
5891,Referral,Manufacturing,SMB,4,9,0,2,40,4,0
5892,Organic,Healthcare,Mid-Market,4,4,1,5,14,3,0
5893,Organic,Manufacturing,SMB,6,9,1,3,18,1,1
5894,Referral,SaaS,Mid-Market,4,4,0,1,34,1,0
5895,Organic,Manufacturing,Mid-Market,3,3,0,2,36,1,0
5896,Paid Search,Manufacturing,Enterprise,4,3,0,5,15,1,0
5897,Paid Search,Finance,Enterprise,1,2,0,2,43,2,1
5898,Referral,Healthcare,SMB,1,10,0,2,32,2,0
5899,Paid Search,Healthcare,Mid-Market,5,4,1,3,10,3,1
5900,Paid Search,SaaS,SMB,6,3,0,3,59,2,1
5901,Organic,Healthcare,SMB,2,6,0,4,32,2,0
5902,Organic,Manufacturing,SMB,4,3,0,1,21,1,0
5903,Outbound,Healthcare,SMB,1,10,0,2,26,4,0
5904,Paid Search,SaaS,SMB,7,6,1,2,28,2,1
5905,Organic,Retail,Mid-Market,7,3,0,2,52,6,1
5906,Referral,Healthcare,Mid-Market,4,5,0,4,8,2,1
5907,Webinar,Healthcare,Enterprise,1,11,0,2,1,1,0
5908,Paid Search,Retail,Mid-Market,3,8,0,8,58,3,1
5909,Paid Search,Retail,SMB,2,14,0,1,26,2,0
5910,Paid Search,Finance,Enterprise,6,3,0,3,15,4,0
5911,Paid Search,Retail,SMB,4,7,0,2,54,2,0
5912,Outbound,Healthcare,Mid-Market,1,5,0,1,6,4,0
5913,Outbound,Retail,Mid-Market,6,6,0,6,34,2,0
5914,Webinar,Healthcare,SMB,6,2,0,6,5,0,0
5915,Organic,Healthcare,Mid-Market,3,7,0,1,38,1,1
5916,Referral,SaaS,Mid-Market,3,7,0,1,46,5,0
5917,Paid Search,Retail,Mid-Market,3,7,0,3,59,3,0
5918,Paid Search,Finance,SMB,3,4,0,6,5,6,0
5919,Paid Search,Retail,SMB,2,8,0,1,38,2,1
5920,Webinar,Retail,SMB,2,7,0,3,19,3,1
5921,Referral,Retail,SMB,7,5,1,3,59,2,0
5922,Outbound,Manufacturing,SMB,6,7,0,4,2,4,1
5923,Organic,SaaS,Mid-Market,0,5,0,3,51,1,0
5924,Organic,SaaS,SMB,3,4,0,5,9,5,0
5925,Webinar,Retail,SMB,1,10,0,3,47,5,1
5926,Outbound,SaaS,SMB,6,8,0,1,31,1,1
5927,Organic,Retail,Enterprise,2,7,1,1,38,0,0
5928,Organic,SaaS,SMB,3,6,0,1,51,2,0
5929,Organic,Manufacturing,SMB,3,6,0,2,37,0,0
5930,Referral,Retail,Enterprise,2,10,0,3,46,4,1
5931,Webinar,SaaS,SMB,6,8,0,4,50,1,0
5932,Webinar,Manufacturing,Enterprise,4,4,0,3,6,1,1
5933,Referral,Finance,Mid-Market,4,6,0,2,19,2,1
5934,Webinar,Finance,Mid-Market,3,7,1,2,10,1,0
5935,Referral,SaaS,Mid-Market,7,2,0,1,33,1,1
5936,Referral,Manufacturing,Mid-Market,4,7,0,2,57,1,0
5937,Webinar,Retail,Mid-Market,6,7,0,2,34,0,1
5938,Paid Search,Healthcare,Mid-Market,5,7,0,2,48,0,0
5939,Referral,Finance,Mid-Market,2,9,0,0,19,0,0
5940,Paid Search,Finance,Enterprise,3,7,0,3,28,3,0
5941,Outbound,Retail,SMB,9,7,0,4,30,2,1
5942,Organic,Retail,SMB,3,4,0,2,51,2,0
5943,Organic,SaaS,SMB,6,6,1,6,1,0,0
5944,Paid Search,Healthcare,SMB,2,10,0,2,22,2,1
5945,Paid Search,Finance,Mid-Market,5,7,0,1,2,1,1
5946,Organic,SaaS,Enterprise,4,3,0,3,16,0,0
5947,Webinar,SaaS,Mid-Market,3,1,0,6,55,2,1
5948,Organic,Finance,Enterprise,3,6,0,4,14,0,0
5949,Outbound,Finance,SMB,4,4,0,2,40,1,0
5950,Referral,Healthcare,Mid-Market,3,3,0,2,23,3,1
5951,Organic,Healthcare,SMB,9,6,0,3,40,0,1
5952,Paid Search,Finance,Mid-Market,4,7,0,4,9,5,1
5953,Outbound,Finance,Enterprise,2,6,0,1,30,1,0
5954,Referral,SaaS,Mid-Market,6,8,0,3,37,2,1
5955,Paid Search,Retail,Mid-Market,2,8,0,1,56,0,0
5956,Paid Search,Manufacturing,SMB,3,7,0,4,11,0,0
5957,Organic,SaaS,SMB,4,4,0,0,24,1,0
5958,Paid Search,SaaS,Enterprise,5,8,1,0,22,0,0
5959,Referral,SaaS,Mid-Market,6,5,0,1,33,4,0
5960,Referral,Retail,SMB,6,8,0,1,11,3,0
5961,Outbound,Manufacturing,Mid-Market,5,2,0,4,51,4,1
5962,Organic,SaaS,SMB,3,2,0,4,14,2,1
5963,Organic,Manufacturing,Mid-Market,3,7,0,0,59,1,1
5964,Webinar,Finance,SMB,11,6,1,4,46,2,1
5965,Referral,Manufacturing,SMB,4,4,0,4,20,5,0
5966,Webinar,Manufacturing,SMB,6,8,0,0,26,2,1
5967,Organic,Retail,SMB,1,5,0,4,47,4,0
5968,Outbound,Healthcare,SMB,2,6,0,4,12,1,0
5969,Organic,Finance,SMB,2,7,0,2,29,3,1
5970,Paid Search,Retail,Mid-Market,2,3,0,3,1,1,0
5971,Referral,Manufacturing,SMB,2,3,0,0,33,1,0
5972,Paid Search,SaaS,SMB,5,6,0,1,53,0,0
5973,Paid Search,Retail,Mid-Market,4,5,1,3,50,1,1
5974,Referral,Finance,SMB,3,5,0,3,27,0,0
5975,Outbound,Retail,Mid-Market,5,6,0,1,13,2,0
5976,Outbound,SaaS,Enterprise,5,9,0,3,24,2,1
5977,Paid Search,Retail,SMB,2,4,1,2,31,4,1
5978,Referral,Healthcare,Enterprise,3,5,0,3,45,4,1
5979,Paid Search,SaaS,Mid-Market,6,7,0,4,59,4,1
5980,Paid Search,Healthcare,Enterprise,2,3,0,4,43,2,0
5981,Webinar,Finance,Enterprise,4,6,0,2,2,2,0
5982,Paid Search,Finance,Mid-Market,4,8,0,1,55,2,0
5983,Outbound,Manufacturing,Enterprise,4,4,0,4,52,0,0
5984,Paid Search,Retail,Enterprise,9,5,0,4,47,4,0
5985,Organic,Manufacturing,Enterprise,5,4,0,2,49,2,0
5986,Organic,SaaS,Enterprise,4,4,1,0,31,1,0
5987,Webinar,Manufacturing,Mid-Market,6,7,0,3,9,5,1
5988,Paid Search,Retail,Enterprise,8,7,0,2,1,2,0
5989,Organic,Retail,Mid-Market,2,5,0,3,1,2,0
5990,Webinar,SaaS,SMB,5,4,0,3,10,2,0
5991,Referral,Healthcare,SMB,6,5,0,2,49,2,1
5992,Paid Search,Finance,Mid-Market,5,9,0,2,43,1,1
5993,Webinar,Healthcare,Enterprise,10,9,0,5,33,3,1
5994,Paid Search,Healthcare,SMB,5,7,0,0,37,1,0
5995,Paid Search,Finance,Enterprise,7,10,0,4,55,3,1
5996,Referral,SaaS,SMB,6,4,0,1,7,1,0
5997,Paid Search,Healthcare,Enterprise,7,5,0,1,41,3,0
5998,Paid Search,Healthcare,Enterprise,4,7,0,3,14,0,1
5999,Organic,Retail,Mid-Market,3,5,0,4,33,1,0
6000,Paid Search,Healthcare,SMB,1,9,1,3,60,3,0
